======================================
 Running postprocessing metrics
======================================
[INFO] Current directory:
/srv/data/mohammad.elaabaribao/work/interns/y2026/temp/ds_temp_intern/temp

[INFO] Selected config : config.yaml
[INFO] Selected group  : all


========== MEAN METRICS ==========

--------------------------------------
[BIAS]
Config: era5_mswt/postproc/mean/bias/config.yaml
--------------------------------------
[BIAS] compute
Using device: cpu
=== Temperature bias postprocessing ===
Spatial domain   : land
Save mask        : True
Metric config   : /srv/data/mohammad.elaabaribao/work/interns/y2026/temp/ds_temp_intern/temp/era5_mswt/postproc/mean/bias/config.yaml
Main config     : /srv/data/mohammad.elaabaribao/work/interns/y2026/temp/ds_temp_intern/temp/era5_mswt/main/configs/cnn/config.yaml
Experiment root : /srv/data/mohammad.elaabaribao/work/interns/y2026/temp/ds_temp_intern/temp/era5_mswt/results/cnn_temperature
Prediction file : /srv/data/mohammad.elaabaribao/work/interns/y2026/temp/ds_temp_intern/temp/era5_mswt/results/cnn_temperature/output_data/cnn_predictions_mswt.nc
Observation file: /home/mohammad.elaabaribao/lustre/climat-um6p-st-iwri-7ksifkvwkuy/users/mohammad.elaabaribao/data/obs/mswep/mswt_1979_2020.nc
Time window     : 2006-01-01 -> 2020-12-31
Strategy        : daily_first
Return by year  : False
Min valid       : 10
Seasons         : ['Annual', 'DJF', 'MAM', 'JJA', 'SON']
Data output dir : /srv/data/mohammad.elaabaribao/work/interns/y2026/temp/ds_temp_intern/temp/era5_mswt/postproc/results/cnn_temperature/metrics/bias/data/land
Plot output dir : /srv/data/mohammad.elaabaribao/work/interns/y2026/temp/ds_temp_intern/temp/era5_mswt/postproc/results/cnn_temperature/metrics/bias/plots/land
Prediction units : Unit unknown -> no automatic conversion applied.
Observation units: Already in Celsius.
Aligned shape: pred=(5479, 150, 180), obs=(5479, 150, 180)
Spatial evaluation domain: land
Valid spatial pixels      : 17417
Computation pixels        : 17417

--- Computing bias for Annual ---
Saved NetCDF: /srv/data/mohammad.elaabaribao/work/interns/y2026/temp/ds_temp_intern/temp/era5_mswt/postproc/results/cnn_temperature/metrics/bias/data/land/bias_annual_daily_first_mean_period.nc
  mean=-0.3909, min=-25.0355, max=23.5315, std=0.8256

--- Computing bias for DJF ---
Saved NetCDF: /srv/data/mohammad.elaabaribao/work/interns/y2026/temp/ds_temp_intern/temp/era5_mswt/postproc/results/cnn_temperature/metrics/bias/data/land/bias_djf_daily_first_mean_period.nc
  mean=-0.0938, min=-16.0494, max=21.3967, std=0.6190

--- Computing bias for MAM ---
Saved NetCDF: /srv/data/mohammad.elaabaribao/work/interns/y2026/temp/ds_temp_intern/temp/era5_mswt/postproc/results/cnn_temperature/metrics/bias/data/land/bias_mam_daily_first_mean_period.nc
  mean=-0.6012, min=-24.9775, max=21.5610, std=0.8110

--- Computing bias for JJA ---
Saved NetCDF: /srv/data/mohammad.elaabaribao/work/interns/y2026/temp/ds_temp_intern/temp/era5_mswt/postproc/results/cnn_temperature/metrics/bias/data/land/bias_jja_daily_first_mean_period.nc
  mean=-0.5629, min=-33.0385, max=25.9380, std=1.0725

--- Computing bias for SON ---
Saved NetCDF: /srv/data/mohammad.elaabaribao/work/interns/y2026/temp/ds_temp_intern/temp/era5_mswt/postproc/results/cnn_temperature/metrics/bias/data/land/bias_son_daily_first_mean_period.nc
  mean=-0.2945, min=-25.9450, max=25.1955, std=0.8770

Saved summary CSV: /srv/data/mohammad.elaabaribao/work/interns/y2026/temp/ds_temp_intern/temp/era5_mswt/postproc/results/cnn_temperature/metrics/bias/data/land/bias_summary_daily_first.csv

All bias products saved successfully.
[BIAS] plot
Using device: cpu
=== Temperature bias plotting ===
Spatial domain  : land
Display domain  : land
Metric config   : /srv/data/mohammad.elaabaribao/work/interns/y2026/temp/ds_temp_intern/temp/era5_mswt/postproc/mean/bias/config.yaml
Main config     : /srv/data/mohammad.elaabaribao/work/interns/y2026/temp/ds_temp_intern/temp/era5_mswt/main/configs/cnn/config.yaml
Input data dir  : /srv/data/mohammad.elaabaribao/work/interns/y2026/temp/ds_temp_intern/temp/era5_mswt/postproc/results/cnn_temperature/metrics/bias/data/land
Output plot dir : /srv/data/mohammad.elaabaribao/work/interns/y2026/temp/ds_temp_intern/temp/era5_mswt/postproc/results/cnn_temperature/metrics/bias/plots/land
Strategy        : daily_first
Return by year  : False
[STEP] Plotting annual bias map
[STEP] Plotting DJF bias map
[STEP] Plotting MAM bias map
[STEP] Plotting JJA bias map
[STEP] Plotting SON bias map
[STEP] Plotting grouped seasonal bias panel
[STEP] Plotting seasonal bias boxplot
[STEP] Plotting annual bias boxplot
[SUCCESS] Bias figures saved to: /srv/data/mohammad.elaabaribao/work/interns/y2026/temp/ds_temp_intern/temp/era5_mswt/postproc/results/cnn_temperature/metrics/bias/plots/land
[BIAS] done

--------------------------------------
[RMSE]
Config: era5_mswt/postproc/mean/rmse/config.yaml
--------------------------------------
[RMSE] compute
Using device: cpu
=== Temperature RMSE postprocessing ===
Spatial domain   : land
Save mask        : True
Metric config   : /srv/data/mohammad.elaabaribao/work/interns/y2026/temp/ds_temp_intern/temp/era5_mswt/postproc/mean/rmse/config.yaml
Main config     : /srv/data/mohammad.elaabaribao/work/interns/y2026/temp/ds_temp_intern/temp/era5_mswt/main/configs/cnn/config.yaml
Experiment root : /srv/data/mohammad.elaabaribao/work/interns/y2026/temp/ds_temp_intern/temp/era5_mswt/results/cnn_temperature
Prediction file : /srv/data/mohammad.elaabaribao/work/interns/y2026/temp/ds_temp_intern/temp/era5_mswt/results/cnn_temperature/output_data/cnn_predictions_mswt.nc
Observation file: /home/mohammad.elaabaribao/lustre/climat-um6p-st-iwri-7ksifkvwkuy/users/mohammad.elaabaribao/data/obs/mswep/mswt_1979_2020.nc
Time window     : 2006-01-01 -> 2020-12-31
Strategy        : daily_first
Return by year  : False
Min valid       : 10
Seasons         : ['Annual', 'DJF', 'MAM', 'JJA', 'SON']
Data output dir : /srv/data/mohammad.elaabaribao/work/interns/y2026/temp/ds_temp_intern/temp/era5_mswt/postproc/results/cnn_temperature/metrics/rmse/data/land
Plot output dir : /srv/data/mohammad.elaabaribao/work/interns/y2026/temp/ds_temp_intern/temp/era5_mswt/postproc/results/cnn_temperature/metrics/rmse/plots/land
Prediction units : Unit unknown -> no automatic conversion applied.
Observation units: Already in Celsius.
Aligned shape: pred=(5479, 150, 180), obs=(5479, 150, 180)
Spatial evaluation domain: land
Valid spatial pixels      : 17417
Computation pixels        : 17417

--- Computing RMSE for Annual ---
Saved NetCDF: /srv/data/mohammad.elaabaribao/work/interns/y2026/temp/ds_temp_intern/temp/era5_mswt/postproc/results/cnn_temperature/metrics/rmse/data/land/rmse_annual_daily_first_mean_period.nc
  mean=1.2052, min=0.6589, max=25.9795, std=0.7428

--- Computing RMSE for DJF ---
Saved NetCDF: /srv/data/mohammad.elaabaribao/work/interns/y2026/temp/ds_temp_intern/temp/era5_mswt/postproc/results/cnn_temperature/metrics/rmse/data/land/rmse_djf_daily_first_mean_period.nc
  mean=1.0580, min=0.6096, max=21.4449, std=0.5062

--- Computing RMSE for MAM ---
Saved NetCDF: /srv/data/mohammad.elaabaribao/work/interns/y2026/temp/ds_temp_intern/temp/era5_mswt/postproc/results/cnn_temperature/metrics/rmse/data/land/rmse_mam_daily_first_mean_period.nc
  mean=1.2676, min=0.5607, max=25.2612, std=0.7037

--- Computing RMSE for JJA ---
Saved NetCDF: /srv/data/mohammad.elaabaribao/work/interns/y2026/temp/ds_temp_intern/temp/era5_mswt/postproc/results/cnn_temperature/metrics/rmse/data/land/rmse_jja_daily_first_mean_period.nc
  mean=1.2754, min=0.6401, max=33.0880, std=0.9534

--- Computing RMSE for SON ---
Saved NetCDF: /srv/data/mohammad.elaabaribao/work/interns/y2026/temp/ds_temp_intern/temp/era5_mswt/postproc/results/cnn_temperature/metrics/rmse/data/land/rmse_son_daily_first_mean_period.nc
  mean=1.1401, min=0.6287, max=26.3723, std=0.7712

Saved summary CSV: /srv/data/mohammad.elaabaribao/work/interns/y2026/temp/ds_temp_intern/temp/era5_mswt/postproc/results/cnn_temperature/metrics/rmse/data/land/rmse_summary_daily_first.csv

All RMSE products saved successfully.
[RMSE] plot
Using device: cpu
=== Temperature RMSE plotting ===
Spatial domain  : land
Display domain  : land
Metric config   : /srv/data/mohammad.elaabaribao/work/interns/y2026/temp/ds_temp_intern/temp/era5_mswt/postproc/mean/rmse/config.yaml
Main config     : /srv/data/mohammad.elaabaribao/work/interns/y2026/temp/ds_temp_intern/temp/era5_mswt/main/configs/cnn/config.yaml
Input data dir  : /srv/data/mohammad.elaabaribao/work/interns/y2026/temp/ds_temp_intern/temp/era5_mswt/postproc/results/cnn_temperature/metrics/rmse/data/land
Output plot dir : /srv/data/mohammad.elaabaribao/work/interns/y2026/temp/ds_temp_intern/temp/era5_mswt/postproc/results/cnn_temperature/metrics/rmse/plots/land
Strategy        : daily_first
Return by year  : False
[STEP] Plotting annual RMSE map
[STEP] Plotting DJF RMSE map
[STEP] Plotting MAM RMSE map
[STEP] Plotting JJA RMSE map
[STEP] Plotting SON RMSE map
[STEP] Plotting grouped seasonal RMSE panel
[STEP] Plotting seasonal RMSE boxplot
[STEP] Plotting annual RMSE boxplot
[SUCCESS] RMSE figures saved to: /srv/data/mohammad.elaabaribao/work/interns/y2026/temp/ds_temp_intern/temp/era5_mswt/postproc/results/cnn_temperature/metrics/rmse/plots/land
[RMSE] done

--------------------------------------
[CORRELATION]
Config: era5_mswt/postproc/mean/correlation/config.yaml
--------------------------------------
[CORRELATION] compute
Using device: cpu
=== Temperature correlation postprocessing ===
Spatial domain   : land
Save mask        : True
Metric config   : /srv/data/mohammad.elaabaribao/work/interns/y2026/temp/ds_temp_intern/temp/era5_mswt/postproc/mean/correlation/config.yaml
Main config     : /srv/data/mohammad.elaabaribao/work/interns/y2026/temp/ds_temp_intern/temp/era5_mswt/main/configs/cnn/config.yaml
Experiment root : /srv/data/mohammad.elaabaribao/work/interns/y2026/temp/ds_temp_intern/temp/era5_mswt/results/cnn_temperature
Prediction file : /srv/data/mohammad.elaabaribao/work/interns/y2026/temp/ds_temp_intern/temp/era5_mswt/results/cnn_temperature/output_data/cnn_predictions_mswt.nc
Observation file: /home/mohammad.elaabaribao/lustre/climat-um6p-st-iwri-7ksifkvwkuy/users/mohammad.elaabaribao/data/obs/mswep/mswt_1979_2020.nc
Time window     : 2006-01-01 -> 2020-12-31
Window (CORR D) : 31
Min valid       : 10
Seasons         : ['Annual', 'DJF', 'MAM', 'JJA', 'SON']
corr_d data dir : /srv/data/mohammad.elaabaribao/work/interns/y2026/temp/ds_temp_intern/temp/era5_mswt/postproc/results/cnn_temperature/metrics/corr_d/data/land
corr_d plot dir : /srv/data/mohammad.elaabaribao/work/interns/y2026/temp/ds_temp_intern/temp/era5_mswt/postproc/results/cnn_temperature/metrics/corr_d/plots/land
Prediction units : Unit unknown -> no automatic conversion applied.
Observation units: Already in Celsius.
Aligned shape    : pred=(5479, 150, 180), obs=(5479, 150, 180)
Spatial evaluation domain: land
Valid spatial pixels      : 17417
Computation pixels        : 17417

--- Computing correlations for Annual ---
Saved: /srv/data/mohammad.elaabaribao/work/interns/y2026/temp/ds_temp_intern/temp/era5_mswt/postproc/results/cnn_temperature/metrics/corr_d/data/land/corr_d_annual_mean_period.nc
  CORR D mean=0.9207, min=0.5640, max=0.9631

--- Computing correlations for DJF ---
Saved: /srv/data/mohammad.elaabaribao/work/interns/y2026/temp/ds_temp_intern/temp/era5_mswt/postproc/results/cnn_temperature/metrics/corr_d/data/land/corr_d_djf_mean_period.nc
  CORR D mean=0.9218, min=0.4944, max=0.9623

--- Computing correlations for MAM ---
Saved: /srv/data/mohammad.elaabaribao/work/interns/y2026/temp/ds_temp_intern/temp/era5_mswt/postproc/results/cnn_temperature/metrics/corr_d/data/land/corr_d_mam_mean_period.nc
  CORR D mean=0.9418, min=0.5778, max=0.9760

--- Computing correlations for JJA ---
Saved: /srv/data/mohammad.elaabaribao/work/interns/y2026/temp/ds_temp_intern/temp/era5_mswt/postproc/results/cnn_temperature/metrics/corr_d/data/land/corr_d_jja_mean_period.nc
  CORR D mean=0.8823, min=0.3294, max=0.9677

--- Computing correlations for SON ---
Saved: /srv/data/mohammad.elaabaribao/work/interns/y2026/temp/ds_temp_intern/temp/era5_mswt/postproc/results/cnn_temperature/metrics/corr_d/data/land/corr_d_son_mean_period.nc
  CORR D mean=0.9124, min=0.5226, max=0.9615

Saved summary CSV: /srv/data/mohammad.elaabaribao/work/interns/y2026/temp/ds_temp_intern/temp/era5_mswt/postproc/results/cnn_temperature/metrics/corr_d/data/land/corr_d_summary.csv

All correlation products saved successfully.
[CORRELATION] plot
Using device: cpu
=== Temperature correlation plotting ===
Spatial domain  : land
Display domain  : land
Metric config   : /srv/data/mohammad.elaabaribao/work/interns/y2026/temp/ds_temp_intern/temp/era5_mswt/postproc/mean/correlation/config.yaml
Main config     : /srv/data/mohammad.elaabaribao/work/interns/y2026/temp/ds_temp_intern/temp/era5_mswt/main/configs/cnn/config.yaml
Experiment root : /srv/data/mohammad.elaabaribao/work/interns/y2026/temp/ds_temp_intern/temp/era5_mswt/results/cnn_temperature
Selected seasons: ['Annual', 'DJF', 'MAM', 'JJA', 'SON']

=== Plotting corr_d ===
Spatial domain  : land
Display domain  : land
Input data dir  : /srv/data/mohammad.elaabaribao/work/interns/y2026/temp/ds_temp_intern/temp/era5_mswt/postproc/results/cnn_temperature/metrics/corr_d/data/land
Output plot dir : /srv/data/mohammad.elaabaribao/work/interns/y2026/temp/ds_temp_intern/temp/era5_mswt/postproc/results/cnn_temperature/metrics/corr_d/plots/land
[STEP] Plotting annual corr_d map
[STEP] Plotting DJF corr_d map
[STEP] Plotting MAM corr_d map
[STEP] Plotting JJA corr_d map
[STEP] Plotting SON corr_d map
[STEP] Plotting seasonal corr_d panel
[STEP] Plotting seasonal corr_d boxplot
[STEP] Plotting annual corr_d boxplot
[SUCCESS] corr_d figures saved to: /srv/data/mohammad.elaabaribao/work/interns/y2026/temp/ds_temp_intern/temp/era5_mswt/postproc/results/cnn_temperature/metrics/corr_d/plots/land

All correlation figures saved successfully.
[CORRELATION] done

========== EXTREME METRICS ==========

--------------------------------------
[B02]
Config: era5_mswt/postproc/extreme/b02/config.yaml
--------------------------------------
[B02] compute
Using device: cpu
=== Temperature B-02 postprocessing ===
Spatial domain   : land
Save mask        : True
Metric config   : /srv/data/mohammad.elaabaribao/work/interns/y2026/temp/ds_temp_intern/temp/era5_mswt/postproc/extreme/b02/config.yaml
Main config     : /srv/data/mohammad.elaabaribao/work/interns/y2026/temp/ds_temp_intern/temp/era5_mswt/main/configs/cnn/config.yaml
Experiment root : /srv/data/mohammad.elaabaribao/work/interns/y2026/temp/ds_temp_intern/temp/era5_mswt/results/cnn_temperature
Prediction file : /srv/data/mohammad.elaabaribao/work/interns/y2026/temp/ds_temp_intern/temp/era5_mswt/results/cnn_temperature/output_data/cnn_predictions_mswt.nc
Observation file: /home/mohammad.elaabaribao/lustre/climat-um6p-st-iwri-7ksifkvwkuy/users/mohammad.elaabaribao/data/obs/mswep/mswt_1979_2020.nc
Time window     : 2006-01-01 -> 2020-12-31
Quantile        : 0.02
Min valid       : 10
Seasons         : ['Annual', 'DJF', 'MAM', 'JJA', 'SON']
Data output dir : /srv/data/mohammad.elaabaribao/work/interns/y2026/temp/ds_temp_intern/temp/era5_mswt/postproc/results/cnn_temperature/metrics/b02/data/land
Plot output dir : /srv/data/mohammad.elaabaribao/work/interns/y2026/temp/ds_temp_intern/temp/era5_mswt/postproc/results/cnn_temperature/metrics/b02/plots/land
Prediction units : Unit unknown -> no automatic conversion applied.
Observation units: Already in Celsius.
Aligned shape    : pred=(5479, 150, 180), obs=(5479, 150, 180)
Spatial evaluation domain: land
Valid spatial pixels      : 17417
Computation pixels        : 17417

--- Computing B-02 for Annual ---
Saved: /srv/data/mohammad.elaabaribao/work/interns/y2026/temp/ds_temp_intern/temp/era5_mswt/postproc/results/cnn_temperature/metrics/b02/data/land/b02_annual_mean_period.nc
  mean=0.0630, min=-13.0779, max=19.9728

--- Computing B-02 for DJF ---
Saved: /srv/data/mohammad.elaabaribao/work/interns/y2026/temp/ds_temp_intern/temp/era5_mswt/postproc/results/cnn_temperature/metrics/b02/data/land/b02_djf_mean_period.nc
  mean=0.2059, min=-12.0358, max=19.2669

--- Computing B-02 for MAM ---
Saved: /srv/data/mohammad.elaabaribao/work/interns/y2026/temp/ds_temp_intern/temp/era5_mswt/postproc/results/cnn_temperature/metrics/b02/data/land/b02_mam_mean_period.nc
  mean=-0.5612, min=-18.1660, max=19.1566

--- Computing B-02 for JJA ---
Saved: /srv/data/mohammad.elaabaribao/work/interns/y2026/temp/ds_temp_intern/temp/era5_mswt/postproc/results/cnn_temperature/metrics/b02/data/land/b02_jja_mean_period.nc
  mean=-0.2719, min=-29.5483, max=23.8485

--- Computing B-02 for SON ---
Saved: /srv/data/mohammad.elaabaribao/work/interns/y2026/temp/ds_temp_intern/temp/era5_mswt/postproc/results/cnn_temperature/metrics/b02/data/land/b02_son_mean_period.nc
  mean=-0.2289, min=-17.3377, max=21.5315

Saved summary CSV: /srv/data/mohammad.elaabaribao/work/interns/y2026/temp/ds_temp_intern/temp/era5_mswt/postproc/results/cnn_temperature/metrics/b02/data/land/b02_summary.csv

All B-02 products saved successfully.
[B02] plot
Using device: cpu
=== Temperature B-02 plotting ===
Spatial domain  : land
Display domain  : land
Metric config   : /srv/data/mohammad.elaabaribao/work/interns/y2026/temp/ds_temp_intern/temp/era5_mswt/postproc/extreme/b02/config.yaml
Main config     : /srv/data/mohammad.elaabaribao/work/interns/y2026/temp/ds_temp_intern/temp/era5_mswt/main/configs/cnn/config.yaml
Input data dir  : /srv/data/mohammad.elaabaribao/work/interns/y2026/temp/ds_temp_intern/temp/era5_mswt/postproc/results/cnn_temperature/metrics/b02/data/land
Output plot dir : /srv/data/mohammad.elaabaribao/work/interns/y2026/temp/ds_temp_intern/temp/era5_mswt/postproc/results/cnn_temperature/metrics/b02/plots/land
[STEP] Plotting annual P02 comparison
[STEP] Plotting annual B-02 map
[STEP] Plotting DJF B-02 map
[STEP] Plotting MAM B-02 map
[STEP] Plotting JJA B-02 map
[STEP] Plotting SON B-02 map
[STEP] Plotting grouped seasonal B-02 panel
[STEP] Plotting seasonal B-02 boxplot
[STEP] Plotting annual B-02 boxplot
[SUCCESS] B-02 figures saved to: /srv/data/mohammad.elaabaribao/work/interns/y2026/temp/ds_temp_intern/temp/era5_mswt/postproc/results/cnn_temperature/metrics/b02/plots/land
[B02] done

--------------------------------------
[B98]
Config: era5_mswt/postproc/extreme/b98/config.yaml
--------------------------------------
[B98] compute
Using device: cpu
=== Temperature B-98 postprocessing ===
Spatial domain   : land
Save mask        : True
Metric config   : /srv/data/mohammad.elaabaribao/work/interns/y2026/temp/ds_temp_intern/temp/era5_mswt/postproc/extreme/b98/config.yaml
Main config     : /srv/data/mohammad.elaabaribao/work/interns/y2026/temp/ds_temp_intern/temp/era5_mswt/main/configs/cnn/config.yaml
Experiment root : /srv/data/mohammad.elaabaribao/work/interns/y2026/temp/ds_temp_intern/temp/era5_mswt/results/cnn_temperature
Prediction file : /srv/data/mohammad.elaabaribao/work/interns/y2026/temp/ds_temp_intern/temp/era5_mswt/results/cnn_temperature/output_data/cnn_predictions_mswt.nc
Observation file: /home/mohammad.elaabaribao/lustre/climat-um6p-st-iwri-7ksifkvwkuy/users/mohammad.elaabaribao/data/obs/mswep/mswt_1979_2020.nc
Time window     : 2006-01-01 -> 2020-12-31
Quantile        : 0.98
Min valid       : 10
Seasons         : ['Annual', 'DJF', 'MAM', 'JJA', 'SON']
Data output dir : /srv/data/mohammad.elaabaribao/work/interns/y2026/temp/ds_temp_intern/temp/era5_mswt/postproc/results/cnn_temperature/metrics/b98/data/land
Plot output dir : /srv/data/mohammad.elaabaribao/work/interns/y2026/temp/ds_temp_intern/temp/era5_mswt/postproc/results/cnn_temperature/metrics/b98/plots/land
Prediction units : Unit unknown -> no automatic conversion applied.
Observation units: Already in Celsius.
Aligned shape    : pred=(5479, 150, 180), obs=(5479, 150, 180)
Spatial evaluation domain: land
Valid spatial pixels      : 17417
Computation pixels        : 17417

--- Computing B-98 for Annual ---
Saved: /srv/data/mohammad.elaabaribao/work/interns/y2026/temp/ds_temp_intern/temp/era5_mswt/postproc/results/cnn_temperature/metrics/b98/data/land/b98_annual_mean_period.nc
  mean=-1.1483, min=-34.4411, max=24.9998

--- Computing B-98 for DJF ---
Saved: /srv/data/mohammad.elaabaribao/work/interns/y2026/temp/ds_temp_intern/temp/era5_mswt/postproc/results/cnn_temperature/metrics/b98/data/land/b98_djf_mean_period.nc
  mean=-0.4502, min=-21.1017, max=22.5268

--- Computing B-98 for MAM ---
Saved: /srv/data/mohammad.elaabaribao/work/interns/y2026/temp/ds_temp_intern/temp/era5_mswt/postproc/results/cnn_temperature/metrics/b98/data/land/b98_mam_mean_period.nc
  mean=-1.2328, min=-31.3262, max=22.7360

--- Computing B-98 for JJA ---
Saved: /srv/data/mohammad.elaabaribao/work/interns/y2026/temp/ds_temp_intern/temp/era5_mswt/postproc/results/cnn_temperature/metrics/b98/data/land/b98_jja_mean_period.nc
  mean=-1.3665, min=-34.8426, max=24.8269

--- Computing B-98 for SON ---
Saved: /srv/data/mohammad.elaabaribao/work/interns/y2026/temp/ds_temp_intern/temp/era5_mswt/postproc/results/cnn_temperature/metrics/b98/data/land/b98_son_mean_period.nc
  mean=-0.7641, min=-32.5982, max=25.4036

Saved summary CSV: /srv/data/mohammad.elaabaribao/work/interns/y2026/temp/ds_temp_intern/temp/era5_mswt/postproc/results/cnn_temperature/metrics/b98/data/land/b98_summary.csv

All B-98 products saved successfully.
[B98] plot
Using device: cpu
=== Temperature B-98 plotting ===
Spatial domain  : land
Display domain  : land
Metric config   : /srv/data/mohammad.elaabaribao/work/interns/y2026/temp/ds_temp_intern/temp/era5_mswt/postproc/extreme/b98/config.yaml
Main config     : /srv/data/mohammad.elaabaribao/work/interns/y2026/temp/ds_temp_intern/temp/era5_mswt/main/configs/cnn/config.yaml
Input data dir  : /srv/data/mohammad.elaabaribao/work/interns/y2026/temp/ds_temp_intern/temp/era5_mswt/postproc/results/cnn_temperature/metrics/b98/data/land
Output plot dir : /srv/data/mohammad.elaabaribao/work/interns/y2026/temp/ds_temp_intern/temp/era5_mswt/postproc/results/cnn_temperature/metrics/b98/plots/land
[STEP] Plotting annual P98 comparison
[STEP] Plotting annual B-98 map
[STEP] Plotting DJF B-98 map
[STEP] Plotting MAM B-98 map
[STEP] Plotting JJA B-98 map
[STEP] Plotting SON B-98 map
[STEP] Plotting grouped seasonal B-98 panel
[STEP] Plotting seasonal B-98 boxplot
[STEP] Plotting annual B-98 boxplot
[SUCCESS] B-98 figures saved to: /srv/data/mohammad.elaabaribao/work/interns/y2026/temp/ds_temp_intern/temp/era5_mswt/postproc/results/cnn_temperature/metrics/b98/plots/land
[B98] done

--------------------------------------
[CAMS]
Config: era5_mswt/postproc/extreme/cams/config.yaml
--------------------------------------
[CAMS] compute
Using device: cpu
=== Temperature CAMS postprocessing ===
Spatial domain   : land
Save mask        : True
Metric config     : /srv/data/mohammad.elaabaribao/work/interns/y2026/temp/ds_temp_intern/temp/era5_mswt/postproc/extreme/cams/config.yaml
Main config       : /srv/data/mohammad.elaabaribao/work/interns/y2026/temp/ds_temp_intern/temp/era5_mswt/main/configs/cnn/config.yaml
Experiment root   : /srv/data/mohammad.elaabaribao/work/interns/y2026/temp/ds_temp_intern/temp/era5_mswt/results/cnn_temperature
Prediction file   : /srv/data/mohammad.elaabaribao/work/interns/y2026/temp/ds_temp_intern/temp/era5_mswt/results/cnn_temperature/output_data/cnn_predictions_mswt.nc
Observation file  : /home/mohammad.elaabaribao/lustre/climat-um6p-st-iwri-7ksifkvwkuy/users/mohammad.elaabaribao/data/obs/mswep/mswt_1979_2020.nc
Time window       : 2006-01-01 -> 2020-12-31
Threshold quantile: 0.1
Min spell length  : 2
Min valid days    : 10
Min valid years   : 1
Data output dir   : /srv/data/mohammad.elaabaribao/work/interns/y2026/temp/ds_temp_intern/temp/era5_mswt/postproc/results/cnn_temperature/metrics/cams/data/land
Plot output dir   : /srv/data/mohammad.elaabaribao/work/interns/y2026/temp/ds_temp_intern/temp/era5_mswt/postproc/results/cnn_temperature/metrics/cams/plots/land
Prediction units : Unit unknown -> no automatic conversion applied.
Observation units: Already in Celsius.
Aligned shape    : pred=(5479, 150, 180), obs=(5479, 150, 180)
Spatial evaluation domain: land
Valid spatial pixels      : 17417
Computation pixels        : 17417
Saved summary CSV: /srv/data/mohammad.elaabaribao/work/interns/y2026/temp/ds_temp_intern/temp/era5_mswt/postproc/results/cnn_temperature/metrics/cams/data/land/cams_summary.csv
Saved: /srv/data/mohammad.elaabaribao/work/interns/y2026/temp/ds_temp_intern/temp/era5_mswt/postproc/results/cnn_temperature/metrics/cams/data/land/cams_annual_mean_period.nc
  bCAMS mean=0.7017, min=-9.0000, max=8.0000

CAMS products saved successfully.
[CAMS] plot
Using device: cpu
=== Temperature CAMS plotting ===
Spatial domain  : land
Display domain  : land
Metric config   : /srv/data/mohammad.elaabaribao/work/interns/y2026/temp/ds_temp_intern/temp/era5_mswt/postproc/extreme/cams/config.yaml
Main config     : /srv/data/mohammad.elaabaribao/work/interns/y2026/temp/ds_temp_intern/temp/era5_mswt/main/configs/cnn/config.yaml
Input data dir  : /srv/data/mohammad.elaabaribao/work/interns/y2026/temp/ds_temp_intern/temp/era5_mswt/postproc/results/cnn_temperature/metrics/cams/data/land
Output plot dir : /srv/data/mohammad.elaabaribao/work/interns/y2026/temp/ds_temp_intern/temp/era5_mswt/postproc/results/cnn_temperature/metrics/cams/plots/land
[STEP] Loading CAMS fields
[STEP] Plotting annual CAMS comparison
[STEP] Plotting annual bCAMS map
[STEP] Plotting annual bCAMS boxplot
[SUCCESS] CAMS figures saved to: /srv/data/mohammad.elaabaribao/work/interns/y2026/temp/ds_temp_intern/temp/era5_mswt/postproc/results/cnn_temperature/metrics/cams/plots/land
[CAMS] done

--------------------------------------
[WAMS]
Config: era5_mswt/postproc/extreme/wams/config.yaml
--------------------------------------
[WAMS] compute
Using device: cpu
=== Temperature WAMS postprocessing ===
Spatial domain   : land
Save mask        : True
Metric config     : /srv/data/mohammad.elaabaribao/work/interns/y2026/temp/ds_temp_intern/temp/era5_mswt/postproc/extreme/wams/config.yaml
Main config       : /srv/data/mohammad.elaabaribao/work/interns/y2026/temp/ds_temp_intern/temp/era5_mswt/main/configs/cnn/config.yaml
Experiment root   : /srv/data/mohammad.elaabaribao/work/interns/y2026/temp/ds_temp_intern/temp/era5_mswt/results/cnn_temperature
Prediction file   : /srv/data/mohammad.elaabaribao/work/interns/y2026/temp/ds_temp_intern/temp/era5_mswt/results/cnn_temperature/output_data/cnn_predictions_mswt.nc
Observation file  : /home/mohammad.elaabaribao/lustre/climat-um6p-st-iwri-7ksifkvwkuy/users/mohammad.elaabaribao/data/obs/mswep/mswt_1979_2020.nc
Time window       : 2006-01-01 -> 2020-12-31
Threshold quantile: 0.9
Min spell length  : 2
Min valid days    : 10
Min valid years   : 1
Data output dir   : /srv/data/mohammad.elaabaribao/work/interns/y2026/temp/ds_temp_intern/temp/era5_mswt/postproc/results/cnn_temperature/metrics/wams/data/land
Plot output dir   : /srv/data/mohammad.elaabaribao/work/interns/y2026/temp/ds_temp_intern/temp/era5_mswt/postproc/results/cnn_temperature/metrics/wams/plots/land
Prediction units : Unit unknown -> no automatic conversion applied.
Observation units: Already in Celsius.
Aligned shape    : pred=(5479, 150, 180), obs=(5479, 150, 180)
Spatial evaluation domain: land
Valid spatial pixels      : 17417
Computation pixels        : 17417
Saved summary CSV: /srv/data/mohammad.elaabaribao/work/interns/y2026/temp/ds_temp_intern/temp/era5_mswt/postproc/results/cnn_temperature/metrics/wams/data/land/wams_summary.csv
Saved: /srv/data/mohammad.elaabaribao/work/interns/y2026/temp/ds_temp_intern/temp/era5_mswt/postproc/results/cnn_temperature/metrics/wams/data/land/wams_annual_mean_period.nc
  bWAMS mean=0.2800, min=-6.0000, max=5.0000

WAMS products saved successfully.
[WAMS] plot
Using device: cpu
=== Temperature WAMS plotting ===
Spatial domain  : land
Display domain  : land
Metric config   : /srv/data/mohammad.elaabaribao/work/interns/y2026/temp/ds_temp_intern/temp/era5_mswt/postproc/extreme/wams/config.yaml
Main config     : /srv/data/mohammad.elaabaribao/work/interns/y2026/temp/ds_temp_intern/temp/era5_mswt/main/configs/cnn/config.yaml
Input data dir  : /srv/data/mohammad.elaabaribao/work/interns/y2026/temp/ds_temp_intern/temp/era5_mswt/postproc/results/cnn_temperature/metrics/wams/data/land
Output plot dir : /srv/data/mohammad.elaabaribao/work/interns/y2026/temp/ds_temp_intern/temp/era5_mswt/postproc/results/cnn_temperature/metrics/wams/plots/land
[STEP] Loading WAMS fields
[STEP] Plotting annual WAMS comparison
[STEP] Plotting annual bWAMS map
[STEP] Plotting annual bWAMS boxplot
[SUCCESS] WAMS figures saved to: /srv/data/mohammad.elaabaribao/work/interns/y2026/temp/ds_temp_intern/temp/era5_mswt/postproc/results/cnn_temperature/metrics/wams/plots/land
[WAMS] done

========== TEMPORAL METRICS ==========

--------------------------------------
[AC1]
Config: era5_mswt/postproc/temporal/ac1/config.yaml
--------------------------------------
[AC1] compute
Using device: cpu
=== Temperature AC1 postprocessing ===
Spatial domain   : land
Save mask        : True
Metric config   : /srv/data/mohammad.elaabaribao/work/interns/y2026/temp/ds_temp_intern/temp/era5_mswt/postproc/temporal/ac1/config.yaml
Main config     : /srv/data/mohammad.elaabaribao/work/interns/y2026/temp/ds_temp_intern/temp/era5_mswt/main/configs/cnn/config.yaml
Experiment root : /srv/data/mohammad.elaabaribao/work/interns/y2026/temp/ds_temp_intern/temp/era5_mswt/results/cnn_temperature
Prediction file : /srv/data/mohammad.elaabaribao/work/interns/y2026/temp/ds_temp_intern/temp/era5_mswt/results/cnn_temperature/output_data/cnn_predictions_mswt.nc
Observation file: /home/mohammad.elaabaribao/lustre/climat-um6p-st-iwri-7ksifkvwkuy/users/mohammad.elaabaribao/data/obs/mswep/mswt_1979_2020.nc
Time window     : 2006-01-01 -> 2020-12-31
Min valid pairs : 10
Data output dir : /srv/data/mohammad.elaabaribao/work/interns/y2026/temp/ds_temp_intern/temp/era5_mswt/postproc/results/cnn_temperature/metrics/ac1/data/land
Plot output dir : /srv/data/mohammad.elaabaribao/work/interns/y2026/temp/ds_temp_intern/temp/era5_mswt/postproc/results/cnn_temperature/metrics/ac1/plots/land
Prediction units : Unit unknown -> no automatic conversion applied.
Observation units: Already in Celsius.
Aligned shape    : pred=(5479, 150, 180), obs=(5479, 150, 180)
Spatial evaluation domain: land
Valid spatial pixels      : 17417
Computation pixels        : 17417
Saved summary CSV: /srv/data/mohammad.elaabaribao/work/interns/y2026/temp/ds_temp_intern/temp/era5_mswt/postproc/results/cnn_temperature/metrics/ac1/data/land/ac1_summary.csv
Saved: /srv/data/mohammad.elaabaribao/work/interns/y2026/temp/ds_temp_intern/temp/era5_mswt/postproc/results/cnn_temperature/metrics/ac1/data/land/ac1_annual_mean_period.nc
  bAC1 mean=0.0047, min=-0.1774, max=0.0673

AC1 products saved successfully.
[AC1] plot
Using device: cpu
=== Temperature AC1 plotting ===
Spatial domain  : land
Display domain  : land
Metric config   : /srv/data/mohammad.elaabaribao/work/interns/y2026/temp/ds_temp_intern/temp/era5_mswt/postproc/temporal/ac1/config.yaml
Main config     : /srv/data/mohammad.elaabaribao/work/interns/y2026/temp/ds_temp_intern/temp/era5_mswt/main/configs/cnn/config.yaml
Input data dir  : /srv/data/mohammad.elaabaribao/work/interns/y2026/temp/ds_temp_intern/temp/era5_mswt/postproc/results/cnn_temperature/metrics/ac1/data/land
Output plot dir : /srv/data/mohammad.elaabaribao/work/interns/y2026/temp/ds_temp_intern/temp/era5_mswt/postproc/results/cnn_temperature/metrics/ac1/plots/land
[STEP] Loading AC1 fields
[STEP] Plotting annual AC1 comparison
[STEP] Plotting annual bAC1 map
[STEP] Plotting annual bAC1 boxplot
[SUCCESS] AC1 figures saved to: /srv/data/mohammad.elaabaribao/work/interns/y2026/temp/ds_temp_intern/temp/era5_mswt/postproc/results/cnn_temperature/metrics/ac1/plots/land
[AC1] done

--------------------------------------
[RSTD]
Config: era5_mswt/postproc/temporal/rstd/config.yaml
--------------------------------------
[RSTD] compute
Using device: cpu
=== Temperature RSTD postprocessing ===
Spatial domain   : land
Save mask        : True
Metric config   : /srv/data/mohammad.elaabaribao/work/interns/y2026/temp/ds_temp_intern/temp/era5_mswt/postproc/temporal/rstd/config.yaml
Main config     : /srv/data/mohammad.elaabaribao/work/interns/y2026/temp/ds_temp_intern/temp/era5_mswt/main/configs/cnn/config.yaml
Experiment root : /srv/data/mohammad.elaabaribao/work/interns/y2026/temp/ds_temp_intern/temp/era5_mswt/results/cnn_temperature
Prediction file : /srv/data/mohammad.elaabaribao/work/interns/y2026/temp/ds_temp_intern/temp/era5_mswt/results/cnn_temperature/output_data/cnn_predictions_mswt.nc
Observation file: /home/mohammad.elaabaribao/lustre/climat-um6p-st-iwri-7ksifkvwkuy/users/mohammad.elaabaribao/data/obs/mswep/mswt_1979_2020.nc
Time window     : 2006-01-01 -> 2020-12-31
Window          : 31
Min valid       : 10
Data output dir : /srv/data/mohammad.elaabaribao/work/interns/y2026/temp/ds_temp_intern/temp/era5_mswt/postproc/results/cnn_temperature/metrics/rstd/data/land
Plot output dir : /srv/data/mohammad.elaabaribao/work/interns/y2026/temp/ds_temp_intern/temp/era5_mswt/postproc/results/cnn_temperature/metrics/rstd/plots/land
Prediction units : Unit unknown -> no automatic conversion applied.
Observation units: Already in Celsius.
Aligned shape    : pred=(5479, 150, 180), obs=(5479, 150, 180)
Spatial evaluation domain: land
Valid spatial pixels      : 17417
Computation pixels        : 17417
Saved summary CSV: /srv/data/mohammad.elaabaribao/work/interns/y2026/temp/ds_temp_intern/temp/era5_mswt/postproc/results/cnn_temperature/metrics/rstd/data/land/rstd_summary.csv
Saved: /srv/data/mohammad.elaabaribao/work/interns/y2026/temp/ds_temp_intern/temp/era5_mswt/postproc/results/cnn_temperature/metrics/rstd/data/land/rstd_annual_mean_period.nc
  RSTD mean=0.9329, min=0.1914, max=1.4010

RSTD products saved successfully.
[RSTD] plot
/srv/data/mohammad.elaabaribao/work/interns/y2026/temp/ds_temp_intern/temp/era5_mswt/postproc/temporal/rstd/plot.py:355: MatplotlibDeprecationWarning: The 'labels' parameter of boxplot() has been renamed 'tick_labels' since Matplotlib 3.9; support for the old name will be dropped in 3.11.
  ax.boxplot(
Using device: cpu
=== Temperature RSTD plotting ===
Spatial domain  : land
Display domain  : land
Metric config   : /srv/data/mohammad.elaabaribao/work/interns/y2026/temp/ds_temp_intern/temp/era5_mswt/postproc/temporal/rstd/config.yaml
Main config     : /srv/data/mohammad.elaabaribao/work/interns/y2026/temp/ds_temp_intern/temp/era5_mswt/main/configs/cnn/config.yaml
Input data dir  : /srv/data/mohammad.elaabaribao/work/interns/y2026/temp/ds_temp_intern/temp/era5_mswt/postproc/results/cnn_temperature/metrics/rstd/data/land
Output plot dir : /srv/data/mohammad.elaabaribao/work/interns/y2026/temp/ds_temp_intern/temp/era5_mswt/postproc/results/cnn_temperature/metrics/rstd/plots/land
[STEP] Loading RSTD fields
[STEP] Plotting annual standard deviation comparison
[STEP] Plotting annual RSTD map
[STEP] Plotting annual RSTD boxplot
[SUCCESS] RSTD figures saved to: /srv/data/mohammad.elaabaribao/work/interns/y2026/temp/ds_temp_intern/temp/era5_mswt/postproc/results/cnn_temperature/metrics/rstd/plots/land
[RSTD] done

======================================
 Postprocessing finished successfully
======================================
======================================
 Running postprocessing metrics
======================================
[INFO] Current directory:
/srv/data/mohammad.elaabaribao/work/interns/y2026/temp/ds_temp_intern/temp

[INFO] Selected config : config.yaml
[INFO] Selected group  : all


========== MEAN METRICS ==========

--------------------------------------
[BIAS]
Config: era5_mswt/postproc/mean/bias/config.yaml
--------------------------------------
[BIAS] compute
Traceback (most recent call last):
  File "/home/mohammad.elaabaribao/.conda/envs/clean_env_Pytorch/lib/python3.9/runpy.py", line 197, in _run_module_as_main
    return _run_code(code, main_globals, None,
  File "/home/mohammad.elaabaribao/.conda/envs/clean_env_Pytorch/lib/python3.9/runpy.py", line 87, in _run_code
    exec(code, run_globals)
  File "/srv/data/mohammad.elaabaribao/work/interns/y2026/temp/ds_temp_intern/temp/era5_mswt/postproc/mean/bias/bias.py", line 509, in <module>
    main()
  File "/srv/data/mohammad.elaabaribao/work/interns/y2026/temp/ds_temp_intern/temp/era5_mswt/postproc/mean/bias/bias.py", line 348, in main
    pred_path, obs_path = get_prediction_and_reference_paths(metric_cfg, cfg)
  File "/srv/data/mohammad.elaabaribao/work/interns/y2026/temp/ds_temp_intern/temp/era5_mswt/postproc/mean/bias/bias.py", line 297, in get_prediction_and_reference_paths
    pred_path = pred_override if pred_override is not None else build_prediction_path(cfg)
  File "/srv/data/mohammad.elaabaribao/work/interns/y2026/temp/ds_temp_intern/temp/era5_mswt/postproc/mean/bias/bias.py", line 151, in build_prediction_path
    raise FileNotFoundError(
FileNotFoundError: No prediction file found. Tried:
temp/era5_mswt/results/cnn_temperature/output_data/cnn_predictions_cnn_temperature.nc
temp/era5_mswt/results/cnn_temperature/output_data/cnn_predictions_era5_to_mswt.nc
temp/era5_mswt/results/cnn_temperature/output_data/cnn_predictions_mswt.nc
temp/era5_mswt/results/cnn_temperature/output_data/cnn_predictions_era5_to_mswt.nc
Using device: cpu
======================================
 Running postprocessing metrics
======================================
[INFO] Current directory:
/srv/data/mohammad.elaabaribao/work/interns/y2026/temp/ds_temp_intern/temp

[INFO] Selected config : config.yaml
[INFO] Selected group  : all


========== MEAN METRICS ==========

--------------------------------------
[BIAS]
Config: era5_mswt/postproc/mean/bias/config.yaml
--------------------------------------
[BIAS] compute
Using device: cpu
=== Temperature bias postprocessing ===
Spatial domain   : land
Save mask        : True
Metric config   : /srv/data/mohammad.elaabaribao/work/interns/y2026/temp/ds_temp_intern/temp/era5_mswt/postproc/mean/bias/config.yaml
Main config     : /srv/data/mohammad.elaabaribao/work/interns/y2026/temp/ds_temp_intern/temp/era5_mswt/main/configs/cnn/config_cnn1.yaml
Experiment root : /srv/data/mohammad.elaabaribao/work/interns/y2026/temp/ds_temp_intern/temp/era5_mswt/results/cnn1_temperature
Prediction file : /srv/data/mohammad.elaabaribao/work/interns/y2026/temp/ds_temp_intern/temp/era5_mswt/results/cnn1_temperature/output_data/cnn_predictions_mswt.nc
Observation file: /home/mohammad.elaabaribao/lustre/climat-um6p-st-iwri-7ksifkvwkuy/users/mohammad.elaabaribao/data/obs/mswep/mswt_1979_2020.nc
Time window     : 2006-01-01 -> 2020-12-31
Strategy        : daily_first
Return by year  : False
Min valid       : 10
Seasons         : ['Annual', 'DJF', 'MAM', 'JJA', 'SON']
Data output dir : /srv/data/mohammad.elaabaribao/work/interns/y2026/temp/ds_temp_intern/temp/era5_mswt/postproc/results/cnn1_temperature/metrics/bias/data/land
Plot output dir : /srv/data/mohammad.elaabaribao/work/interns/y2026/temp/ds_temp_intern/temp/era5_mswt/postproc/results/cnn1_temperature/metrics/bias/plots/land
Prediction units : Unit unknown -> no automatic conversion applied.
Observation units: Already in Celsius.
Aligned shape: pred=(5479, 150, 180), obs=(5479, 150, 180)
Spatial evaluation domain: land
Valid spatial pixels      : 17417
Computation pixels        : 17417

--- Computing bias for Annual ---
Saved NetCDF: /srv/data/mohammad.elaabaribao/work/interns/y2026/temp/ds_temp_intern/temp/era5_mswt/postproc/results/cnn1_temperature/metrics/bias/data/land/bias_annual_daily_first_mean_period.nc
  mean=-0.1102, min=-36.1677, max=50.6913, std=2.5051

--- Computing bias for DJF ---
Saved NetCDF: /srv/data/mohammad.elaabaribao/work/interns/y2026/temp/ds_temp_intern/temp/era5_mswt/postproc/results/cnn1_temperature/metrics/bias/data/land/bias_djf_daily_first_mean_period.nc
  mean=0.0664, min=-25.6822, max=35.1013, std=1.7297

--- Computing bias for MAM ---
Saved NetCDF: /srv/data/mohammad.elaabaribao/work/interns/y2026/temp/ds_temp_intern/temp/era5_mswt/postproc/results/cnn1_temperature/metrics/bias/data/land/bias_mam_daily_first_mean_period.nc
  mean=-0.4237, min=-35.3109, max=48.0877, std=2.3941

--- Computing bias for JJA ---
Saved NetCDF: /srv/data/mohammad.elaabaribao/work/interns/y2026/temp/ds_temp_intern/temp/era5_mswt/postproc/results/cnn1_temperature/metrics/bias/data/land/bias_jja_daily_first_mean_period.nc
  mean=-0.2108, min=-45.3300, max=64.9864, std=3.2838

--- Computing bias for SON ---
Saved NetCDF: /srv/data/mohammad.elaabaribao/work/interns/y2026/temp/ds_temp_intern/temp/era5_mswt/postproc/results/cnn1_temperature/metrics/bias/data/land/bias_son_daily_first_mean_period.nc
  mean=0.1495, min=-38.1500, max=54.3499, std=2.6586

Saved summary CSV: /srv/data/mohammad.elaabaribao/work/interns/y2026/temp/ds_temp_intern/temp/era5_mswt/postproc/results/cnn1_temperature/metrics/bias/data/land/bias_summary_daily_first.csv

All bias products saved successfully.
[BIAS] plot
Using device: cpu
=== Temperature bias plotting ===
Spatial domain  : land
Display domain  : land
Metric config   : /srv/data/mohammad.elaabaribao/work/interns/y2026/temp/ds_temp_intern/temp/era5_mswt/postproc/mean/bias/config.yaml
Main config     : /srv/data/mohammad.elaabaribao/work/interns/y2026/temp/ds_temp_intern/temp/era5_mswt/main/configs/cnn/config_cnn1.yaml
Input data dir  : /srv/data/mohammad.elaabaribao/work/interns/y2026/temp/ds_temp_intern/temp/era5_mswt/postproc/results/cnn1_temperature/metrics/bias/data/land
Output plot dir : /srv/data/mohammad.elaabaribao/work/interns/y2026/temp/ds_temp_intern/temp/era5_mswt/postproc/results/cnn1_temperature/metrics/bias/plots/land
Strategy        : daily_first
Return by year  : False
[STEP] Plotting annual bias map
[STEP] Plotting DJF bias map
[STEP] Plotting MAM bias map
[STEP] Plotting JJA bias map
[STEP] Plotting SON bias map
[STEP] Plotting grouped seasonal bias panel
[STEP] Plotting seasonal bias boxplot
[STEP] Plotting annual bias boxplot
[SUCCESS] Bias figures saved to: /srv/data/mohammad.elaabaribao/work/interns/y2026/temp/ds_temp_intern/temp/era5_mswt/postproc/results/cnn1_temperature/metrics/bias/plots/land
[BIAS] done

--------------------------------------
[RMSE]
Config: era5_mswt/postproc/mean/rmse/config.yaml
--------------------------------------
[RMSE] compute
Using device: cpu
=== Temperature RMSE postprocessing ===
Spatial domain   : land
Save mask        : True
Metric config   : /srv/data/mohammad.elaabaribao/work/interns/y2026/temp/ds_temp_intern/temp/era5_mswt/postproc/mean/rmse/config.yaml
Main config     : /srv/data/mohammad.elaabaribao/work/interns/y2026/temp/ds_temp_intern/temp/era5_mswt/main/configs/cnn/config_cnn1.yaml
Experiment root : /srv/data/mohammad.elaabaribao/work/interns/y2026/temp/ds_temp_intern/temp/era5_mswt/results/cnn1_temperature
Prediction file : /srv/data/mohammad.elaabaribao/work/interns/y2026/temp/ds_temp_intern/temp/era5_mswt/results/cnn1_temperature/output_data/cnn_predictions_mswt.nc
Observation file: /home/mohammad.elaabaribao/lustre/climat-um6p-st-iwri-7ksifkvwkuy/users/mohammad.elaabaribao/data/obs/mswep/mswt_1979_2020.nc
Time window     : 2006-01-01 -> 2020-12-31
Strategy        : daily_first
Return by year  : False
Min valid       : 10
Seasons         : ['Annual', 'DJF', 'MAM', 'JJA', 'SON']
Data output dir : /srv/data/mohammad.elaabaribao/work/interns/y2026/temp/ds_temp_intern/temp/era5_mswt/postproc/results/cnn1_temperature/metrics/rmse/data/land
Plot output dir : /srv/data/mohammad.elaabaribao/work/interns/y2026/temp/ds_temp_intern/temp/era5_mswt/postproc/results/cnn1_temperature/metrics/rmse/plots/land
Prediction units : Unit unknown -> no automatic conversion applied.
Observation units: Already in Celsius.
Aligned shape: pred=(5479, 150, 180), obs=(5479, 150, 180)
Spatial evaluation domain: land
Valid spatial pixels      : 17417
Computation pixels        : 17417

--- Computing RMSE for Annual ---
Saved NetCDF: /srv/data/mohammad.elaabaribao/work/interns/y2026/temp/ds_temp_intern/temp/era5_mswt/postproc/results/cnn1_temperature/metrics/rmse/data/land/rmse_annual_daily_first_mean_period.nc
  mean=1.4578, min=0.7323, max=52.2825, std=2.4453

--- Computing RMSE for DJF ---
Saved NetCDF: /srv/data/mohammad.elaabaribao/work/interns/y2026/temp/ds_temp_intern/temp/era5_mswt/postproc/results/cnn1_temperature/metrics/rmse/data/land/rmse_djf_daily_first_mean_period.nc
  mean=1.2841, min=0.6835, max=35.3485, std=1.6052

--- Computing RMSE for MAM ---
Saved NetCDF: /srv/data/mohammad.elaabaribao/work/interns/y2026/temp/ds_temp_intern/temp/era5_mswt/postproc/results/cnn1_temperature/metrics/rmse/data/land/rmse_mam_daily_first_mean_period.nc
  mean=1.4952, min=0.6679, max=48.6702, std=2.2565

--- Computing RMSE for JJA ---
Saved NetCDF: /srv/data/mohammad.elaabaribao/work/interns/y2026/temp/ds_temp_intern/temp/era5_mswt/postproc/results/cnn1_temperature/metrics/rmse/data/land/rmse_jja_daily_first_mean_period.nc
  mean=1.5507, min=0.6553, max=65.1290, std=3.1206

--- Computing RMSE for SON ---
Saved NetCDF: /srv/data/mohammad.elaabaribao/work/interns/y2026/temp/ds_temp_intern/temp/era5_mswt/postproc/results/cnn1_temperature/metrics/rmse/data/land/rmse_son_daily_first_mean_period.nc
  mean=1.3958, min=0.7091, max=55.1562, std=2.5675

Saved summary CSV: /srv/data/mohammad.elaabaribao/work/interns/y2026/temp/ds_temp_intern/temp/era5_mswt/postproc/results/cnn1_temperature/metrics/rmse/data/land/rmse_summary_daily_first.csv

All RMSE products saved successfully.
[RMSE] plot
Using device: cpu
=== Temperature RMSE plotting ===
Spatial domain  : land
Display domain  : land
Metric config   : /srv/data/mohammad.elaabaribao/work/interns/y2026/temp/ds_temp_intern/temp/era5_mswt/postproc/mean/rmse/config.yaml
Main config     : /srv/data/mohammad.elaabaribao/work/interns/y2026/temp/ds_temp_intern/temp/era5_mswt/main/configs/cnn/config_cnn1.yaml
Input data dir  : /srv/data/mohammad.elaabaribao/work/interns/y2026/temp/ds_temp_intern/temp/era5_mswt/postproc/results/cnn1_temperature/metrics/rmse/data/land
Output plot dir : /srv/data/mohammad.elaabaribao/work/interns/y2026/temp/ds_temp_intern/temp/era5_mswt/postproc/results/cnn1_temperature/metrics/rmse/plots/land
Strategy        : daily_first
Return by year  : False
[STEP] Plotting annual RMSE map
[STEP] Plotting DJF RMSE map
[STEP] Plotting MAM RMSE map
[STEP] Plotting JJA RMSE map
[STEP] Plotting SON RMSE map
[STEP] Plotting grouped seasonal RMSE panel
[STEP] Plotting seasonal RMSE boxplot
[STEP] Plotting annual RMSE boxplot
[SUCCESS] RMSE figures saved to: /srv/data/mohammad.elaabaribao/work/interns/y2026/temp/ds_temp_intern/temp/era5_mswt/postproc/results/cnn1_temperature/metrics/rmse/plots/land
[RMSE] done

--------------------------------------
[CORRELATION]
Config: era5_mswt/postproc/mean/correlation/config.yaml
--------------------------------------
[CORRELATION] compute
Using device: cpu
=== Temperature correlation postprocessing ===
Spatial domain   : land
Save mask        : True
Metric config   : /srv/data/mohammad.elaabaribao/work/interns/y2026/temp/ds_temp_intern/temp/era5_mswt/postproc/mean/correlation/config.yaml
Main config     : /srv/data/mohammad.elaabaribao/work/interns/y2026/temp/ds_temp_intern/temp/era5_mswt/main/configs/cnn/config_cnn1.yaml
Experiment root : /srv/data/mohammad.elaabaribao/work/interns/y2026/temp/ds_temp_intern/temp/era5_mswt/results/cnn1_temperature
Prediction file : /srv/data/mohammad.elaabaribao/work/interns/y2026/temp/ds_temp_intern/temp/era5_mswt/results/cnn1_temperature/output_data/cnn_predictions_mswt.nc
Observation file: /home/mohammad.elaabaribao/lustre/climat-um6p-st-iwri-7ksifkvwkuy/users/mohammad.elaabaribao/data/obs/mswep/mswt_1979_2020.nc
Time window     : 2006-01-01 -> 2020-12-31
Window (CORR D) : 31
Min valid       : 10
Seasons         : ['Annual', 'DJF', 'MAM', 'JJA', 'SON']
corr_d data dir : /srv/data/mohammad.elaabaribao/work/interns/y2026/temp/ds_temp_intern/temp/era5_mswt/postproc/results/cnn1_temperature/metrics/corr_d/data/land
corr_d plot dir : /srv/data/mohammad.elaabaribao/work/interns/y2026/temp/ds_temp_intern/temp/era5_mswt/postproc/results/cnn1_temperature/metrics/corr_d/plots/land
Prediction units : Unit unknown -> no automatic conversion applied.
Observation units: Already in Celsius.
Aligned shape    : pred=(5479, 150, 180), obs=(5479, 150, 180)
Spatial evaluation domain: land
Valid spatial pixels      : 17417
Computation pixels        : 17417

--- Computing correlations for Annual ---
Saved: /srv/data/mohammad.elaabaribao/work/interns/y2026/temp/ds_temp_intern/temp/era5_mswt/postproc/results/cnn1_temperature/metrics/corr_d/data/land/corr_d_annual_mean_period.nc
  CORR D mean=0.9054, min=-0.2156, max=0.9577

--- Computing correlations for DJF ---
Saved: /srv/data/mohammad.elaabaribao/work/interns/y2026/temp/ds_temp_intern/temp/era5_mswt/postproc/results/cnn1_temperature/metrics/corr_d/data/land/corr_d_djf_mean_period.nc
  CORR D mean=0.9025, min=-0.4986, max=0.9431

--- Computing correlations for MAM ---
Saved: /srv/data/mohammad.elaabaribao/work/interns/y2026/temp/ds_temp_intern/temp/era5_mswt/postproc/results/cnn1_temperature/metrics/corr_d/data/land/corr_d_mam_mean_period.nc
  CORR D mean=0.9314, min=-0.2811, max=0.9714

--- Computing correlations for JJA ---
Saved: /srv/data/mohammad.elaabaribao/work/interns/y2026/temp/ds_temp_intern/temp/era5_mswt/postproc/results/cnn1_temperature/metrics/corr_d/data/land/corr_d_jja_mean_period.nc
  CORR D mean=0.8643, min=-0.2388, max=0.9644

--- Computing correlations for SON ---
Saved: /srv/data/mohammad.elaabaribao/work/interns/y2026/temp/ds_temp_intern/temp/era5_mswt/postproc/results/cnn1_temperature/metrics/corr_d/data/land/corr_d_son_mean_period.nc
  CORR D mean=0.8945, min=-0.2436, max=0.9530

Saved summary CSV: /srv/data/mohammad.elaabaribao/work/interns/y2026/temp/ds_temp_intern/temp/era5_mswt/postproc/results/cnn1_temperature/metrics/corr_d/data/land/corr_d_summary.csv

All correlation products saved successfully.
[CORRELATION] plot
Using device: cpu
=== Temperature correlation plotting ===
Spatial domain  : land
Display domain  : land
Metric config   : /srv/data/mohammad.elaabaribao/work/interns/y2026/temp/ds_temp_intern/temp/era5_mswt/postproc/mean/correlation/config.yaml
Main config     : /srv/data/mohammad.elaabaribao/work/interns/y2026/temp/ds_temp_intern/temp/era5_mswt/main/configs/cnn/config_cnn1.yaml
Experiment root : /srv/data/mohammad.elaabaribao/work/interns/y2026/temp/ds_temp_intern/temp/era5_mswt/results/cnn1_temperature
Selected seasons: ['Annual', 'DJF', 'MAM', 'JJA', 'SON']

=== Plotting corr_d ===
Spatial domain  : land
Display domain  : land
Input data dir  : /srv/data/mohammad.elaabaribao/work/interns/y2026/temp/ds_temp_intern/temp/era5_mswt/postproc/results/cnn1_temperature/metrics/corr_d/data/land
Output plot dir : /srv/data/mohammad.elaabaribao/work/interns/y2026/temp/ds_temp_intern/temp/era5_mswt/postproc/results/cnn1_temperature/metrics/corr_d/plots/land
[STEP] Plotting annual corr_d map
[STEP] Plotting DJF corr_d map
[STEP] Plotting MAM corr_d map
[STEP] Plotting JJA corr_d map
[STEP] Plotting SON corr_d map
[STEP] Plotting seasonal corr_d panel
[STEP] Plotting seasonal corr_d boxplot
[STEP] Plotting annual corr_d boxplot
[SUCCESS] corr_d figures saved to: /srv/data/mohammad.elaabaribao/work/interns/y2026/temp/ds_temp_intern/temp/era5_mswt/postproc/results/cnn1_temperature/metrics/corr_d/plots/land

All correlation figures saved successfully.
[CORRELATION] done

========== EXTREME METRICS ==========

--------------------------------------
[B02]
Config: era5_mswt/postproc/extreme/b02/config.yaml
--------------------------------------
[B02] compute
Using device: cpu
=== Temperature B-02 postprocessing ===
Spatial domain   : land
Save mask        : True
Metric config   : /srv/data/mohammad.elaabaribao/work/interns/y2026/temp/ds_temp_intern/temp/era5_mswt/postproc/extreme/b02/config.yaml
Main config     : /srv/data/mohammad.elaabaribao/work/interns/y2026/temp/ds_temp_intern/temp/era5_mswt/main/configs/cnn/config_cnn1.yaml
Experiment root : /srv/data/mohammad.elaabaribao/work/interns/y2026/temp/ds_temp_intern/temp/era5_mswt/results/cnn1_temperature
Prediction file : /srv/data/mohammad.elaabaribao/work/interns/y2026/temp/ds_temp_intern/temp/era5_mswt/results/cnn1_temperature/output_data/cnn_predictions_mswt.nc
Observation file: /home/mohammad.elaabaribao/lustre/climat-um6p-st-iwri-7ksifkvwkuy/users/mohammad.elaabaribao/data/obs/mswep/mswt_1979_2020.nc
Time window     : 2006-01-01 -> 2020-12-31
Quantile        : 0.02
Min valid       : 10
Seasons         : ['Annual', 'DJF', 'MAM', 'JJA', 'SON']
Data output dir : /srv/data/mohammad.elaabaribao/work/interns/y2026/temp/ds_temp_intern/temp/era5_mswt/postproc/results/cnn1_temperature/metrics/b02/data/land
Plot output dir : /srv/data/mohammad.elaabaribao/work/interns/y2026/temp/ds_temp_intern/temp/era5_mswt/postproc/results/cnn1_temperature/metrics/b02/plots/land
Prediction units : Unit unknown -> no automatic conversion applied.
Observation units: Already in Celsius.
Aligned shape    : pred=(5479, 150, 180), obs=(5479, 150, 180)
Spatial evaluation domain: land
Valid spatial pixels      : 17417
Computation pixels        : 17417

--- Computing B-02 for Annual ---
Saved: /srv/data/mohammad.elaabaribao/work/interns/y2026/temp/ds_temp_intern/temp/era5_mswt/postproc/results/cnn1_temperature/metrics/b02/data/land/b02_annual_mean_period.nc
  mean=0.3125, min=-25.8704, max=28.9689

--- Computing B-02 for DJF ---
Saved: /srv/data/mohammad.elaabaribao/work/interns/y2026/temp/ds_temp_intern/temp/era5_mswt/postproc/results/cnn1_temperature/metrics/b02/data/land/b02_djf_mean_period.nc
  mean=0.3743, min=-22.4806, max=27.1370

--- Computing B-02 for MAM ---
Saved: /srv/data/mohammad.elaabaribao/work/interns/y2026/temp/ds_temp_intern/temp/era5_mswt/postproc/results/cnn1_temperature/metrics/b02/data/land/b02_mam_mean_period.nc
  mean=-0.3849, min=-28.9424, max=34.3115

--- Computing B-02 for JJA ---
Saved: /srv/data/mohammad.elaabaribao/work/interns/y2026/temp/ds_temp_intern/temp/era5_mswt/postproc/results/cnn1_temperature/metrics/b02/data/land/b02_jja_mean_period.nc
  mean=0.0875, min=-40.0569, max=55.0745

--- Computing B-02 for SON ---
Saved: /srv/data/mohammad.elaabaribao/work/interns/y2026/temp/ds_temp_intern/temp/era5_mswt/postproc/results/cnn1_temperature/metrics/b02/data/land/b02_son_mean_period.nc
  mean=0.1224, min=-28.9936, max=35.7183

Saved summary CSV: /srv/data/mohammad.elaabaribao/work/interns/y2026/temp/ds_temp_intern/temp/era5_mswt/postproc/results/cnn1_temperature/metrics/b02/data/land/b02_summary.csv

All B-02 products saved successfully.
[B02] plot
Using device: cpu
=== Temperature B-02 plotting ===
Spatial domain  : land
Display domain  : land
Metric config   : /srv/data/mohammad.elaabaribao/work/interns/y2026/temp/ds_temp_intern/temp/era5_mswt/postproc/extreme/b02/config.yaml
Main config     : /srv/data/mohammad.elaabaribao/work/interns/y2026/temp/ds_temp_intern/temp/era5_mswt/main/configs/cnn/config_cnn1.yaml
Input data dir  : /srv/data/mohammad.elaabaribao/work/interns/y2026/temp/ds_temp_intern/temp/era5_mswt/postproc/results/cnn1_temperature/metrics/b02/data/land
Output plot dir : /srv/data/mohammad.elaabaribao/work/interns/y2026/temp/ds_temp_intern/temp/era5_mswt/postproc/results/cnn1_temperature/metrics/b02/plots/land
[STEP] Plotting annual P02 comparison
[STEP] Plotting annual B-02 map
[STEP] Plotting DJF B-02 map
[STEP] Plotting MAM B-02 map
[STEP] Plotting JJA B-02 map
[STEP] Plotting SON B-02 map
[STEP] Plotting grouped seasonal B-02 panel
[STEP] Plotting seasonal B-02 boxplot
[STEP] Plotting annual B-02 boxplot
[SUCCESS] B-02 figures saved to: /srv/data/mohammad.elaabaribao/work/interns/y2026/temp/ds_temp_intern/temp/era5_mswt/postproc/results/cnn1_temperature/metrics/b02/plots/land
[B02] done

--------------------------------------
[B98]
Config: era5_mswt/postproc/extreme/b98/config.yaml
--------------------------------------
[B98] compute
Using device: cpu
=== Temperature B-98 postprocessing ===
Spatial domain   : land
Save mask        : True
Metric config   : /srv/data/mohammad.elaabaribao/work/interns/y2026/temp/ds_temp_intern/temp/era5_mswt/postproc/extreme/b98/config.yaml
Main config     : /srv/data/mohammad.elaabaribao/work/interns/y2026/temp/ds_temp_intern/temp/era5_mswt/main/configs/cnn/config_cnn1.yaml
Experiment root : /srv/data/mohammad.elaabaribao/work/interns/y2026/temp/ds_temp_intern/temp/era5_mswt/results/cnn1_temperature
Prediction file : /srv/data/mohammad.elaabaribao/work/interns/y2026/temp/ds_temp_intern/temp/era5_mswt/results/cnn1_temperature/output_data/cnn_predictions_mswt.nc
Observation file: /home/mohammad.elaabaribao/lustre/climat-um6p-st-iwri-7ksifkvwkuy/users/mohammad.elaabaribao/data/obs/mswep/mswt_1979_2020.nc
Time window     : 2006-01-01 -> 2020-12-31
Quantile        : 0.98
Min valid       : 10
Seasons         : ['Annual', 'DJF', 'MAM', 'JJA', 'SON']
Data output dir : /srv/data/mohammad.elaabaribao/work/interns/y2026/temp/ds_temp_intern/temp/era5_mswt/postproc/results/cnn1_temperature/metrics/b98/data/land
Plot output dir : /srv/data/mohammad.elaabaribao/work/interns/y2026/temp/ds_temp_intern/temp/era5_mswt/postproc/results/cnn1_temperature/metrics/b98/plots/land
Prediction units : Unit unknown -> no automatic conversion applied.
Observation units: Already in Celsius.
Aligned shape    : pred=(5479, 150, 180), obs=(5479, 150, 180)
Spatial evaluation domain: land
Valid spatial pixels      : 17417
Computation pixels        : 17417

--- Computing B-98 for Annual ---
Saved: /srv/data/mohammad.elaabaribao/work/interns/y2026/temp/ds_temp_intern/temp/era5_mswt/postproc/results/cnn1_temperature/metrics/b98/data/land/b98_annual_mean_period.nc
  mean=-0.8155, min=-46.2176, max=69.5907

--- Computing B-98 for DJF ---
Saved: /srv/data/mohammad.elaabaribao/work/interns/y2026/temp/ds_temp_intern/temp/era5_mswt/postproc/results/cnn1_temperature/metrics/b98/data/land/b98_djf_mean_period.nc
  mean=-0.4102, min=-30.4677, max=44.8303

--- Computing B-98 for MAM ---
Saved: /srv/data/mohammad.elaabaribao/work/interns/y2026/temp/ds_temp_intern/temp/era5_mswt/postproc/results/cnn1_temperature/metrics/b98/data/land/b98_mam_mean_period.nc
  mean=-1.0051, min=-42.5376, max=62.5817

--- Computing B-98 for JJA ---
Saved: /srv/data/mohammad.elaabaribao/work/interns/y2026/temp/ds_temp_intern/temp/era5_mswt/postproc/results/cnn1_temperature/metrics/b98/data/land/b98_jja_mean_period.nc
  mean=-1.0557, min=-47.6080, max=70.9378

--- Computing B-98 for SON ---
Saved: /srv/data/mohammad.elaabaribao/work/interns/y2026/temp/ds_temp_intern/temp/era5_mswt/postproc/results/cnn1_temperature/metrics/b98/data/land/b98_son_mean_period.nc
  mean=-0.3060, min=-45.2522, max=68.0610

Saved summary CSV: /srv/data/mohammad.elaabaribao/work/interns/y2026/temp/ds_temp_intern/temp/era5_mswt/postproc/results/cnn1_temperature/metrics/b98/data/land/b98_summary.csv

All B-98 products saved successfully.
[B98] plot
Using device: cpu
=== Temperature B-98 plotting ===
Spatial domain  : land
Display domain  : land
Metric config   : /srv/data/mohammad.elaabaribao/work/interns/y2026/temp/ds_temp_intern/temp/era5_mswt/postproc/extreme/b98/config.yaml
Main config     : /srv/data/mohammad.elaabaribao/work/interns/y2026/temp/ds_temp_intern/temp/era5_mswt/main/configs/cnn/config_cnn1.yaml
Input data dir  : /srv/data/mohammad.elaabaribao/work/interns/y2026/temp/ds_temp_intern/temp/era5_mswt/postproc/results/cnn1_temperature/metrics/b98/data/land
Output plot dir : /srv/data/mohammad.elaabaribao/work/interns/y2026/temp/ds_temp_intern/temp/era5_mswt/postproc/results/cnn1_temperature/metrics/b98/plots/land
[STEP] Plotting annual P98 comparison
[STEP] Plotting annual B-98 map
[STEP] Plotting DJF B-98 map
[STEP] Plotting MAM B-98 map
[STEP] Plotting JJA B-98 map
[STEP] Plotting SON B-98 map
[STEP] Plotting grouped seasonal B-98 panel
[STEP] Plotting seasonal B-98 boxplot
[STEP] Plotting annual B-98 boxplot
[SUCCESS] B-98 figures saved to: /srv/data/mohammad.elaabaribao/work/interns/y2026/temp/ds_temp_intern/temp/era5_mswt/postproc/results/cnn1_temperature/metrics/b98/plots/land
[B98] done

--------------------------------------
[CAMS]
Config: era5_mswt/postproc/extreme/cams/config.yaml
--------------------------------------
[CAMS] compute
Using device: cpu
=== Temperature CAMS postprocessing ===
Spatial domain   : land
Save mask        : True
Metric config     : /srv/data/mohammad.elaabaribao/work/interns/y2026/temp/ds_temp_intern/temp/era5_mswt/postproc/extreme/cams/config.yaml
Main config       : /srv/data/mohammad.elaabaribao/work/interns/y2026/temp/ds_temp_intern/temp/era5_mswt/main/configs/cnn/config_cnn1.yaml
Experiment root   : /srv/data/mohammad.elaabaribao/work/interns/y2026/temp/ds_temp_intern/temp/era5_mswt/results/cnn1_temperature
Prediction file   : /srv/data/mohammad.elaabaribao/work/interns/y2026/temp/ds_temp_intern/temp/era5_mswt/results/cnn1_temperature/output_data/cnn_predictions_mswt.nc
Observation file  : /home/mohammad.elaabaribao/lustre/climat-um6p-st-iwri-7ksifkvwkuy/users/mohammad.elaabaribao/data/obs/mswep/mswt_1979_2020.nc
Time window       : 2006-01-01 -> 2020-12-31
Threshold quantile: 0.1
Min spell length  : 2
Min valid days    : 10
Min valid years   : 1
Data output dir   : /srv/data/mohammad.elaabaribao/work/interns/y2026/temp/ds_temp_intern/temp/era5_mswt/postproc/results/cnn1_temperature/metrics/cams/data/land
Plot output dir   : /srv/data/mohammad.elaabaribao/work/interns/y2026/temp/ds_temp_intern/temp/era5_mswt/postproc/results/cnn1_temperature/metrics/cams/plots/land
Prediction units : Unit unknown -> no automatic conversion applied.
Observation units: Already in Celsius.
Aligned shape    : pred=(5479, 150, 180), obs=(5479, 150, 180)
Spatial evaluation domain: land
Valid spatial pixels      : 17417
Computation pixels        : 17417
Saved summary CSV: /srv/data/mohammad.elaabaribao/work/interns/y2026/temp/ds_temp_intern/temp/era5_mswt/postproc/results/cnn1_temperature/metrics/cams/data/land/cams_summary.csv
Saved: /srv/data/mohammad.elaabaribao/work/interns/y2026/temp/ds_temp_intern/temp/era5_mswt/postproc/results/cnn1_temperature/metrics/cams/data/land/cams_annual_mean_period.nc
  bCAMS mean=0.5905, min=-10.0000, max=8.0000

CAMS products saved successfully.
[CAMS] plot
Using device: cpu
=== Temperature CAMS plotting ===
Spatial domain  : land
Display domain  : land
Metric config   : /srv/data/mohammad.elaabaribao/work/interns/y2026/temp/ds_temp_intern/temp/era5_mswt/postproc/extreme/cams/config.yaml
Main config     : /srv/data/mohammad.elaabaribao/work/interns/y2026/temp/ds_temp_intern/temp/era5_mswt/main/configs/cnn/config_cnn1.yaml
Input data dir  : /srv/data/mohammad.elaabaribao/work/interns/y2026/temp/ds_temp_intern/temp/era5_mswt/postproc/results/cnn1_temperature/metrics/cams/data/land
Output plot dir : /srv/data/mohammad.elaabaribao/work/interns/y2026/temp/ds_temp_intern/temp/era5_mswt/postproc/results/cnn1_temperature/metrics/cams/plots/land
[STEP] Loading CAMS fields
[STEP] Plotting annual CAMS comparison
[STEP] Plotting annual bCAMS map
[STEP] Plotting annual bCAMS boxplot
[SUCCESS] CAMS figures saved to: /srv/data/mohammad.elaabaribao/work/interns/y2026/temp/ds_temp_intern/temp/era5_mswt/postproc/results/cnn1_temperature/metrics/cams/plots/land
[CAMS] done

--------------------------------------
[WAMS]
Config: era5_mswt/postproc/extreme/wams/config.yaml
--------------------------------------
[WAMS] compute
Using device: cpu
=== Temperature WAMS postprocessing ===
Spatial domain   : land
Save mask        : True
Metric config     : /srv/data/mohammad.elaabaribao/work/interns/y2026/temp/ds_temp_intern/temp/era5_mswt/postproc/extreme/wams/config.yaml
Main config       : /srv/data/mohammad.elaabaribao/work/interns/y2026/temp/ds_temp_intern/temp/era5_mswt/main/configs/cnn/config_cnn1.yaml
Experiment root   : /srv/data/mohammad.elaabaribao/work/interns/y2026/temp/ds_temp_intern/temp/era5_mswt/results/cnn1_temperature
Prediction file   : /srv/data/mohammad.elaabaribao/work/interns/y2026/temp/ds_temp_intern/temp/era5_mswt/results/cnn1_temperature/output_data/cnn_predictions_mswt.nc
Observation file  : /home/mohammad.elaabaribao/lustre/climat-um6p-st-iwri-7ksifkvwkuy/users/mohammad.elaabaribao/data/obs/mswep/mswt_1979_2020.nc
Time window       : 2006-01-01 -> 2020-12-31
Threshold quantile: 0.9
Min spell length  : 2
Min valid days    : 10
Min valid years   : 1
Data output dir   : /srv/data/mohammad.elaabaribao/work/interns/y2026/temp/ds_temp_intern/temp/era5_mswt/postproc/results/cnn1_temperature/metrics/wams/data/land
Plot output dir   : /srv/data/mohammad.elaabaribao/work/interns/y2026/temp/ds_temp_intern/temp/era5_mswt/postproc/results/cnn1_temperature/metrics/wams/plots/land
Prediction units : Unit unknown -> no automatic conversion applied.
Observation units: Already in Celsius.
Aligned shape    : pred=(5479, 150, 180), obs=(5479, 150, 180)
Spatial evaluation domain: land
Valid spatial pixels      : 17417
Computation pixels        : 17417
Saved summary CSV: /srv/data/mohammad.elaabaribao/work/interns/y2026/temp/ds_temp_intern/temp/era5_mswt/postproc/results/cnn1_temperature/metrics/wams/data/land/wams_summary.csv
Saved: /srv/data/mohammad.elaabaribao/work/interns/y2026/temp/ds_temp_intern/temp/era5_mswt/postproc/results/cnn1_temperature/metrics/wams/data/land/wams_annual_mean_period.nc
  bWAMS mean=-0.2715, min=-9.0000, max=7.0000

WAMS products saved successfully.
[WAMS] plot
Using device: cpu
=== Temperature WAMS plotting ===
Spatial domain  : land
Display domain  : land
Metric config   : /srv/data/mohammad.elaabaribao/work/interns/y2026/temp/ds_temp_intern/temp/era5_mswt/postproc/extreme/wams/config.yaml
Main config     : /srv/data/mohammad.elaabaribao/work/interns/y2026/temp/ds_temp_intern/temp/era5_mswt/main/configs/cnn/config_cnn1.yaml
Input data dir  : /srv/data/mohammad.elaabaribao/work/interns/y2026/temp/ds_temp_intern/temp/era5_mswt/postproc/results/cnn1_temperature/metrics/wams/data/land
Output plot dir : /srv/data/mohammad.elaabaribao/work/interns/y2026/temp/ds_temp_intern/temp/era5_mswt/postproc/results/cnn1_temperature/metrics/wams/plots/land
[STEP] Loading WAMS fields
[STEP] Plotting annual WAMS comparison
[STEP] Plotting annual bWAMS map
[STEP] Plotting annual bWAMS boxplot
[SUCCESS] WAMS figures saved to: /srv/data/mohammad.elaabaribao/work/interns/y2026/temp/ds_temp_intern/temp/era5_mswt/postproc/results/cnn1_temperature/metrics/wams/plots/land
[WAMS] done

========== TEMPORAL METRICS ==========

--------------------------------------
[AC1]
Config: era5_mswt/postproc/temporal/ac1/config.yaml
--------------------------------------
[AC1] compute
Using device: cpu
=== Temperature AC1 postprocessing ===
Spatial domain   : land
Save mask        : True
Metric config   : /srv/data/mohammad.elaabaribao/work/interns/y2026/temp/ds_temp_intern/temp/era5_mswt/postproc/temporal/ac1/config.yaml
Main config     : /srv/data/mohammad.elaabaribao/work/interns/y2026/temp/ds_temp_intern/temp/era5_mswt/main/configs/cnn/config_cnn1.yaml
Experiment root : /srv/data/mohammad.elaabaribao/work/interns/y2026/temp/ds_temp_intern/temp/era5_mswt/results/cnn1_temperature
Prediction file : /srv/data/mohammad.elaabaribao/work/interns/y2026/temp/ds_temp_intern/temp/era5_mswt/results/cnn1_temperature/output_data/cnn_predictions_mswt.nc
Observation file: /home/mohammad.elaabaribao/lustre/climat-um6p-st-iwri-7ksifkvwkuy/users/mohammad.elaabaribao/data/obs/mswep/mswt_1979_2020.nc
Time window     : 2006-01-01 -> 2020-12-31
Min valid pairs : 10
Data output dir : /srv/data/mohammad.elaabaribao/work/interns/y2026/temp/ds_temp_intern/temp/era5_mswt/postproc/results/cnn1_temperature/metrics/ac1/data/land
Plot output dir : /srv/data/mohammad.elaabaribao/work/interns/y2026/temp/ds_temp_intern/temp/era5_mswt/postproc/results/cnn1_temperature/metrics/ac1/plots/land
Prediction units : Unit unknown -> no automatic conversion applied.
Observation units: Already in Celsius.
Aligned shape    : pred=(5479, 150, 180), obs=(5479, 150, 180)
Spatial evaluation domain: land
Valid spatial pixels      : 17417
Computation pixels        : 17417
Saved summary CSV: /srv/data/mohammad.elaabaribao/work/interns/y2026/temp/ds_temp_intern/temp/era5_mswt/postproc/results/cnn1_temperature/metrics/ac1/data/land/ac1_summary.csv
Saved: /srv/data/mohammad.elaabaribao/work/interns/y2026/temp/ds_temp_intern/temp/era5_mswt/postproc/results/cnn1_temperature/metrics/ac1/data/land/ac1_annual_mean_period.nc
  bAC1 mean=0.0059, min=-0.1966, max=0.0887

AC1 products saved successfully.
[AC1] plot
Using device: cpu
=== Temperature AC1 plotting ===
Spatial domain  : land
Display domain  : land
Metric config   : /srv/data/mohammad.elaabaribao/work/interns/y2026/temp/ds_temp_intern/temp/era5_mswt/postproc/temporal/ac1/config.yaml
Main config     : /srv/data/mohammad.elaabaribao/work/interns/y2026/temp/ds_temp_intern/temp/era5_mswt/main/configs/cnn/config_cnn1.yaml
Input data dir  : /srv/data/mohammad.elaabaribao/work/interns/y2026/temp/ds_temp_intern/temp/era5_mswt/postproc/results/cnn1_temperature/metrics/ac1/data/land
Output plot dir : /srv/data/mohammad.elaabaribao/work/interns/y2026/temp/ds_temp_intern/temp/era5_mswt/postproc/results/cnn1_temperature/metrics/ac1/plots/land
[STEP] Loading AC1 fields
[STEP] Plotting annual AC1 comparison
[STEP] Plotting annual bAC1 map
[STEP] Plotting annual bAC1 boxplot
[SUCCESS] AC1 figures saved to: /srv/data/mohammad.elaabaribao/work/interns/y2026/temp/ds_temp_intern/temp/era5_mswt/postproc/results/cnn1_temperature/metrics/ac1/plots/land
[AC1] done

--------------------------------------
[RSTD]
Config: era5_mswt/postproc/temporal/rstd/config.yaml
--------------------------------------
[RSTD] compute
Using device: cpu
=== Temperature RSTD postprocessing ===
Spatial domain   : land
Save mask        : True
Metric config   : /srv/data/mohammad.elaabaribao/work/interns/y2026/temp/ds_temp_intern/temp/era5_mswt/postproc/temporal/rstd/config.yaml
Main config     : /srv/data/mohammad.elaabaribao/work/interns/y2026/temp/ds_temp_intern/temp/era5_mswt/main/configs/cnn/config_cnn1.yaml
Experiment root : /srv/data/mohammad.elaabaribao/work/interns/y2026/temp/ds_temp_intern/temp/era5_mswt/results/cnn1_temperature
Prediction file : /srv/data/mohammad.elaabaribao/work/interns/y2026/temp/ds_temp_intern/temp/era5_mswt/results/cnn1_temperature/output_data/cnn_predictions_mswt.nc
Observation file: /home/mohammad.elaabaribao/lustre/climat-um6p-st-iwri-7ksifkvwkuy/users/mohammad.elaabaribao/data/obs/mswep/mswt_1979_2020.nc
Time window     : 2006-01-01 -> 2020-12-31
Window          : 31
Min valid       : 10
Data output dir : /srv/data/mohammad.elaabaribao/work/interns/y2026/temp/ds_temp_intern/temp/era5_mswt/postproc/results/cnn1_temperature/metrics/rstd/data/land
Plot output dir : /srv/data/mohammad.elaabaribao/work/interns/y2026/temp/ds_temp_intern/temp/era5_mswt/postproc/results/cnn1_temperature/metrics/rstd/plots/land
Prediction units : Unit unknown -> no automatic conversion applied.
Observation units: Already in Celsius.
Aligned shape    : pred=(5479, 150, 180), obs=(5479, 150, 180)
Spatial evaluation domain: land
Valid spatial pixels      : 17417
Computation pixels        : 17417
Saved summary CSV: /srv/data/mohammad.elaabaribao/work/interns/y2026/temp/ds_temp_intern/temp/era5_mswt/postproc/results/cnn1_temperature/metrics/rstd/data/land/rstd_summary.csv
Saved: /srv/data/mohammad.elaabaribao/work/interns/y2026/temp/ds_temp_intern/temp/era5_mswt/postproc/results/cnn1_temperature/metrics/rstd/data/land/rstd_annual_mean_period.nc
  RSTD mean=0.9162, min=0.1365, max=2.3150

RSTD products saved successfully.
[RSTD] plot
/srv/data/mohammad.elaabaribao/work/interns/y2026/temp/ds_temp_intern/temp/era5_mswt/postproc/temporal/rstd/plot.py:355: MatplotlibDeprecationWarning: The 'labels' parameter of boxplot() has been renamed 'tick_labels' since Matplotlib 3.9; support for the old name will be dropped in 3.11.
  ax.boxplot(
Using device: cpu
=== Temperature RSTD plotting ===
Spatial domain  : land
Display domain  : land
Metric config   : /srv/data/mohammad.elaabaribao/work/interns/y2026/temp/ds_temp_intern/temp/era5_mswt/postproc/temporal/rstd/config.yaml
Main config     : /srv/data/mohammad.elaabaribao/work/interns/y2026/temp/ds_temp_intern/temp/era5_mswt/main/configs/cnn/config_cnn1.yaml
Input data dir  : /srv/data/mohammad.elaabaribao/work/interns/y2026/temp/ds_temp_intern/temp/era5_mswt/postproc/results/cnn1_temperature/metrics/rstd/data/land
Output plot dir : /srv/data/mohammad.elaabaribao/work/interns/y2026/temp/ds_temp_intern/temp/era5_mswt/postproc/results/cnn1_temperature/metrics/rstd/plots/land
[STEP] Loading RSTD fields
[STEP] Plotting annual standard deviation comparison
[STEP] Plotting annual RSTD map
[STEP] Plotting annual RSTD boxplot
[SUCCESS] RSTD figures saved to: /srv/data/mohammad.elaabaribao/work/interns/y2026/temp/ds_temp_intern/temp/era5_mswt/postproc/results/cnn1_temperature/metrics/rstd/plots/land
[RSTD] done

======================================
 Postprocessing finished successfully
======================================
======================================
 Running postprocessing metrics
======================================
[INFO] Current directory:
/srv/data/mohammad.elaabaribao/work/interns/y2026/temp/ds_temp_intern/temp

[INFO] Selected config : config.yaml
[INFO] Selected group  : all


========== MEAN METRICS ==========

--------------------------------------
[BIAS]
Config: era5_mswt/postproc/mean/bias/config.yaml
--------------------------------------
[BIAS] compute
Using device: cpu
=== Temperature bias postprocessing ===
Spatial domain   : land
Save mask        : True
Metric config   : /srv/data/mohammad.elaabaribao/work/interns/y2026/temp/ds_temp_intern/temp/era5_mswt/postproc/mean/bias/config.yaml
Main config     : /srv/data/mohammad.elaabaribao/work/interns/y2026/temp/ds_temp_intern/temp/era5_mswt/main/configs/cnn/config_bs32.yaml
Experiment root : /srv/data/mohammad.elaabaribao/work/interns/y2026/temp/ds_temp_intern/temp/era5_mswt/results/cnn_bs32_temperature
Prediction file : /srv/data/mohammad.elaabaribao/work/interns/y2026/temp/ds_temp_intern/temp/era5_mswt/results/cnn_bs32_temperature/output_data/cnn_predictions_mswt.nc
Observation file: /home/mohammad.elaabaribao/lustre/climat-um6p-st-iwri-7ksifkvwkuy/users/mohammad.elaabaribao/data/obs/mswep/mswt_1979_2020.nc
Time window     : 2006-01-01 -> 2020-12-31
Strategy        : daily_first
Return by year  : False
Min valid       : 10
Seasons         : ['Annual', 'DJF', 'MAM', 'JJA', 'SON']
Data output dir : /srv/data/mohammad.elaabaribao/work/interns/y2026/temp/ds_temp_intern/temp/era5_mswt/postproc/results/cnn_bs32_temperature/metrics/bias/data/land
Plot output dir : /srv/data/mohammad.elaabaribao/work/interns/y2026/temp/ds_temp_intern/temp/era5_mswt/postproc/results/cnn_bs32_temperature/metrics/bias/plots/land
Prediction units : Unit unknown -> no automatic conversion applied.
Observation units: Already in Celsius.
Aligned shape: pred=(5479, 150, 180), obs=(5479, 150, 180)
Spatial evaluation domain: land
Valid spatial pixels      : 17417
Computation pixels        : 17417

--- Computing bias for Annual ---
Saved NetCDF: /srv/data/mohammad.elaabaribao/work/interns/y2026/temp/ds_temp_intern/temp/era5_mswt/postproc/results/cnn_bs32_temperature/metrics/bias/data/land/bias_annual_daily_first_mean_period.nc
  mean=-0.2966, min=-39.2587, max=23.9453, std=2.3379

--- Computing bias for DJF ---
Saved NetCDF: /srv/data/mohammad.elaabaribao/work/interns/y2026/temp/ds_temp_intern/temp/era5_mswt/postproc/results/cnn_bs32_temperature/metrics/bias/data/land/bias_djf_daily_first_mean_period.nc
  mean=-0.2676, min=-28.6092, max=17.9557, std=1.6412

--- Computing bias for MAM ---
Saved NetCDF: /srv/data/mohammad.elaabaribao/work/interns/y2026/temp/ds_temp_intern/temp/era5_mswt/postproc/results/cnn_bs32_temperature/metrics/bias/data/land/bias_mam_daily_first_mean_period.nc
  mean=-0.6684, min=-37.9747, max=23.1500, std=2.2505

--- Computing bias for JJA ---
Saved NetCDF: /srv/data/mohammad.elaabaribao/work/interns/y2026/temp/ds_temp_intern/temp/era5_mswt/postproc/results/cnn_bs32_temperature/metrics/bias/data/land/bias_jja_daily_first_mean_period.nc
  mean=-0.1110, min=-48.7697, max=30.5210, std=3.0093

--- Computing bias for SON ---
Saved NetCDF: /srv/data/mohammad.elaabaribao/work/interns/y2026/temp/ds_temp_intern/temp/era5_mswt/postproc/results/cnn_bs32_temperature/metrics/bias/data/land/bias_son_daily_first_mean_period.nc
  mean=-0.1239, min=-41.4571, max=25.4581, std=2.4786

Saved summary CSV: /srv/data/mohammad.elaabaribao/work/interns/y2026/temp/ds_temp_intern/temp/era5_mswt/postproc/results/cnn_bs32_temperature/metrics/bias/data/land/bias_summary_daily_first.csv

All bias products saved successfully.
[BIAS] plot
Using device: cpu
=== Temperature bias plotting ===
Spatial domain  : land
Display domain  : land
Metric config   : /srv/data/mohammad.elaabaribao/work/interns/y2026/temp/ds_temp_intern/temp/era5_mswt/postproc/mean/bias/config.yaml
Main config     : /srv/data/mohammad.elaabaribao/work/interns/y2026/temp/ds_temp_intern/temp/era5_mswt/main/configs/cnn/config_bs32.yaml
Input data dir  : /srv/data/mohammad.elaabaribao/work/interns/y2026/temp/ds_temp_intern/temp/era5_mswt/postproc/results/cnn_bs32_temperature/metrics/bias/data/land
Output plot dir : /srv/data/mohammad.elaabaribao/work/interns/y2026/temp/ds_temp_intern/temp/era5_mswt/postproc/results/cnn_bs32_temperature/metrics/bias/plots/land
Strategy        : daily_first
Return by year  : False
[STEP] Plotting annual bias map
[STEP] Plotting DJF bias map
[STEP] Plotting MAM bias map
[STEP] Plotting JJA bias map
[STEP] Plotting SON bias map
[STEP] Plotting grouped seasonal bias panel
[STEP] Plotting seasonal bias boxplot
[STEP] Plotting annual bias boxplot
[SUCCESS] Bias figures saved to: /srv/data/mohammad.elaabaribao/work/interns/y2026/temp/ds_temp_intern/temp/era5_mswt/postproc/results/cnn_bs32_temperature/metrics/bias/plots/land
[BIAS] done

--------------------------------------
[RMSE]
Config: era5_mswt/postproc/mean/rmse/config.yaml
--------------------------------------
[RMSE] compute
Using device: cpu
=== Temperature RMSE postprocessing ===
Spatial domain   : land
Save mask        : True
Metric config   : /srv/data/mohammad.elaabaribao/work/interns/y2026/temp/ds_temp_intern/temp/era5_mswt/postproc/mean/rmse/config.yaml
Main config     : /srv/data/mohammad.elaabaribao/work/interns/y2026/temp/ds_temp_intern/temp/era5_mswt/main/configs/cnn/config_bs32.yaml
Experiment root : /srv/data/mohammad.elaabaribao/work/interns/y2026/temp/ds_temp_intern/temp/era5_mswt/results/cnn_bs32_temperature
Prediction file : /srv/data/mohammad.elaabaribao/work/interns/y2026/temp/ds_temp_intern/temp/era5_mswt/results/cnn_bs32_temperature/output_data/cnn_predictions_mswt.nc
Observation file: /home/mohammad.elaabaribao/lustre/climat-um6p-st-iwri-7ksifkvwkuy/users/mohammad.elaabaribao/data/obs/mswep/mswt_1979_2020.nc
Time window     : 2006-01-01 -> 2020-12-31
Strategy        : daily_first
Return by year  : False
Min valid       : 10
Seasons         : ['Annual', 'DJF', 'MAM', 'JJA', 'SON']
Data output dir : /srv/data/mohammad.elaabaribao/work/interns/y2026/temp/ds_temp_intern/temp/era5_mswt/postproc/results/cnn_bs32_temperature/metrics/rmse/data/land
Plot output dir : /srv/data/mohammad.elaabaribao/work/interns/y2026/temp/ds_temp_intern/temp/era5_mswt/postproc/results/cnn_bs32_temperature/metrics/rmse/plots/land
Prediction units : Unit unknown -> no automatic conversion applied.
Observation units: Already in Celsius.
Aligned shape: pred=(5479, 150, 180), obs=(5479, 150, 180)
Spatial evaluation domain: land
Valid spatial pixels      : 17417
Computation pixels        : 17417

--- Computing RMSE for Annual ---
Saved NetCDF: /srv/data/mohammad.elaabaribao/work/interns/y2026/temp/ds_temp_intern/temp/era5_mswt/postproc/results/cnn_bs32_temperature/metrics/rmse/data/land/rmse_annual_daily_first_mean_period.nc
  mean=1.3513, min=0.6324, max=40.1623, std=2.2868

--- Computing RMSE for DJF ---
Saved NetCDF: /srv/data/mohammad.elaabaribao/work/interns/y2026/temp/ds_temp_intern/temp/era5_mswt/postproc/results/cnn_bs32_temperature/metrics/rmse/data/land/rmse_djf_daily_first_mean_period.nc
  mean=1.1995, min=0.5857, max=28.7503, std=1.5445

--- Computing RMSE for MAM ---
Saved NetCDF: /srv/data/mohammad.elaabaribao/work/interns/y2026/temp/ds_temp_intern/temp/era5_mswt/postproc/results/cnn_bs32_temperature/metrics/rmse/data/land/rmse_mam_daily_first_mean_period.nc
  mean=1.3668, min=0.5219, max=38.2547, std=2.1807

--- Computing RMSE for JJA ---
Saved NetCDF: /srv/data/mohammad.elaabaribao/work/interns/y2026/temp/ds_temp_intern/temp/era5_mswt/postproc/results/cnn_bs32_temperature/metrics/rmse/data/land/rmse_jja_daily_first_mean_period.nc
  mean=1.4286, min=0.5274, max=48.8664, std=2.8607

--- Computing RMSE for SON ---
Saved NetCDF: /srv/data/mohammad.elaabaribao/work/interns/y2026/temp/ds_temp_intern/temp/era5_mswt/postproc/results/cnn_bs32_temperature/metrics/rmse/data/land/rmse_son_daily_first_mean_period.nc
  mean=1.3222, min=0.5691, max=41.8842, std=2.3731

Saved summary CSV: /srv/data/mohammad.elaabaribao/work/interns/y2026/temp/ds_temp_intern/temp/era5_mswt/postproc/results/cnn_bs32_temperature/metrics/rmse/data/land/rmse_summary_daily_first.csv

All RMSE products saved successfully.
[RMSE] plot
Using device: cpu
=== Temperature RMSE plotting ===
Spatial domain  : land
Display domain  : land
Metric config   : /srv/data/mohammad.elaabaribao/work/interns/y2026/temp/ds_temp_intern/temp/era5_mswt/postproc/mean/rmse/config.yaml
Main config     : /srv/data/mohammad.elaabaribao/work/interns/y2026/temp/ds_temp_intern/temp/era5_mswt/main/configs/cnn/config_bs32.yaml
Input data dir  : /srv/data/mohammad.elaabaribao/work/interns/y2026/temp/ds_temp_intern/temp/era5_mswt/postproc/results/cnn_bs32_temperature/metrics/rmse/data/land
Output plot dir : /srv/data/mohammad.elaabaribao/work/interns/y2026/temp/ds_temp_intern/temp/era5_mswt/postproc/results/cnn_bs32_temperature/metrics/rmse/plots/land
Strategy        : daily_first
Return by year  : False
[STEP] Plotting annual RMSE map
[STEP] Plotting DJF RMSE map
[STEP] Plotting MAM RMSE map
[STEP] Plotting JJA RMSE map
[STEP] Plotting SON RMSE map
[STEP] Plotting grouped seasonal RMSE panel
[STEP] Plotting seasonal RMSE boxplot
[STEP] Plotting annual RMSE boxplot
[SUCCESS] RMSE figures saved to: /srv/data/mohammad.elaabaribao/work/interns/y2026/temp/ds_temp_intern/temp/era5_mswt/postproc/results/cnn_bs32_temperature/metrics/rmse/plots/land
[RMSE] done

--------------------------------------
[CORRELATION]
Config: era5_mswt/postproc/mean/correlation/config.yaml
--------------------------------------
[CORRELATION] compute
Using device: cpu
=== Temperature correlation postprocessing ===
Spatial domain   : land
Save mask        : True
Metric config   : /srv/data/mohammad.elaabaribao/work/interns/y2026/temp/ds_temp_intern/temp/era5_mswt/postproc/mean/correlation/config.yaml
Main config     : /srv/data/mohammad.elaabaribao/work/interns/y2026/temp/ds_temp_intern/temp/era5_mswt/main/configs/cnn/config_bs32.yaml
Experiment root : /srv/data/mohammad.elaabaribao/work/interns/y2026/temp/ds_temp_intern/temp/era5_mswt/results/cnn_bs32_temperature
Prediction file : /srv/data/mohammad.elaabaribao/work/interns/y2026/temp/ds_temp_intern/temp/era5_mswt/results/cnn_bs32_temperature/output_data/cnn_predictions_mswt.nc
Observation file: /home/mohammad.elaabaribao/lustre/climat-um6p-st-iwri-7ksifkvwkuy/users/mohammad.elaabaribao/data/obs/mswep/mswt_1979_2020.nc
Time window     : 2006-01-01 -> 2020-12-31
Window (CORR D) : 31
Min valid       : 10
Seasons         : ['Annual', 'DJF', 'MAM', 'JJA', 'SON']
corr_d data dir : /srv/data/mohammad.elaabaribao/work/interns/y2026/temp/ds_temp_intern/temp/era5_mswt/postproc/results/cnn_bs32_temperature/metrics/corr_d/data/land
corr_d plot dir : /srv/data/mohammad.elaabaribao/work/interns/y2026/temp/ds_temp_intern/temp/era5_mswt/postproc/results/cnn_bs32_temperature/metrics/corr_d/plots/land
Prediction units : Unit unknown -> no automatic conversion applied.
Observation units: Already in Celsius.
Aligned shape    : pred=(5479, 150, 180), obs=(5479, 150, 180)
Spatial evaluation domain: land
Valid spatial pixels      : 17417
Computation pixels        : 17417

--- Computing correlations for Annual ---
Saved: /srv/data/mohammad.elaabaribao/work/interns/y2026/temp/ds_temp_intern/temp/era5_mswt/postproc/results/cnn_bs32_temperature/metrics/corr_d/data/land/corr_d_annual_mean_period.nc
  CORR D mean=0.9207, min=-0.2093, max=0.9683

--- Computing correlations for DJF ---
Saved: /srv/data/mohammad.elaabaribao/work/interns/y2026/temp/ds_temp_intern/temp/era5_mswt/postproc/results/cnn_bs32_temperature/metrics/corr_d/data/land/corr_d_djf_mean_period.nc
  CORR D mean=0.9162, min=-0.3632, max=0.9637

--- Computing correlations for MAM ---
Saved: /srv/data/mohammad.elaabaribao/work/interns/y2026/temp/ds_temp_intern/temp/era5_mswt/postproc/results/cnn_bs32_temperature/metrics/corr_d/data/land/corr_d_mam_mean_period.nc
  CORR D mean=0.9453, min=-0.2736, max=0.9815

--- Computing correlations for JJA ---
Saved: /srv/data/mohammad.elaabaribao/work/interns/y2026/temp/ds_temp_intern/temp/era5_mswt/postproc/results/cnn_bs32_temperature/metrics/corr_d/data/land/corr_d_jja_mean_period.nc
  CORR D mean=0.8811, min=-0.0547, max=0.9717

--- Computing correlations for SON ---
Saved: /srv/data/mohammad.elaabaribao/work/interns/y2026/temp/ds_temp_intern/temp/era5_mswt/postproc/results/cnn_bs32_temperature/metrics/corr_d/data/land/corr_d_son_mean_period.nc
  CORR D mean=0.9103, min=-0.3127, max=0.9658

Saved summary CSV: /srv/data/mohammad.elaabaribao/work/interns/y2026/temp/ds_temp_intern/temp/era5_mswt/postproc/results/cnn_bs32_temperature/metrics/corr_d/data/land/corr_d_summary.csv

All correlation products saved successfully.
[CORRELATION] plot
Using device: cpu
=== Temperature correlation plotting ===
Spatial domain  : land
Display domain  : land
Metric config   : /srv/data/mohammad.elaabaribao/work/interns/y2026/temp/ds_temp_intern/temp/era5_mswt/postproc/mean/correlation/config.yaml
Main config     : /srv/data/mohammad.elaabaribao/work/interns/y2026/temp/ds_temp_intern/temp/era5_mswt/main/configs/cnn/config_bs32.yaml
Experiment root : /srv/data/mohammad.elaabaribao/work/interns/y2026/temp/ds_temp_intern/temp/era5_mswt/results/cnn_bs32_temperature
Selected seasons: ['Annual', 'DJF', 'MAM', 'JJA', 'SON']

=== Plotting corr_d ===
Spatial domain  : land
Display domain  : land
Input data dir  : /srv/data/mohammad.elaabaribao/work/interns/y2026/temp/ds_temp_intern/temp/era5_mswt/postproc/results/cnn_bs32_temperature/metrics/corr_d/data/land
Output plot dir : /srv/data/mohammad.elaabaribao/work/interns/y2026/temp/ds_temp_intern/temp/era5_mswt/postproc/results/cnn_bs32_temperature/metrics/corr_d/plots/land
[STEP] Plotting annual corr_d map
[STEP] Plotting DJF corr_d map
[STEP] Plotting MAM corr_d map
[STEP] Plotting JJA corr_d map
[STEP] Plotting SON corr_d map
[STEP] Plotting seasonal corr_d panel
[STEP] Plotting seasonal corr_d boxplot
[STEP] Plotting annual corr_d boxplot
[SUCCESS] corr_d figures saved to: /srv/data/mohammad.elaabaribao/work/interns/y2026/temp/ds_temp_intern/temp/era5_mswt/postproc/results/cnn_bs32_temperature/metrics/corr_d/plots/land

All correlation figures saved successfully.
[CORRELATION] done

========== EXTREME METRICS ==========

--------------------------------------
[B02]
Config: era5_mswt/postproc/extreme/b02/config.yaml
--------------------------------------
[B02] compute
Using device: cpu
=== Temperature B-02 postprocessing ===
Spatial domain   : land
Save mask        : True
Metric config   : /srv/data/mohammad.elaabaribao/work/interns/y2026/temp/ds_temp_intern/temp/era5_mswt/postproc/extreme/b02/config.yaml
Main config     : /srv/data/mohammad.elaabaribao/work/interns/y2026/temp/ds_temp_intern/temp/era5_mswt/main/configs/cnn/config_bs32.yaml
Experiment root : /srv/data/mohammad.elaabaribao/work/interns/y2026/temp/ds_temp_intern/temp/era5_mswt/results/cnn_bs32_temperature
Prediction file : /srv/data/mohammad.elaabaribao/work/interns/y2026/temp/ds_temp_intern/temp/era5_mswt/results/cnn_bs32_temperature/output_data/cnn_predictions_mswt.nc
Observation file: /home/mohammad.elaabaribao/lustre/climat-um6p-st-iwri-7ksifkvwkuy/users/mohammad.elaabaribao/data/obs/mswep/mswt_1979_2020.nc
Time window     : 2006-01-01 -> 2020-12-31
Quantile        : 0.02
Min valid       : 10
Seasons         : ['Annual', 'DJF', 'MAM', 'JJA', 'SON']
Data output dir : /srv/data/mohammad.elaabaribao/work/interns/y2026/temp/ds_temp_intern/temp/era5_mswt/postproc/results/cnn_bs32_temperature/metrics/b02/data/land
Plot output dir : /srv/data/mohammad.elaabaribao/work/interns/y2026/temp/ds_temp_intern/temp/era5_mswt/postproc/results/cnn_bs32_temperature/metrics/b02/plots/land
Prediction units : Unit unknown -> no automatic conversion applied.
Observation units: Already in Celsius.
Aligned shape    : pred=(5479, 150, 180), obs=(5479, 150, 180)
Spatial evaluation domain: land
Valid spatial pixels      : 17417
Computation pixels        : 17417

--- Computing B-02 for Annual ---
Saved: /srv/data/mohammad.elaabaribao/work/interns/y2026/temp/ds_temp_intern/temp/era5_mswt/postproc/results/cnn_bs32_temperature/metrics/b02/data/land/b02_annual_mean_period.nc
  mean=-0.0614, min=-32.2890, max=15.9773

--- Computing B-02 for DJF ---
Saved: /srv/data/mohammad.elaabaribao/work/interns/y2026/temp/ds_temp_intern/temp/era5_mswt/postproc/results/cnn_bs32_temperature/metrics/b02/data/land/b02_djf_mean_period.nc
  mean=0.1177, min=-26.0340, max=15.6650

--- Computing B-02 for MAM ---
Saved: /srv/data/mohammad.elaabaribao/work/interns/y2026/temp/ds_temp_intern/temp/era5_mswt/postproc/results/cnn_bs32_temperature/metrics/b02/data/land/b02_mam_mean_period.nc
  mean=-0.6619, min=-34.4355, max=17.5910

--- Computing B-02 for JJA ---
Saved: /srv/data/mohammad.elaabaribao/work/interns/y2026/temp/ds_temp_intern/temp/era5_mswt/postproc/results/cnn_bs32_temperature/metrics/b02/data/land/b02_jja_mean_period.nc
  mean=-0.1211, min=-43.6254, max=26.6410

--- Computing B-02 for SON ---
Saved: /srv/data/mohammad.elaabaribao/work/interns/y2026/temp/ds_temp_intern/temp/era5_mswt/postproc/results/cnn_bs32_temperature/metrics/b02/data/land/b02_son_mean_period.nc
  mean=-0.1374, min=-35.0721, max=17.8104

Saved summary CSV: /srv/data/mohammad.elaabaribao/work/interns/y2026/temp/ds_temp_intern/temp/era5_mswt/postproc/results/cnn_bs32_temperature/metrics/b02/data/land/b02_summary.csv

All B-02 products saved successfully.
[B02] plot
Using device: cpu
=== Temperature B-02 plotting ===
Spatial domain  : land
Display domain  : land
Metric config   : /srv/data/mohammad.elaabaribao/work/interns/y2026/temp/ds_temp_intern/temp/era5_mswt/postproc/extreme/b02/config.yaml
Main config     : /srv/data/mohammad.elaabaribao/work/interns/y2026/temp/ds_temp_intern/temp/era5_mswt/main/configs/cnn/config_bs32.yaml
Input data dir  : /srv/data/mohammad.elaabaribao/work/interns/y2026/temp/ds_temp_intern/temp/era5_mswt/postproc/results/cnn_bs32_temperature/metrics/b02/data/land
Output plot dir : /srv/data/mohammad.elaabaribao/work/interns/y2026/temp/ds_temp_intern/temp/era5_mswt/postproc/results/cnn_bs32_temperature/metrics/b02/plots/land
[STEP] Plotting annual P02 comparison
[STEP] Plotting annual B-02 map
[STEP] Plotting DJF B-02 map
[STEP] Plotting MAM B-02 map
[STEP] Plotting JJA B-02 map
[STEP] Plotting SON B-02 map
[STEP] Plotting grouped seasonal B-02 panel
[STEP] Plotting seasonal B-02 boxplot
[STEP] Plotting annual B-02 boxplot
[SUCCESS] B-02 figures saved to: /srv/data/mohammad.elaabaribao/work/interns/y2026/temp/ds_temp_intern/temp/era5_mswt/postproc/results/cnn_bs32_temperature/metrics/b02/plots/land
[B02] done

--------------------------------------
[B98]
Config: era5_mswt/postproc/extreme/b98/config.yaml
--------------------------------------
[B98] compute
Using device: cpu
=== Temperature B-98 postprocessing ===
Spatial domain   : land
Save mask        : True
Metric config   : /srv/data/mohammad.elaabaribao/work/interns/y2026/temp/ds_temp_intern/temp/era5_mswt/postproc/extreme/b98/config.yaml
Main config     : /srv/data/mohammad.elaabaribao/work/interns/y2026/temp/ds_temp_intern/temp/era5_mswt/main/configs/cnn/config_bs32.yaml
Experiment root : /srv/data/mohammad.elaabaribao/work/interns/y2026/temp/ds_temp_intern/temp/era5_mswt/results/cnn_bs32_temperature
Prediction file : /srv/data/mohammad.elaabaribao/work/interns/y2026/temp/ds_temp_intern/temp/era5_mswt/results/cnn_bs32_temperature/output_data/cnn_predictions_mswt.nc
Observation file: /home/mohammad.elaabaribao/lustre/climat-um6p-st-iwri-7ksifkvwkuy/users/mohammad.elaabaribao/data/obs/mswep/mswt_1979_2020.nc
Time window     : 2006-01-01 -> 2020-12-31
Quantile        : 0.98
Min valid       : 10
Seasons         : ['Annual', 'DJF', 'MAM', 'JJA', 'SON']
Data output dir : /srv/data/mohammad.elaabaribao/work/interns/y2026/temp/ds_temp_intern/temp/era5_mswt/postproc/results/cnn_bs32_temperature/metrics/b98/data/land
Plot output dir : /srv/data/mohammad.elaabaribao/work/interns/y2026/temp/ds_temp_intern/temp/era5_mswt/postproc/results/cnn_bs32_temperature/metrics/b98/plots/land
Prediction units : Unit unknown -> no automatic conversion applied.
Observation units: Already in Celsius.
Aligned shape    : pred=(5479, 150, 180), obs=(5479, 150, 180)
Spatial evaluation domain: land
Valid spatial pixels      : 17417
Computation pixels        : 17417

--- Computing B-98 for Annual ---
Saved: /srv/data/mohammad.elaabaribao/work/interns/y2026/temp/ds_temp_intern/temp/era5_mswt/postproc/results/cnn_bs32_temperature/metrics/b98/data/land/b98_annual_mean_period.nc
  mean=-0.4902, min=-46.5864, max=32.0871

--- Computing B-98 for DJF ---
Saved: /srv/data/mohammad.elaabaribao/work/interns/y2026/temp/ds_temp_intern/temp/era5_mswt/postproc/results/cnn_bs32_temperature/metrics/b98/data/land/b98_djf_mean_period.nc
  mean=-0.7029, min=-33.4166, max=20.3746

--- Computing B-98 for MAM ---
Saved: /srv/data/mohammad.elaabaribao/work/interns/y2026/temp/ds_temp_intern/temp/era5_mswt/postproc/results/cnn_bs32_temperature/metrics/b98/data/land/b98_mam_mean_period.nc
  mean=-0.8329, min=-44.1430, max=29.0807

--- Computing B-98 for JJA ---
Saved: /srv/data/mohammad.elaabaribao/work/interns/y2026/temp/ds_temp_intern/temp/era5_mswt/postproc/results/cnn_bs32_temperature/metrics/b98/data/land/b98_jja_mean_period.nc
  mean=-0.6633, min=-52.3368, max=32.7121

--- Computing B-98 for SON ---
Saved: /srv/data/mohammad.elaabaribao/work/interns/y2026/temp/ds_temp_intern/temp/era5_mswt/postproc/results/cnn_bs32_temperature/metrics/b98/data/land/b98_son_mean_period.nc
  mean=-0.4070, min=-46.5924, max=31.4199

Saved summary CSV: /srv/data/mohammad.elaabaribao/work/interns/y2026/temp/ds_temp_intern/temp/era5_mswt/postproc/results/cnn_bs32_temperature/metrics/b98/data/land/b98_summary.csv

All B-98 products saved successfully.
[B98] plot
Using device: cpu
=== Temperature B-98 plotting ===
Spatial domain  : land
Display domain  : land
Metric config   : /srv/data/mohammad.elaabaribao/work/interns/y2026/temp/ds_temp_intern/temp/era5_mswt/postproc/extreme/b98/config.yaml
Main config     : /srv/data/mohammad.elaabaribao/work/interns/y2026/temp/ds_temp_intern/temp/era5_mswt/main/configs/cnn/config_bs32.yaml
Input data dir  : /srv/data/mohammad.elaabaribao/work/interns/y2026/temp/ds_temp_intern/temp/era5_mswt/postproc/results/cnn_bs32_temperature/metrics/b98/data/land
Output plot dir : /srv/data/mohammad.elaabaribao/work/interns/y2026/temp/ds_temp_intern/temp/era5_mswt/postproc/results/cnn_bs32_temperature/metrics/b98/plots/land
[STEP] Plotting annual P98 comparison
[STEP] Plotting annual B-98 map
[STEP] Plotting DJF B-98 map
[STEP] Plotting MAM B-98 map
[STEP] Plotting JJA B-98 map
[STEP] Plotting SON B-98 map
[STEP] Plotting grouped seasonal B-98 panel
[STEP] Plotting seasonal B-98 boxplot
[STEP] Plotting annual B-98 boxplot
[SUCCESS] B-98 figures saved to: /srv/data/mohammad.elaabaribao/work/interns/y2026/temp/ds_temp_intern/temp/era5_mswt/postproc/results/cnn_bs32_temperature/metrics/b98/plots/land
[B98] done

--------------------------------------
[CAMS]
Config: era5_mswt/postproc/extreme/cams/config.yaml
--------------------------------------
[CAMS] compute
Using device: cpu
=== Temperature CAMS postprocessing ===
Spatial domain   : land
Save mask        : True
Metric config     : /srv/data/mohammad.elaabaribao/work/interns/y2026/temp/ds_temp_intern/temp/era5_mswt/postproc/extreme/cams/config.yaml
Main config       : /srv/data/mohammad.elaabaribao/work/interns/y2026/temp/ds_temp_intern/temp/era5_mswt/main/configs/cnn/config_bs32.yaml
Experiment root   : /srv/data/mohammad.elaabaribao/work/interns/y2026/temp/ds_temp_intern/temp/era5_mswt/results/cnn_bs32_temperature
Prediction file   : /srv/data/mohammad.elaabaribao/work/interns/y2026/temp/ds_temp_intern/temp/era5_mswt/results/cnn_bs32_temperature/output_data/cnn_predictions_mswt.nc
Observation file  : /home/mohammad.elaabaribao/lustre/climat-um6p-st-iwri-7ksifkvwkuy/users/mohammad.elaabaribao/data/obs/mswep/mswt_1979_2020.nc
Time window       : 2006-01-01 -> 2020-12-31
Threshold quantile: 0.1
Min spell length  : 2
Min valid days    : 10
Min valid years   : 1
Data output dir   : /srv/data/mohammad.elaabaribao/work/interns/y2026/temp/ds_temp_intern/temp/era5_mswt/postproc/results/cnn_bs32_temperature/metrics/cams/data/land
Plot output dir   : /srv/data/mohammad.elaabaribao/work/interns/y2026/temp/ds_temp_intern/temp/era5_mswt/postproc/results/cnn_bs32_temperature/metrics/cams/plots/land
Prediction units : Unit unknown -> no automatic conversion applied.
Observation units: Already in Celsius.
Aligned shape    : pred=(5479, 150, 180), obs=(5479, 150, 180)
Spatial evaluation domain: land
Valid spatial pixels      : 17417
Computation pixels        : 17417
Saved summary CSV: /srv/data/mohammad.elaabaribao/work/interns/y2026/temp/ds_temp_intern/temp/era5_mswt/postproc/results/cnn_bs32_temperature/metrics/cams/data/land/cams_summary.csv
Saved: /srv/data/mohammad.elaabaribao/work/interns/y2026/temp/ds_temp_intern/temp/era5_mswt/postproc/results/cnn_bs32_temperature/metrics/cams/data/land/cams_annual_mean_period.nc
  bCAMS mean=1.6647, min=-11.0000, max=9.0000

CAMS products saved successfully.
[CAMS] plot
Using device: cpu
=== Temperature CAMS plotting ===
Spatial domain  : land
Display domain  : land
Metric config   : /srv/data/mohammad.elaabaribao/work/interns/y2026/temp/ds_temp_intern/temp/era5_mswt/postproc/extreme/cams/config.yaml
Main config     : /srv/data/mohammad.elaabaribao/work/interns/y2026/temp/ds_temp_intern/temp/era5_mswt/main/configs/cnn/config_bs32.yaml
Input data dir  : /srv/data/mohammad.elaabaribao/work/interns/y2026/temp/ds_temp_intern/temp/era5_mswt/postproc/results/cnn_bs32_temperature/metrics/cams/data/land
Output plot dir : /srv/data/mohammad.elaabaribao/work/interns/y2026/temp/ds_temp_intern/temp/era5_mswt/postproc/results/cnn_bs32_temperature/metrics/cams/plots/land
[STEP] Loading CAMS fields
[STEP] Plotting annual CAMS comparison
[STEP] Plotting annual bCAMS map
[STEP] Plotting annual bCAMS boxplot
[SUCCESS] CAMS figures saved to: /srv/data/mohammad.elaabaribao/work/interns/y2026/temp/ds_temp_intern/temp/era5_mswt/postproc/results/cnn_bs32_temperature/metrics/cams/plots/land
[CAMS] done

--------------------------------------
[WAMS]
Config: era5_mswt/postproc/extreme/wams/config.yaml
--------------------------------------
[WAMS] compute
Using device: cpu
=== Temperature WAMS postprocessing ===
Spatial domain   : land
Save mask        : True
Metric config     : /srv/data/mohammad.elaabaribao/work/interns/y2026/temp/ds_temp_intern/temp/era5_mswt/postproc/extreme/wams/config.yaml
Main config       : /srv/data/mohammad.elaabaribao/work/interns/y2026/temp/ds_temp_intern/temp/era5_mswt/main/configs/cnn/config_bs32.yaml
Experiment root   : /srv/data/mohammad.elaabaribao/work/interns/y2026/temp/ds_temp_intern/temp/era5_mswt/results/cnn_bs32_temperature
Prediction file   : /srv/data/mohammad.elaabaribao/work/interns/y2026/temp/ds_temp_intern/temp/era5_mswt/results/cnn_bs32_temperature/output_data/cnn_predictions_mswt.nc
Observation file  : /home/mohammad.elaabaribao/lustre/climat-um6p-st-iwri-7ksifkvwkuy/users/mohammad.elaabaribao/data/obs/mswep/mswt_1979_2020.nc
Time window       : 2006-01-01 -> 2020-12-31
Threshold quantile: 0.9
Min spell length  : 2
Min valid days    : 10
Min valid years   : 1
Data output dir   : /srv/data/mohammad.elaabaribao/work/interns/y2026/temp/ds_temp_intern/temp/era5_mswt/postproc/results/cnn_bs32_temperature/metrics/wams/data/land
Plot output dir   : /srv/data/mohammad.elaabaribao/work/interns/y2026/temp/ds_temp_intern/temp/era5_mswt/postproc/results/cnn_bs32_temperature/metrics/wams/plots/land
Prediction units : Unit unknown -> no automatic conversion applied.
Observation units: Already in Celsius.
Aligned shape    : pred=(5479, 150, 180), obs=(5479, 150, 180)
Spatial evaluation domain: land
Valid spatial pixels      : 17417
Computation pixels        : 17417
Saved summary CSV: /srv/data/mohammad.elaabaribao/work/interns/y2026/temp/ds_temp_intern/temp/era5_mswt/postproc/results/cnn_bs32_temperature/metrics/wams/data/land/wams_summary.csv
Saved: /srv/data/mohammad.elaabaribao/work/interns/y2026/temp/ds_temp_intern/temp/era5_mswt/postproc/results/cnn_bs32_temperature/metrics/wams/data/land/wams_annual_mean_period.nc
  bWAMS mean=0.5432, min=-9.0000, max=7.0000

WAMS products saved successfully.
[WAMS] plot
Using device: cpu
=== Temperature WAMS plotting ===
Spatial domain  : land
Display domain  : land
Metric config   : /srv/data/mohammad.elaabaribao/work/interns/y2026/temp/ds_temp_intern/temp/era5_mswt/postproc/extreme/wams/config.yaml
Main config     : /srv/data/mohammad.elaabaribao/work/interns/y2026/temp/ds_temp_intern/temp/era5_mswt/main/configs/cnn/config_bs32.yaml
Input data dir  : /srv/data/mohammad.elaabaribao/work/interns/y2026/temp/ds_temp_intern/temp/era5_mswt/postproc/results/cnn_bs32_temperature/metrics/wams/data/land
Output plot dir : /srv/data/mohammad.elaabaribao/work/interns/y2026/temp/ds_temp_intern/temp/era5_mswt/postproc/results/cnn_bs32_temperature/metrics/wams/plots/land
[STEP] Loading WAMS fields
[STEP] Plotting annual WAMS comparison
[STEP] Plotting annual bWAMS map
[STEP] Plotting annual bWAMS boxplot
[SUCCESS] WAMS figures saved to: /srv/data/mohammad.elaabaribao/work/interns/y2026/temp/ds_temp_intern/temp/era5_mswt/postproc/results/cnn_bs32_temperature/metrics/wams/plots/land
[WAMS] done

========== TEMPORAL METRICS ==========

--------------------------------------
[AC1]
Config: era5_mswt/postproc/temporal/ac1/config.yaml
--------------------------------------
[AC1] compute
Using device: cpu
=== Temperature AC1 postprocessing ===
Spatial domain   : land
Save mask        : True
Metric config   : /srv/data/mohammad.elaabaribao/work/interns/y2026/temp/ds_temp_intern/temp/era5_mswt/postproc/temporal/ac1/config.yaml
Main config     : /srv/data/mohammad.elaabaribao/work/interns/y2026/temp/ds_temp_intern/temp/era5_mswt/main/configs/cnn/config_bs32.yaml
Experiment root : /srv/data/mohammad.elaabaribao/work/interns/y2026/temp/ds_temp_intern/temp/era5_mswt/results/cnn_bs32_temperature
Prediction file : /srv/data/mohammad.elaabaribao/work/interns/y2026/temp/ds_temp_intern/temp/era5_mswt/results/cnn_bs32_temperature/output_data/cnn_predictions_mswt.nc
Observation file: /home/mohammad.elaabaribao/lustre/climat-um6p-st-iwri-7ksifkvwkuy/users/mohammad.elaabaribao/data/obs/mswep/mswt_1979_2020.nc
Time window     : 2006-01-01 -> 2020-12-31
Min valid pairs : 10
Data output dir : /srv/data/mohammad.elaabaribao/work/interns/y2026/temp/ds_temp_intern/temp/era5_mswt/postproc/results/cnn_bs32_temperature/metrics/ac1/data/land
Plot output dir : /srv/data/mohammad.elaabaribao/work/interns/y2026/temp/ds_temp_intern/temp/era5_mswt/postproc/results/cnn_bs32_temperature/metrics/ac1/plots/land
Prediction units : Unit unknown -> no automatic conversion applied.
Observation units: Already in Celsius.
Aligned shape    : pred=(5479, 150, 180), obs=(5479, 150, 180)
Spatial evaluation domain: land
Valid spatial pixels      : 17417
Computation pixels        : 17417
Saved summary CSV: /srv/data/mohammad.elaabaribao/work/interns/y2026/temp/ds_temp_intern/temp/era5_mswt/postproc/results/cnn_bs32_temperature/metrics/ac1/data/land/ac1_summary.csv
Saved: /srv/data/mohammad.elaabaribao/work/interns/y2026/temp/ds_temp_intern/temp/era5_mswt/postproc/results/cnn_bs32_temperature/metrics/ac1/data/land/ac1_annual_mean_period.nc
  bAC1 mean=0.0060, min=-0.1951, max=0.0989

AC1 products saved successfully.
[AC1] plot
Using device: cpu
=== Temperature AC1 plotting ===
Spatial domain  : land
Display domain  : land
Metric config   : /srv/data/mohammad.elaabaribao/work/interns/y2026/temp/ds_temp_intern/temp/era5_mswt/postproc/temporal/ac1/config.yaml
Main config     : /srv/data/mohammad.elaabaribao/work/interns/y2026/temp/ds_temp_intern/temp/era5_mswt/main/configs/cnn/config_bs32.yaml
Input data dir  : /srv/data/mohammad.elaabaribao/work/interns/y2026/temp/ds_temp_intern/temp/era5_mswt/postproc/results/cnn_bs32_temperature/metrics/ac1/data/land
Output plot dir : /srv/data/mohammad.elaabaribao/work/interns/y2026/temp/ds_temp_intern/temp/era5_mswt/postproc/results/cnn_bs32_temperature/metrics/ac1/plots/land
[STEP] Loading AC1 fields
[STEP] Plotting annual AC1 comparison
[STEP] Plotting annual bAC1 map
[STEP] Plotting annual bAC1 boxplot
[SUCCESS] AC1 figures saved to: /srv/data/mohammad.elaabaribao/work/interns/y2026/temp/ds_temp_intern/temp/era5_mswt/postproc/results/cnn_bs32_temperature/metrics/ac1/plots/land
[AC1] done

--------------------------------------
[RSTD]
Config: era5_mswt/postproc/temporal/rstd/config.yaml
--------------------------------------
[RSTD] compute
Using device: cpu
=== Temperature RSTD postprocessing ===
Spatial domain   : land
Save mask        : True
Metric config   : /srv/data/mohammad.elaabaribao/work/interns/y2026/temp/ds_temp_intern/temp/era5_mswt/postproc/temporal/rstd/config.yaml
Main config     : /srv/data/mohammad.elaabaribao/work/interns/y2026/temp/ds_temp_intern/temp/era5_mswt/main/configs/cnn/config_bs32.yaml
Experiment root : /srv/data/mohammad.elaabaribao/work/interns/y2026/temp/ds_temp_intern/temp/era5_mswt/results/cnn_bs32_temperature
Prediction file : /srv/data/mohammad.elaabaribao/work/interns/y2026/temp/ds_temp_intern/temp/era5_mswt/results/cnn_bs32_temperature/output_data/cnn_predictions_mswt.nc
Observation file: /home/mohammad.elaabaribao/lustre/climat-um6p-st-iwri-7ksifkvwkuy/users/mohammad.elaabaribao/data/obs/mswep/mswt_1979_2020.nc
Time window     : 2006-01-01 -> 2020-12-31
Window          : 31
Min valid       : 10
Data output dir : /srv/data/mohammad.elaabaribao/work/interns/y2026/temp/ds_temp_intern/temp/era5_mswt/postproc/results/cnn_bs32_temperature/metrics/rstd/data/land
Plot output dir : /srv/data/mohammad.elaabaribao/work/interns/y2026/temp/ds_temp_intern/temp/era5_mswt/postproc/results/cnn_bs32_temperature/metrics/rstd/plots/land
Prediction units : Unit unknown -> no automatic conversion applied.
Observation units: Already in Celsius.
Aligned shape    : pred=(5479, 150, 180), obs=(5479, 150, 180)
Spatial evaluation domain: land
Valid spatial pixels      : 17417
Computation pixels        : 17417
Saved summary CSV: /srv/data/mohammad.elaabaribao/work/interns/y2026/temp/ds_temp_intern/temp/era5_mswt/postproc/results/cnn_bs32_temperature/metrics/rstd/data/land/rstd_summary.csv
Saved: /srv/data/mohammad.elaabaribao/work/interns/y2026/temp/ds_temp_intern/temp/era5_mswt/postproc/results/cnn_bs32_temperature/metrics/rstd/data/land/rstd_annual_mean_period.nc
  RSTD mean=0.9366, min=0.1835, max=1.5815

RSTD products saved successfully.
[RSTD] plot
/srv/data/mohammad.elaabaribao/work/interns/y2026/temp/ds_temp_intern/temp/era5_mswt/postproc/temporal/rstd/plot.py:355: MatplotlibDeprecationWarning: The 'labels' parameter of boxplot() has been renamed 'tick_labels' since Matplotlib 3.9; support for the old name will be dropped in 3.11.
  ax.boxplot(
Using device: cpu
=== Temperature RSTD plotting ===
Spatial domain  : land
Display domain  : land
Metric config   : /srv/data/mohammad.elaabaribao/work/interns/y2026/temp/ds_temp_intern/temp/era5_mswt/postproc/temporal/rstd/config.yaml
Main config     : /srv/data/mohammad.elaabaribao/work/interns/y2026/temp/ds_temp_intern/temp/era5_mswt/main/configs/cnn/config_bs32.yaml
Input data dir  : /srv/data/mohammad.elaabaribao/work/interns/y2026/temp/ds_temp_intern/temp/era5_mswt/postproc/results/cnn_bs32_temperature/metrics/rstd/data/land
Output plot dir : /srv/data/mohammad.elaabaribao/work/interns/y2026/temp/ds_temp_intern/temp/era5_mswt/postproc/results/cnn_bs32_temperature/metrics/rstd/plots/land
[STEP] Loading RSTD fields
[STEP] Plotting annual standard deviation comparison
[STEP] Plotting annual RSTD map
[STEP] Plotting annual RSTD boxplot
[SUCCESS] RSTD figures saved to: /srv/data/mohammad.elaabaribao/work/interns/y2026/temp/ds_temp_intern/temp/era5_mswt/postproc/results/cnn_bs32_temperature/metrics/rstd/plots/land
[RSTD] done

======================================
 Postprocessing finished successfully
======================================
======================================
 Running postprocessing metrics
======================================
[INFO] Current directory:
/srv/data/mohammad.elaabaribao/work/interns/y2026/temp/ds_temp_intern/temp

[INFO] Selected config : config.yaml
[INFO] Selected group  : all


========== MEAN METRICS ==========

--------------------------------------
[BIAS]
Config: era5_mswt/postproc/mean/bias/config.yaml
--------------------------------------
[BIAS] compute
Using device: cpu
=== Temperature bias postprocessing ===
Spatial domain   : land
Save mask        : True
Metric config   : /srv/data/mohammad.elaabaribao/work/interns/y2026/temp/ds_temp_intern/temp/era5_mswt/postproc/mean/bias/config.yaml
Main config     : /srv/data/mohammad.elaabaribao/work/interns/y2026/temp/ds_temp_intern/temp/era5_mswt/main/configs/cnn/config_mse.yaml
Experiment root : /srv/data/mohammad.elaabaribao/work/interns/y2026/temp/ds_temp_intern/temp/era5_mswt/results/cnn_mse_temperature
Prediction file : /srv/data/mohammad.elaabaribao/work/interns/y2026/temp/ds_temp_intern/temp/era5_mswt/results/cnn_mse_temperature/output_data/cnn_predictions_mswt.nc
Observation file: /home/mohammad.elaabaribao/lustre/climat-um6p-st-iwri-7ksifkvwkuy/users/mohammad.elaabaribao/data/obs/mswep/mswt_1979_2020.nc
Time window     : 2006-01-01 -> 2020-12-31
Strategy        : daily_first
Return by year  : False
Min valid       : 10
Seasons         : ['Annual', 'DJF', 'MAM', 'JJA', 'SON']
Data output dir : /srv/data/mohammad.elaabaribao/work/interns/y2026/temp/ds_temp_intern/temp/era5_mswt/postproc/results/cnn_mse_temperature/metrics/bias/data/land
Plot output dir : /srv/data/mohammad.elaabaribao/work/interns/y2026/temp/ds_temp_intern/temp/era5_mswt/postproc/results/cnn_mse_temperature/metrics/bias/plots/land
Prediction units : Unit unknown -> no automatic conversion applied.
Observation units: Already in Celsius.
Aligned shape: pred=(5479, 150, 180), obs=(5479, 150, 180)
Spatial evaluation domain: land
Valid spatial pixels      : 17417
Computation pixels        : 17417

--- Computing bias for Annual ---
Saved NetCDF: /srv/data/mohammad.elaabaribao/work/interns/y2026/temp/ds_temp_intern/temp/era5_mswt/postproc/results/cnn_mse_temperature/metrics/bias/data/land/bias_annual_daily_first_mean_period.nc
  mean=-0.3926, min=-2.2294, max=0.7027, std=0.3441

--- Computing bias for DJF ---
Saved NetCDF: /srv/data/mohammad.elaabaribao/work/interns/y2026/temp/ds_temp_intern/temp/era5_mswt/postproc/results/cnn_mse_temperature/metrics/bias/data/land/bias_djf_daily_first_mean_period.nc
  mean=-0.0956, min=-1.5652, max=0.8472, std=0.2812

--- Computing bias for MAM ---
Saved NetCDF: /srv/data/mohammad.elaabaribao/work/interns/y2026/temp/ds_temp_intern/temp/era5_mswt/postproc/results/cnn_mse_temperature/metrics/bias/data/land/bias_mam_daily_first_mean_period.nc
  mean=-0.5837, min=-2.1314, max=0.5018, std=0.3868

--- Computing bias for JJA ---
Saved NetCDF: /srv/data/mohammad.elaabaribao/work/interns/y2026/temp/ds_temp_intern/temp/era5_mswt/postproc/results/cnn_mse_temperature/metrics/bias/data/land/bias_jja_daily_first_mean_period.nc
  mean=-0.5481, min=-2.8082, max=0.8355, std=0.4386

--- Computing bias for SON ---
Saved NetCDF: /srv/data/mohammad.elaabaribao/work/interns/y2026/temp/ds_temp_intern/temp/era5_mswt/postproc/results/cnn_mse_temperature/metrics/bias/data/land/bias_son_daily_first_mean_period.nc
  mean=-0.3277, min=-2.4192, max=0.6393, std=0.3536

Saved summary CSV: /srv/data/mohammad.elaabaribao/work/interns/y2026/temp/ds_temp_intern/temp/era5_mswt/postproc/results/cnn_mse_temperature/metrics/bias/data/land/bias_summary_daily_first.csv

All bias products saved successfully.
[BIAS] plot
Using device: cpu
=== Temperature bias plotting ===
Spatial domain  : land
Display domain  : land
Metric config   : /srv/data/mohammad.elaabaribao/work/interns/y2026/temp/ds_temp_intern/temp/era5_mswt/postproc/mean/bias/config.yaml
Main config     : /srv/data/mohammad.elaabaribao/work/interns/y2026/temp/ds_temp_intern/temp/era5_mswt/main/configs/cnn/config_mse.yaml
Input data dir  : /srv/data/mohammad.elaabaribao/work/interns/y2026/temp/ds_temp_intern/temp/era5_mswt/postproc/results/cnn_mse_temperature/metrics/bias/data/land
Output plot dir : /srv/data/mohammad.elaabaribao/work/interns/y2026/temp/ds_temp_intern/temp/era5_mswt/postproc/results/cnn_mse_temperature/metrics/bias/plots/land
Strategy        : daily_first
Return by year  : False
[STEP] Plotting annual bias map
[STEP] Plotting DJF bias map
[STEP] Plotting MAM bias map
[STEP] Plotting JJA bias map
[STEP] Plotting SON bias map
[STEP] Plotting grouped seasonal bias panel
[STEP] Plotting seasonal bias boxplot
[STEP] Plotting annual bias boxplot
[SUCCESS] Bias figures saved to: /srv/data/mohammad.elaabaribao/work/interns/y2026/temp/ds_temp_intern/temp/era5_mswt/postproc/results/cnn_mse_temperature/metrics/bias/plots/land
[BIAS] done

--------------------------------------
[RMSE]
Config: era5_mswt/postproc/mean/rmse/config.yaml
--------------------------------------
[RMSE] compute
Using device: cpu
=== Temperature RMSE postprocessing ===
Spatial domain   : land
Save mask        : True
Metric config   : /srv/data/mohammad.elaabaribao/work/interns/y2026/temp/ds_temp_intern/temp/era5_mswt/postproc/mean/rmse/config.yaml
Main config     : /srv/data/mohammad.elaabaribao/work/interns/y2026/temp/ds_temp_intern/temp/era5_mswt/main/configs/cnn/config_mse.yaml
Experiment root : /srv/data/mohammad.elaabaribao/work/interns/y2026/temp/ds_temp_intern/temp/era5_mswt/results/cnn_mse_temperature
Prediction file : /srv/data/mohammad.elaabaribao/work/interns/y2026/temp/ds_temp_intern/temp/era5_mswt/results/cnn_mse_temperature/output_data/cnn_predictions_mswt.nc
Observation file: /home/mohammad.elaabaribao/lustre/climat-um6p-st-iwri-7ksifkvwkuy/users/mohammad.elaabaribao/data/obs/mswep/mswt_1979_2020.nc
Time window     : 2006-01-01 -> 2020-12-31
Strategy        : daily_first
Return by year  : False
Min valid       : 10
Seasons         : ['Annual', 'DJF', 'MAM', 'JJA', 'SON']
Data output dir : /srv/data/mohammad.elaabaribao/work/interns/y2026/temp/ds_temp_intern/temp/era5_mswt/postproc/results/cnn_mse_temperature/metrics/rmse/data/land
Plot output dir : /srv/data/mohammad.elaabaribao/work/interns/y2026/temp/ds_temp_intern/temp/era5_mswt/postproc/results/cnn_mse_temperature/metrics/rmse/plots/land
Prediction units : Unit unknown -> no automatic conversion applied.
Observation units: Already in Celsius.
Aligned shape: pred=(5479, 150, 180), obs=(5479, 150, 180)
Spatial evaluation domain: land
Valid spatial pixels      : 17417
Computation pixels        : 17417

--- Computing RMSE for Annual ---
Saved NetCDF: /srv/data/mohammad.elaabaribao/work/interns/y2026/temp/ds_temp_intern/temp/era5_mswt/postproc/results/cnn_mse_temperature/metrics/rmse/data/land/rmse_annual_daily_first_mean_period.nc
  mean=1.0851, min=0.6290, max=2.6019, std=0.2177

--- Computing RMSE for DJF ---
Saved NetCDF: /srv/data/mohammad.elaabaribao/work/interns/y2026/temp/ds_temp_intern/temp/era5_mswt/postproc/results/cnn_mse_temperature/metrics/rmse/data/land/rmse_djf_daily_first_mean_period.nc
  mean=0.9584, min=0.6214, max=2.1168, std=0.1432

--- Computing RMSE for MAM ---
Saved NetCDF: /srv/data/mohammad.elaabaribao/work/interns/y2026/temp/ds_temp_intern/temp/era5_mswt/postproc/results/cnn_mse_temperature/metrics/rmse/data/land/rmse_mam_daily_first_mean_period.nc
  mean=1.1396, min=0.5350, max=2.4095, std=0.2665

--- Computing RMSE for JJA ---
Saved NetCDF: /srv/data/mohammad.elaabaribao/work/interns/y2026/temp/ds_temp_intern/temp/era5_mswt/postproc/results/cnn_mse_temperature/metrics/rmse/data/land/rmse_jja_daily_first_mean_period.nc
  mean=1.1446, min=0.5509, max=3.0149, std=0.2762

--- Computing RMSE for SON ---
Saved NetCDF: /srv/data/mohammad.elaabaribao/work/interns/y2026/temp/ds_temp_intern/temp/era5_mswt/postproc/results/cnn_mse_temperature/metrics/rmse/data/land/rmse_son_daily_first_mean_period.nc
  mean=1.0382, min=0.6536, max=2.7252, std=0.2102

Saved summary CSV: /srv/data/mohammad.elaabaribao/work/interns/y2026/temp/ds_temp_intern/temp/era5_mswt/postproc/results/cnn_mse_temperature/metrics/rmse/data/land/rmse_summary_daily_first.csv

All RMSE products saved successfully.
[RMSE] plot
Using device: cpu
=== Temperature RMSE plotting ===
Spatial domain  : land
Display domain  : land
Metric config   : /srv/data/mohammad.elaabaribao/work/interns/y2026/temp/ds_temp_intern/temp/era5_mswt/postproc/mean/rmse/config.yaml
Main config     : /srv/data/mohammad.elaabaribao/work/interns/y2026/temp/ds_temp_intern/temp/era5_mswt/main/configs/cnn/config_mse.yaml
Input data dir  : /srv/data/mohammad.elaabaribao/work/interns/y2026/temp/ds_temp_intern/temp/era5_mswt/postproc/results/cnn_mse_temperature/metrics/rmse/data/land
Output plot dir : /srv/data/mohammad.elaabaribao/work/interns/y2026/temp/ds_temp_intern/temp/era5_mswt/postproc/results/cnn_mse_temperature/metrics/rmse/plots/land
Strategy        : daily_first
Return by year  : False
[STEP] Plotting annual RMSE map
[STEP] Plotting DJF RMSE map
[STEP] Plotting MAM RMSE map
[STEP] Plotting JJA RMSE map
[STEP] Plotting SON RMSE map
[STEP] Plotting grouped seasonal RMSE panel
[STEP] Plotting seasonal RMSE boxplot
[STEP] Plotting annual RMSE boxplot
[SUCCESS] RMSE figures saved to: /srv/data/mohammad.elaabaribao/work/interns/y2026/temp/ds_temp_intern/temp/era5_mswt/postproc/results/cnn_mse_temperature/metrics/rmse/plots/land
[RMSE] done

--------------------------------------
[CORRELATION]
Config: era5_mswt/postproc/mean/correlation/config.yaml
--------------------------------------
[CORRELATION] compute
Using device: cpu
=== Temperature correlation postprocessing ===
Spatial domain   : land
Save mask        : True
Metric config   : /srv/data/mohammad.elaabaribao/work/interns/y2026/temp/ds_temp_intern/temp/era5_mswt/postproc/mean/correlation/config.yaml
Main config     : /srv/data/mohammad.elaabaribao/work/interns/y2026/temp/ds_temp_intern/temp/era5_mswt/main/configs/cnn/config_mse.yaml
Experiment root : /srv/data/mohammad.elaabaribao/work/interns/y2026/temp/ds_temp_intern/temp/era5_mswt/results/cnn_mse_temperature
Prediction file : /srv/data/mohammad.elaabaribao/work/interns/y2026/temp/ds_temp_intern/temp/era5_mswt/results/cnn_mse_temperature/output_data/cnn_predictions_mswt.nc
Observation file: /home/mohammad.elaabaribao/lustre/climat-um6p-st-iwri-7ksifkvwkuy/users/mohammad.elaabaribao/data/obs/mswep/mswt_1979_2020.nc
Time window     : 2006-01-01 -> 2020-12-31
Window (CORR D) : 31
Min valid       : 10
Seasons         : ['Annual', 'DJF', 'MAM', 'JJA', 'SON']
corr_d data dir : /srv/data/mohammad.elaabaribao/work/interns/y2026/temp/ds_temp_intern/temp/era5_mswt/postproc/results/cnn_mse_temperature/metrics/corr_d/data/land
corr_d plot dir : /srv/data/mohammad.elaabaribao/work/interns/y2026/temp/ds_temp_intern/temp/era5_mswt/postproc/results/cnn_mse_temperature/metrics/corr_d/plots/land
Prediction units : Unit unknown -> no automatic conversion applied.
Observation units: Already in Celsius.
Aligned shape    : pred=(5479, 150, 180), obs=(5479, 150, 180)
Spatial evaluation domain: land
Valid spatial pixels      : 17417
Computation pixels        : 17417

--- Computing correlations for Annual ---
Saved: /srv/data/mohammad.elaabaribao/work/interns/y2026/temp/ds_temp_intern/temp/era5_mswt/postproc/results/cnn_mse_temperature/metrics/corr_d/data/land/corr_d_annual_mean_period.nc
  CORR D mean=0.9307, min=0.6234, max=0.9672

--- Computing correlations for DJF ---
Saved: /srv/data/mohammad.elaabaribao/work/interns/y2026/temp/ds_temp_intern/temp/era5_mswt/postproc/results/cnn_mse_temperature/metrics/corr_d/data/land/corr_d_djf_mean_period.nc
  CORR D mean=0.9314, min=0.7716, max=0.9659

--- Computing correlations for MAM ---
Saved: /srv/data/mohammad.elaabaribao/work/interns/y2026/temp/ds_temp_intern/temp/era5_mswt/postproc/results/cnn_mse_temperature/metrics/corr_d/data/land/corr_d_mam_mean_period.nc
  CORR D mean=0.9510, min=0.6414, max=0.9794

--- Computing correlations for JJA ---
Saved: /srv/data/mohammad.elaabaribao/work/interns/y2026/temp/ds_temp_intern/temp/era5_mswt/postproc/results/cnn_mse_temperature/metrics/corr_d/data/land/corr_d_jja_mean_period.nc
  CORR D mean=0.8910, min=0.3473, max=0.9704

--- Computing correlations for SON ---
Saved: /srv/data/mohammad.elaabaribao/work/interns/y2026/temp/ds_temp_intern/temp/era5_mswt/postproc/results/cnn_mse_temperature/metrics/corr_d/data/land/corr_d_son_mean_period.nc
  CORR D mean=0.9218, min=0.6403, max=0.9652

Saved summary CSV: /srv/data/mohammad.elaabaribao/work/interns/y2026/temp/ds_temp_intern/temp/era5_mswt/postproc/results/cnn_mse_temperature/metrics/corr_d/data/land/corr_d_summary.csv

All correlation products saved successfully.
[CORRELATION] plot
Using device: cpu
=== Temperature correlation plotting ===
Spatial domain  : land
Display domain  : land
Metric config   : /srv/data/mohammad.elaabaribao/work/interns/y2026/temp/ds_temp_intern/temp/era5_mswt/postproc/mean/correlation/config.yaml
Main config     : /srv/data/mohammad.elaabaribao/work/interns/y2026/temp/ds_temp_intern/temp/era5_mswt/main/configs/cnn/config_mse.yaml
Experiment root : /srv/data/mohammad.elaabaribao/work/interns/y2026/temp/ds_temp_intern/temp/era5_mswt/results/cnn_mse_temperature
Selected seasons: ['Annual', 'DJF', 'MAM', 'JJA', 'SON']

=== Plotting corr_d ===
Spatial domain  : land
Display domain  : land
Input data dir  : /srv/data/mohammad.elaabaribao/work/interns/y2026/temp/ds_temp_intern/temp/era5_mswt/postproc/results/cnn_mse_temperature/metrics/corr_d/data/land
Output plot dir : /srv/data/mohammad.elaabaribao/work/interns/y2026/temp/ds_temp_intern/temp/era5_mswt/postproc/results/cnn_mse_temperature/metrics/corr_d/plots/land
[STEP] Plotting annual corr_d map
[STEP] Plotting DJF corr_d map
[STEP] Plotting MAM corr_d map
[STEP] Plotting JJA corr_d map
[STEP] Plotting SON corr_d map
[STEP] Plotting seasonal corr_d panel
[STEP] Plotting seasonal corr_d boxplot
[STEP] Plotting annual corr_d boxplot
[SUCCESS] corr_d figures saved to: /srv/data/mohammad.elaabaribao/work/interns/y2026/temp/ds_temp_intern/temp/era5_mswt/postproc/results/cnn_mse_temperature/metrics/corr_d/plots/land

All correlation figures saved successfully.
[CORRELATION] done

========== EXTREME METRICS ==========

--------------------------------------
[B02]
Config: era5_mswt/postproc/extreme/b02/config.yaml
--------------------------------------
[B02] compute
Using device: cpu
=== Temperature B-02 postprocessing ===
Spatial domain   : land
Save mask        : True
Metric config   : /srv/data/mohammad.elaabaribao/work/interns/y2026/temp/ds_temp_intern/temp/era5_mswt/postproc/extreme/b02/config.yaml
Main config     : /srv/data/mohammad.elaabaribao/work/interns/y2026/temp/ds_temp_intern/temp/era5_mswt/main/configs/cnn/config_mse.yaml
Experiment root : /srv/data/mohammad.elaabaribao/work/interns/y2026/temp/ds_temp_intern/temp/era5_mswt/results/cnn_mse_temperature
Prediction file : /srv/data/mohammad.elaabaribao/work/interns/y2026/temp/ds_temp_intern/temp/era5_mswt/results/cnn_mse_temperature/output_data/cnn_predictions_mswt.nc
Observation file: /home/mohammad.elaabaribao/lustre/climat-um6p-st-iwri-7ksifkvwkuy/users/mohammad.elaabaribao/data/obs/mswep/mswt_1979_2020.nc
Time window     : 2006-01-01 -> 2020-12-31
Quantile        : 0.02
Min valid       : 10
Seasons         : ['Annual', 'DJF', 'MAM', 'JJA', 'SON']
Data output dir : /srv/data/mohammad.elaabaribao/work/interns/y2026/temp/ds_temp_intern/temp/era5_mswt/postproc/results/cnn_mse_temperature/metrics/b02/data/land
Plot output dir : /srv/data/mohammad.elaabaribao/work/interns/y2026/temp/ds_temp_intern/temp/era5_mswt/postproc/results/cnn_mse_temperature/metrics/b02/plots/land
Prediction units : Unit unknown -> no automatic conversion applied.
Observation units: Already in Celsius.
Aligned shape    : pred=(5479, 150, 180), obs=(5479, 150, 180)
Spatial evaluation domain: land
Valid spatial pixels      : 17417
Computation pixels        : 17417

--- Computing B-02 for Annual ---
Saved: /srv/data/mohammad.elaabaribao/work/interns/y2026/temp/ds_temp_intern/temp/era5_mswt/postproc/results/cnn_mse_temperature/metrics/b02/data/land/b02_annual_mean_period.nc
  mean=0.0077, min=-0.9715, max=1.6225

--- Computing B-02 for DJF ---
Saved: /srv/data/mohammad.elaabaribao/work/interns/y2026/temp/ds_temp_intern/temp/era5_mswt/postproc/results/cnn_mse_temperature/metrics/b02/data/land/b02_djf_mean_period.nc
  mean=0.0758, min=-0.9223, max=2.4756

--- Computing B-02 for MAM ---
Saved: /srv/data/mohammad.elaabaribao/work/interns/y2026/temp/ds_temp_intern/temp/era5_mswt/postproc/results/cnn_mse_temperature/metrics/b02/data/land/b02_mam_mean_period.nc
  mean=-0.4824, min=-1.8109, max=0.7488

--- Computing B-02 for JJA ---
Saved: /srv/data/mohammad.elaabaribao/work/interns/y2026/temp/ds_temp_intern/temp/era5_mswt/postproc/results/cnn_mse_temperature/metrics/b02/data/land/b02_jja_mean_period.nc
  mean=-0.5346, min=-2.5736, max=2.1097

--- Computing B-02 for SON ---
Saved: /srv/data/mohammad.elaabaribao/work/interns/y2026/temp/ds_temp_intern/temp/era5_mswt/postproc/results/cnn_mse_temperature/metrics/b02/data/land/b02_son_mean_period.nc
  mean=-0.1072, min=-2.0602, max=1.0973

Saved summary CSV: /srv/data/mohammad.elaabaribao/work/interns/y2026/temp/ds_temp_intern/temp/era5_mswt/postproc/results/cnn_mse_temperature/metrics/b02/data/land/b02_summary.csv

All B-02 products saved successfully.
[B02] plot
Using device: cpu
=== Temperature B-02 plotting ===
Spatial domain  : land
Display domain  : land
Metric config   : /srv/data/mohammad.elaabaribao/work/interns/y2026/temp/ds_temp_intern/temp/era5_mswt/postproc/extreme/b02/config.yaml
Main config     : /srv/data/mohammad.elaabaribao/work/interns/y2026/temp/ds_temp_intern/temp/era5_mswt/main/configs/cnn/config_mse.yaml
Input data dir  : /srv/data/mohammad.elaabaribao/work/interns/y2026/temp/ds_temp_intern/temp/era5_mswt/postproc/results/cnn_mse_temperature/metrics/b02/data/land
Output plot dir : /srv/data/mohammad.elaabaribao/work/interns/y2026/temp/ds_temp_intern/temp/era5_mswt/postproc/results/cnn_mse_temperature/metrics/b02/plots/land
[STEP] Plotting annual P02 comparison
[STEP] Plotting annual B-02 map
[STEP] Plotting DJF B-02 map
[STEP] Plotting MAM B-02 map
[STEP] Plotting JJA B-02 map
[STEP] Plotting SON B-02 map
[STEP] Plotting grouped seasonal B-02 panel
[STEP] Plotting seasonal B-02 boxplot
[STEP] Plotting annual B-02 boxplot
[SUCCESS] B-02 figures saved to: /srv/data/mohammad.elaabaribao/work/interns/y2026/temp/ds_temp_intern/temp/era5_mswt/postproc/results/cnn_mse_temperature/metrics/b02/plots/land
[B02] done

--------------------------------------
[B98]
Config: era5_mswt/postproc/extreme/b98/config.yaml
--------------------------------------
[B98] compute
Using device: cpu
=== Temperature B-98 postprocessing ===
Spatial domain   : land
Save mask        : True
Metric config   : /srv/data/mohammad.elaabaribao/work/interns/y2026/temp/ds_temp_intern/temp/era5_mswt/postproc/extreme/b98/config.yaml
Main config     : /srv/data/mohammad.elaabaribao/work/interns/y2026/temp/ds_temp_intern/temp/era5_mswt/main/configs/cnn/config_mse.yaml
Experiment root : /srv/data/mohammad.elaabaribao/work/interns/y2026/temp/ds_temp_intern/temp/era5_mswt/results/cnn_mse_temperature
Prediction file : /srv/data/mohammad.elaabaribao/work/interns/y2026/temp/ds_temp_intern/temp/era5_mswt/results/cnn_mse_temperature/output_data/cnn_predictions_mswt.nc
Observation file: /home/mohammad.elaabaribao/lustre/climat-um6p-st-iwri-7ksifkvwkuy/users/mohammad.elaabaribao/data/obs/mswep/mswt_1979_2020.nc
Time window     : 2006-01-01 -> 2020-12-31
Quantile        : 0.98
Min valid       : 10
Seasons         : ['Annual', 'DJF', 'MAM', 'JJA', 'SON']
Data output dir : /srv/data/mohammad.elaabaribao/work/interns/y2026/temp/ds_temp_intern/temp/era5_mswt/postproc/results/cnn_mse_temperature/metrics/b98/data/land
Plot output dir : /srv/data/mohammad.elaabaribao/work/interns/y2026/temp/ds_temp_intern/temp/era5_mswt/postproc/results/cnn_mse_temperature/metrics/b98/plots/land
Prediction units : Unit unknown -> no automatic conversion applied.
Observation units: Already in Celsius.
Aligned shape    : pred=(5479, 150, 180), obs=(5479, 150, 180)
Spatial evaluation domain: land
Valid spatial pixels      : 17417
Computation pixels        : 17417

--- Computing B-98 for Annual ---
Saved: /srv/data/mohammad.elaabaribao/work/interns/y2026/temp/ds_temp_intern/temp/era5_mswt/postproc/results/cnn_mse_temperature/metrics/b98/data/land/b98_annual_mean_period.nc
  mean=-0.8539, min=-3.1692, max=0.6577

--- Computing B-98 for DJF ---
Saved: /srv/data/mohammad.elaabaribao/work/interns/y2026/temp/ds_temp_intern/temp/era5_mswt/postproc/results/cnn_mse_temperature/metrics/b98/data/land/b98_djf_mean_period.nc
  mean=-0.3958, min=-2.2482, max=0.8666

--- Computing B-98 for MAM ---
Saved: /srv/data/mohammad.elaabaribao/work/interns/y2026/temp/ds_temp_intern/temp/era5_mswt/postproc/results/cnn_mse_temperature/metrics/b98/data/land/b98_mam_mean_period.nc
  mean=-1.0904, min=-3.7992, max=1.0546

--- Computing B-98 for JJA ---
Saved: /srv/data/mohammad.elaabaribao/work/interns/y2026/temp/ds_temp_intern/temp/era5_mswt/postproc/results/cnn_mse_temperature/metrics/b98/data/land/b98_jja_mean_period.nc
  mean=-0.9866, min=-4.6710, max=0.6037

--- Computing B-98 for SON ---
Saved: /srv/data/mohammad.elaabaribao/work/interns/y2026/temp/ds_temp_intern/temp/era5_mswt/postproc/results/cnn_mse_temperature/metrics/b98/data/land/b98_son_mean_period.nc
  mean=-0.6417, min=-2.9003, max=0.8948

Saved summary CSV: /srv/data/mohammad.elaabaribao/work/interns/y2026/temp/ds_temp_intern/temp/era5_mswt/postproc/results/cnn_mse_temperature/metrics/b98/data/land/b98_summary.csv

All B-98 products saved successfully.
[B98] plot
Using device: cpu
=== Temperature B-98 plotting ===
Spatial domain  : land
Display domain  : land
Metric config   : /srv/data/mohammad.elaabaribao/work/interns/y2026/temp/ds_temp_intern/temp/era5_mswt/postproc/extreme/b98/config.yaml
Main config     : /srv/data/mohammad.elaabaribao/work/interns/y2026/temp/ds_temp_intern/temp/era5_mswt/main/configs/cnn/config_mse.yaml
Input data dir  : /srv/data/mohammad.elaabaribao/work/interns/y2026/temp/ds_temp_intern/temp/era5_mswt/postproc/results/cnn_mse_temperature/metrics/b98/data/land
Output plot dir : /srv/data/mohammad.elaabaribao/work/interns/y2026/temp/ds_temp_intern/temp/era5_mswt/postproc/results/cnn_mse_temperature/metrics/b98/plots/land
[STEP] Plotting annual P98 comparison
[STEP] Plotting annual B-98 map
[STEP] Plotting DJF B-98 map
[STEP] Plotting MAM B-98 map
[STEP] Plotting JJA B-98 map
[STEP] Plotting SON B-98 map
[STEP] Plotting grouped seasonal B-98 panel
[STEP] Plotting seasonal B-98 boxplot
[STEP] Plotting annual B-98 boxplot
[SUCCESS] B-98 figures saved to: /srv/data/mohammad.elaabaribao/work/interns/y2026/temp/ds_temp_intern/temp/era5_mswt/postproc/results/cnn_mse_temperature/metrics/b98/plots/land
[B98] done

--------------------------------------
[CAMS]
Config: era5_mswt/postproc/extreme/cams/config.yaml
--------------------------------------
[CAMS] compute
Using device: cpu
=== Temperature CAMS postprocessing ===
Spatial domain   : land
Save mask        : True
Metric config     : /srv/data/mohammad.elaabaribao/work/interns/y2026/temp/ds_temp_intern/temp/era5_mswt/postproc/extreme/cams/config.yaml
Main config       : /srv/data/mohammad.elaabaribao/work/interns/y2026/temp/ds_temp_intern/temp/era5_mswt/main/configs/cnn/config_mse.yaml
Experiment root   : /srv/data/mohammad.elaabaribao/work/interns/y2026/temp/ds_temp_intern/temp/era5_mswt/results/cnn_mse_temperature
Prediction file   : /srv/data/mohammad.elaabaribao/work/interns/y2026/temp/ds_temp_intern/temp/era5_mswt/results/cnn_mse_temperature/output_data/cnn_predictions_mswt.nc
Observation file  : /home/mohammad.elaabaribao/lustre/climat-um6p-st-iwri-7ksifkvwkuy/users/mohammad.elaabaribao/data/obs/mswep/mswt_1979_2020.nc
Time window       : 2006-01-01 -> 2020-12-31
Threshold quantile: 0.1
Min spell length  : 2
Min valid days    : 10
Min valid years   : 1
Data output dir   : /srv/data/mohammad.elaabaribao/work/interns/y2026/temp/ds_temp_intern/temp/era5_mswt/postproc/results/cnn_mse_temperature/metrics/cams/data/land
Plot output dir   : /srv/data/mohammad.elaabaribao/work/interns/y2026/temp/ds_temp_intern/temp/era5_mswt/postproc/results/cnn_mse_temperature/metrics/cams/plots/land
Prediction units : Unit unknown -> no automatic conversion applied.
Observation units: Already in Celsius.
Aligned shape    : pred=(5479, 150, 180), obs=(5479, 150, 180)
Spatial evaluation domain: land
Valid spatial pixels      : 17417
Computation pixels        : 17417
Saved summary CSV: /srv/data/mohammad.elaabaribao/work/interns/y2026/temp/ds_temp_intern/temp/era5_mswt/postproc/results/cnn_mse_temperature/metrics/cams/data/land/cams_summary.csv
Saved: /srv/data/mohammad.elaabaribao/work/interns/y2026/temp/ds_temp_intern/temp/era5_mswt/postproc/results/cnn_mse_temperature/metrics/cams/data/land/cams_annual_mean_period.nc
  bCAMS mean=0.5744, min=-6.0000, max=7.0000

CAMS products saved successfully.
[CAMS] plot
Using device: cpu
=== Temperature CAMS plotting ===
Spatial domain  : land
Display domain  : land
Metric config   : /srv/data/mohammad.elaabaribao/work/interns/y2026/temp/ds_temp_intern/temp/era5_mswt/postproc/extreme/cams/config.yaml
Main config     : /srv/data/mohammad.elaabaribao/work/interns/y2026/temp/ds_temp_intern/temp/era5_mswt/main/configs/cnn/config_mse.yaml
Input data dir  : /srv/data/mohammad.elaabaribao/work/interns/y2026/temp/ds_temp_intern/temp/era5_mswt/postproc/results/cnn_mse_temperature/metrics/cams/data/land
Output plot dir : /srv/data/mohammad.elaabaribao/work/interns/y2026/temp/ds_temp_intern/temp/era5_mswt/postproc/results/cnn_mse_temperature/metrics/cams/plots/land
[STEP] Loading CAMS fields
[STEP] Plotting annual CAMS comparison
[STEP] Plotting annual bCAMS map
[STEP] Plotting annual bCAMS boxplot
[SUCCESS] CAMS figures saved to: /srv/data/mohammad.elaabaribao/work/interns/y2026/temp/ds_temp_intern/temp/era5_mswt/postproc/results/cnn_mse_temperature/metrics/cams/plots/land
[CAMS] done

--------------------------------------
[WAMS]
Config: era5_mswt/postproc/extreme/wams/config.yaml
--------------------------------------
[WAMS] compute
Using device: cpu
=== Temperature WAMS postprocessing ===
Spatial domain   : land
Save mask        : True
Metric config     : /srv/data/mohammad.elaabaribao/work/interns/y2026/temp/ds_temp_intern/temp/era5_mswt/postproc/extreme/wams/config.yaml
Main config       : /srv/data/mohammad.elaabaribao/work/interns/y2026/temp/ds_temp_intern/temp/era5_mswt/main/configs/cnn/config_mse.yaml
Experiment root   : /srv/data/mohammad.elaabaribao/work/interns/y2026/temp/ds_temp_intern/temp/era5_mswt/results/cnn_mse_temperature
Prediction file   : /srv/data/mohammad.elaabaribao/work/interns/y2026/temp/ds_temp_intern/temp/era5_mswt/results/cnn_mse_temperature/output_data/cnn_predictions_mswt.nc
Observation file  : /home/mohammad.elaabaribao/lustre/climat-um6p-st-iwri-7ksifkvwkuy/users/mohammad.elaabaribao/data/obs/mswep/mswt_1979_2020.nc
Time window       : 2006-01-01 -> 2020-12-31
Threshold quantile: 0.9
Min spell length  : 2
Min valid days    : 10
Min valid years   : 1
Data output dir   : /srv/data/mohammad.elaabaribao/work/interns/y2026/temp/ds_temp_intern/temp/era5_mswt/postproc/results/cnn_mse_temperature/metrics/wams/data/land
Plot output dir   : /srv/data/mohammad.elaabaribao/work/interns/y2026/temp/ds_temp_intern/temp/era5_mswt/postproc/results/cnn_mse_temperature/metrics/wams/plots/land
Prediction units : Unit unknown -> no automatic conversion applied.
Observation units: Already in Celsius.
Aligned shape    : pred=(5479, 150, 180), obs=(5479, 150, 180)
Spatial evaluation domain: land
Valid spatial pixels      : 17417
Computation pixels        : 17417
Saved summary CSV: /srv/data/mohammad.elaabaribao/work/interns/y2026/temp/ds_temp_intern/temp/era5_mswt/postproc/results/cnn_mse_temperature/metrics/wams/data/land/wams_summary.csv
Saved: /srv/data/mohammad.elaabaribao/work/interns/y2026/temp/ds_temp_intern/temp/era5_mswt/postproc/results/cnn_mse_temperature/metrics/wams/data/land/wams_annual_mean_period.nc
  bWAMS mean=0.5093, min=-6.0000, max=7.0000

WAMS products saved successfully.
[WAMS] plot
Using device: cpu
=== Temperature WAMS plotting ===
Spatial domain  : land
Display domain  : land
Metric config   : /srv/data/mohammad.elaabaribao/work/interns/y2026/temp/ds_temp_intern/temp/era5_mswt/postproc/extreme/wams/config.yaml
Main config     : /srv/data/mohammad.elaabaribao/work/interns/y2026/temp/ds_temp_intern/temp/era5_mswt/main/configs/cnn/config_mse.yaml
Input data dir  : /srv/data/mohammad.elaabaribao/work/interns/y2026/temp/ds_temp_intern/temp/era5_mswt/postproc/results/cnn_mse_temperature/metrics/wams/data/land
Output plot dir : /srv/data/mohammad.elaabaribao/work/interns/y2026/temp/ds_temp_intern/temp/era5_mswt/postproc/results/cnn_mse_temperature/metrics/wams/plots/land
[STEP] Loading WAMS fields
[STEP] Plotting annual WAMS comparison
[STEP] Plotting annual bWAMS map
[STEP] Plotting annual bWAMS boxplot
[SUCCESS] WAMS figures saved to: /srv/data/mohammad.elaabaribao/work/interns/y2026/temp/ds_temp_intern/temp/era5_mswt/postproc/results/cnn_mse_temperature/metrics/wams/plots/land
[WAMS] done

========== TEMPORAL METRICS ==========

--------------------------------------
[AC1]
Config: era5_mswt/postproc/temporal/ac1/config.yaml
--------------------------------------
[AC1] compute
Using device: cpu
=== Temperature AC1 postprocessing ===
Spatial domain   : land
Save mask        : True
Metric config   : /srv/data/mohammad.elaabaribao/work/interns/y2026/temp/ds_temp_intern/temp/era5_mswt/postproc/temporal/ac1/config.yaml
Main config     : /srv/data/mohammad.elaabaribao/work/interns/y2026/temp/ds_temp_intern/temp/era5_mswt/main/configs/cnn/config_mse.yaml
Experiment root : /srv/data/mohammad.elaabaribao/work/interns/y2026/temp/ds_temp_intern/temp/era5_mswt/results/cnn_mse_temperature
Prediction file : /srv/data/mohammad.elaabaribao/work/interns/y2026/temp/ds_temp_intern/temp/era5_mswt/results/cnn_mse_temperature/output_data/cnn_predictions_mswt.nc
Observation file: /home/mohammad.elaabaribao/lustre/climat-um6p-st-iwri-7ksifkvwkuy/users/mohammad.elaabaribao/data/obs/mswep/mswt_1979_2020.nc
Time window     : 2006-01-01 -> 2020-12-31
Min valid pairs : 10
Data output dir : /srv/data/mohammad.elaabaribao/work/interns/y2026/temp/ds_temp_intern/temp/era5_mswt/postproc/results/cnn_mse_temperature/metrics/ac1/data/land
Plot output dir : /srv/data/mohammad.elaabaribao/work/interns/y2026/temp/ds_temp_intern/temp/era5_mswt/postproc/results/cnn_mse_temperature/metrics/ac1/plots/land
Prediction units : Unit unknown -> no automatic conversion applied.
Observation units: Already in Celsius.
Aligned shape    : pred=(5479, 150, 180), obs=(5479, 150, 180)
Spatial evaluation domain: land
Valid spatial pixels      : 17417
Computation pixels        : 17417
Saved summary CSV: /srv/data/mohammad.elaabaribao/work/interns/y2026/temp/ds_temp_intern/temp/era5_mswt/postproc/results/cnn_mse_temperature/metrics/ac1/data/land/ac1_summary.csv
Saved: /srv/data/mohammad.elaabaribao/work/interns/y2026/temp/ds_temp_intern/temp/era5_mswt/postproc/results/cnn_mse_temperature/metrics/ac1/data/land/ac1_annual_mean_period.nc
  bAC1 mean=0.0026, min=-0.0167, max=0.0362

AC1 products saved successfully.
[AC1] plot
Using device: cpu
=== Temperature AC1 plotting ===
Spatial domain  : land
Display domain  : land
Metric config   : /srv/data/mohammad.elaabaribao/work/interns/y2026/temp/ds_temp_intern/temp/era5_mswt/postproc/temporal/ac1/config.yaml
Main config     : /srv/data/mohammad.elaabaribao/work/interns/y2026/temp/ds_temp_intern/temp/era5_mswt/main/configs/cnn/config_mse.yaml
Input data dir  : /srv/data/mohammad.elaabaribao/work/interns/y2026/temp/ds_temp_intern/temp/era5_mswt/postproc/results/cnn_mse_temperature/metrics/ac1/data/land
Output plot dir : /srv/data/mohammad.elaabaribao/work/interns/y2026/temp/ds_temp_intern/temp/era5_mswt/postproc/results/cnn_mse_temperature/metrics/ac1/plots/land
[STEP] Loading AC1 fields
[STEP] Plotting annual AC1 comparison
[STEP] Plotting annual bAC1 map
[STEP] Plotting annual bAC1 boxplot
[SUCCESS] AC1 figures saved to: /srv/data/mohammad.elaabaribao/work/interns/y2026/temp/ds_temp_intern/temp/era5_mswt/postproc/results/cnn_mse_temperature/metrics/ac1/plots/land
[AC1] done

--------------------------------------
[RSTD]
Config: era5_mswt/postproc/temporal/rstd/config.yaml
--------------------------------------
[RSTD] compute
Using device: cpu
=== Temperature RSTD postprocessing ===
Spatial domain   : land
Save mask        : True
Metric config   : /srv/data/mohammad.elaabaribao/work/interns/y2026/temp/ds_temp_intern/temp/era5_mswt/postproc/temporal/rstd/config.yaml
Main config     : /srv/data/mohammad.elaabaribao/work/interns/y2026/temp/ds_temp_intern/temp/era5_mswt/main/configs/cnn/config_mse.yaml
Experiment root : /srv/data/mohammad.elaabaribao/work/interns/y2026/temp/ds_temp_intern/temp/era5_mswt/results/cnn_mse_temperature
Prediction file : /srv/data/mohammad.elaabaribao/work/interns/y2026/temp/ds_temp_intern/temp/era5_mswt/results/cnn_mse_temperature/output_data/cnn_predictions_mswt.nc
Observation file: /home/mohammad.elaabaribao/lustre/climat-um6p-st-iwri-7ksifkvwkuy/users/mohammad.elaabaribao/data/obs/mswep/mswt_1979_2020.nc
Time window     : 2006-01-01 -> 2020-12-31
Window          : 31
Min valid       : 10
Data output dir : /srv/data/mohammad.elaabaribao/work/interns/y2026/temp/ds_temp_intern/temp/era5_mswt/postproc/results/cnn_mse_temperature/metrics/rstd/data/land
Plot output dir : /srv/data/mohammad.elaabaribao/work/interns/y2026/temp/ds_temp_intern/temp/era5_mswt/postproc/results/cnn_mse_temperature/metrics/rstd/plots/land
Prediction units : Unit unknown -> no automatic conversion applied.
Observation units: Already in Celsius.
Aligned shape    : pred=(5479, 150, 180), obs=(5479, 150, 180)
Spatial evaluation domain: land
Valid spatial pixels      : 17417
Computation pixels        : 17417
Saved summary CSV: /srv/data/mohammad.elaabaribao/work/interns/y2026/temp/ds_temp_intern/temp/era5_mswt/postproc/results/cnn_mse_temperature/metrics/rstd/data/land/rstd_summary.csv
Saved: /srv/data/mohammad.elaabaribao/work/interns/y2026/temp/ds_temp_intern/temp/era5_mswt/postproc/results/cnn_mse_temperature/metrics/rstd/data/land/rstd_annual_mean_period.nc
  RSTD mean=0.9503, min=0.7599, max=1.1234

RSTD products saved successfully.
[RSTD] plot
/srv/data/mohammad.elaabaribao/work/interns/y2026/temp/ds_temp_intern/temp/era5_mswt/postproc/temporal/rstd/plot.py:355: MatplotlibDeprecationWarning: The 'labels' parameter of boxplot() has been renamed 'tick_labels' since Matplotlib 3.9; support for the old name will be dropped in 3.11.
  ax.boxplot(
Using device: cpu
=== Temperature RSTD plotting ===
Spatial domain  : land
Display domain  : land
Metric config   : /srv/data/mohammad.elaabaribao/work/interns/y2026/temp/ds_temp_intern/temp/era5_mswt/postproc/temporal/rstd/config.yaml
Main config     : /srv/data/mohammad.elaabaribao/work/interns/y2026/temp/ds_temp_intern/temp/era5_mswt/main/configs/cnn/config_mse.yaml
Input data dir  : /srv/data/mohammad.elaabaribao/work/interns/y2026/temp/ds_temp_intern/temp/era5_mswt/postproc/results/cnn_mse_temperature/metrics/rstd/data/land
Output plot dir : /srv/data/mohammad.elaabaribao/work/interns/y2026/temp/ds_temp_intern/temp/era5_mswt/postproc/results/cnn_mse_temperature/metrics/rstd/plots/land
[STEP] Loading RSTD fields
[STEP] Plotting annual standard deviation comparison
[STEP] Plotting annual RSTD map
[STEP] Plotting annual RSTD boxplot
[SUCCESS] RSTD figures saved to: /srv/data/mohammad.elaabaribao/work/interns/y2026/temp/ds_temp_intern/temp/era5_mswt/postproc/results/cnn_mse_temperature/metrics/rstd/plots/land
[RSTD] done

======================================
 Postprocessing finished successfully
======================================
======================================
 Running postprocessing metrics
======================================
[INFO] Current directory:
/srv/data/mohammad.elaabaribao/work/interns/y2026/temp/ds_temp_intern/temp

[INFO] Selected config : config.yaml
[INFO] Selected group  : all


========== MEAN METRICS ==========

--------------------------------------
[BIAS]
Config: era5_mswt/postproc/mean/bias/config.yaml
--------------------------------------
[BIAS] compute
Using device: cpu
=== Temperature bias postprocessing ===
Spatial domain   : land
Save mask        : True
Metric config   : /srv/data/mohammad.elaabaribao/work/interns/y2026/temp/ds_temp_intern/temp/era5_mswt/postproc/mean/bias/config.yaml
Main config     : /srv/data/mohammad.elaabaribao/work/interns/y2026/temp/ds_temp_intern/temp/era5_mswt/main/configs/unet/config_unet1_bs32.yaml
Experiment root : /srv/data/mohammad.elaabaribao/work/interns/y2026/temp/ds_temp_intern/temp/era5_mswt/results/unet1_temp_bs32
Prediction file : /srv/data/mohammad.elaabaribao/work/interns/y2026/temp/ds_temp_intern/temp/era5_mswt/results/unet1_temp_bs32/output_data/unet1_predictions_mswt.nc
Observation file: /home/mohammad.elaabaribao/lustre/climat-um6p-st-iwri-7ksifkvwkuy/users/mohammad.elaabaribao/data/obs/mswep/mswt_1979_2020.nc
Time window     : 2006-01-01 -> 2020-12-31
Strategy        : daily_first
Return by year  : False
Min valid       : 10
Seasons         : ['Annual', 'DJF', 'MAM', 'JJA', 'SON']
Data output dir : /srv/data/mohammad.elaabaribao/work/interns/y2026/temp/ds_temp_intern/temp/era5_mswt/postproc/results/unet1_temp_bs32/metrics/bias/data/land
Plot output dir : /srv/data/mohammad.elaabaribao/work/interns/y2026/temp/ds_temp_intern/temp/era5_mswt/postproc/results/unet1_temp_bs32/metrics/bias/plots/land
Prediction units : Unit unknown -> no automatic conversion applied.
Observation units: Already in Celsius.
Aligned shape: pred=(5479, 150, 180), obs=(5479, 150, 180)
Spatial evaluation domain: land
Valid spatial pixels      : 17417
Computation pixels        : 17417

--- Computing bias for Annual ---
Saved NetCDF: /srv/data/mohammad.elaabaribao/work/interns/y2026/temp/ds_temp_intern/temp/era5_mswt/postproc/results/unet1_temp_bs32/metrics/bias/data/land/bias_annual_daily_first_mean_period.nc
  mean=-0.0669, min=-4.3735, max=5.7734, std=0.6237

--- Computing bias for DJF ---
Saved NetCDF: /srv/data/mohammad.elaabaribao/work/interns/y2026/temp/ds_temp_intern/temp/era5_mswt/postproc/results/unet1_temp_bs32/metrics/bias/data/land/bias_djf_daily_first_mean_period.nc
  mean=0.0308, min=-4.4145, max=5.9001, std=0.6739

--- Computing bias for MAM ---
Saved NetCDF: /srv/data/mohammad.elaabaribao/work/interns/y2026/temp/ds_temp_intern/temp/era5_mswt/postproc/results/unet1_temp_bs32/metrics/bias/data/land/bias_mam_daily_first_mean_period.nc
  mean=0.0238, min=-4.3657, max=5.9467, std=0.6625

--- Computing bias for JJA ---
Saved NetCDF: /srv/data/mohammad.elaabaribao/work/interns/y2026/temp/ds_temp_intern/temp/era5_mswt/postproc/results/unet1_temp_bs32/metrics/bias/data/land/bias_jja_daily_first_mean_period.nc
  mean=-0.3654, min=-4.0869, max=5.2582, std=0.6904

--- Computing bias for SON ---
Saved NetCDF: /srv/data/mohammad.elaabaribao/work/interns/y2026/temp/ds_temp_intern/temp/era5_mswt/postproc/results/unet1_temp_bs32/metrics/bias/data/land/bias_son_daily_first_mean_period.nc
  mean=0.0404, min=-4.6413, max=6.0155, std=0.6699

Saved summary CSV: /srv/data/mohammad.elaabaribao/work/interns/y2026/temp/ds_temp_intern/temp/era5_mswt/postproc/results/unet1_temp_bs32/metrics/bias/data/land/bias_summary_daily_first.csv

All bias products saved successfully.
[BIAS] plot
Using device: cpu
=== Temperature bias plotting ===
Spatial domain  : land
Display domain  : land
Metric config   : /srv/data/mohammad.elaabaribao/work/interns/y2026/temp/ds_temp_intern/temp/era5_mswt/postproc/mean/bias/config.yaml
Main config     : /srv/data/mohammad.elaabaribao/work/interns/y2026/temp/ds_temp_intern/temp/era5_mswt/main/configs/unet/config_unet1_bs32.yaml
Input data dir  : /srv/data/mohammad.elaabaribao/work/interns/y2026/temp/ds_temp_intern/temp/era5_mswt/postproc/results/unet1_temp_bs32/metrics/bias/data/land
Output plot dir : /srv/data/mohammad.elaabaribao/work/interns/y2026/temp/ds_temp_intern/temp/era5_mswt/postproc/results/unet1_temp_bs32/metrics/bias/plots/land
Strategy        : daily_first
Return by year  : False
[STEP] Plotting annual bias map
[STEP] Plotting DJF bias map
[STEP] Plotting MAM bias map
[STEP] Plotting JJA bias map
[STEP] Plotting SON bias map
[STEP] Plotting grouped seasonal bias panel
[STEP] Plotting seasonal bias boxplot
[STEP] Plotting annual bias boxplot
[SUCCESS] Bias figures saved to: /srv/data/mohammad.elaabaribao/work/interns/y2026/temp/ds_temp_intern/temp/era5_mswt/postproc/results/unet1_temp_bs32/metrics/bias/plots/land
[BIAS] done

--------------------------------------
[RMSE]
Config: era5_mswt/postproc/mean/rmse/config.yaml
--------------------------------------
[RMSE] compute
Using device: cpu
=== Temperature RMSE postprocessing ===
Spatial domain   : land
Save mask        : True
Metric config   : /srv/data/mohammad.elaabaribao/work/interns/y2026/temp/ds_temp_intern/temp/era5_mswt/postproc/mean/rmse/config.yaml
Main config     : /srv/data/mohammad.elaabaribao/work/interns/y2026/temp/ds_temp_intern/temp/era5_mswt/main/configs/unet/config_unet1_bs32.yaml
Experiment root : /srv/data/mohammad.elaabaribao/work/interns/y2026/temp/ds_temp_intern/temp/era5_mswt/results/unet1_temp_bs32
Prediction file : /srv/data/mohammad.elaabaribao/work/interns/y2026/temp/ds_temp_intern/temp/era5_mswt/results/unet1_temp_bs32/output_data/unet1_predictions_mswt.nc
Observation file: /home/mohammad.elaabaribao/lustre/climat-um6p-st-iwri-7ksifkvwkuy/users/mohammad.elaabaribao/data/obs/mswep/mswt_1979_2020.nc
Time window     : 2006-01-01 -> 2020-12-31
Strategy        : daily_first
Return by year  : False
Min valid       : 10
Seasons         : ['Annual', 'DJF', 'MAM', 'JJA', 'SON']
Data output dir : /srv/data/mohammad.elaabaribao/work/interns/y2026/temp/ds_temp_intern/temp/era5_mswt/postproc/results/unet1_temp_bs32/metrics/rmse/data/land
Plot output dir : /srv/data/mohammad.elaabaribao/work/interns/y2026/temp/ds_temp_intern/temp/era5_mswt/postproc/results/unet1_temp_bs32/metrics/rmse/plots/land
Prediction units : Unit unknown -> no automatic conversion applied.
Observation units: Already in Celsius.
Aligned shape: pred=(5479, 150, 180), obs=(5479, 150, 180)
Spatial evaluation domain: land
Valid spatial pixels      : 17417
Computation pixels        : 17417

--- Computing RMSE for Annual ---
Saved NetCDF: /srv/data/mohammad.elaabaribao/work/interns/y2026/temp/ds_temp_intern/temp/era5_mswt/postproc/results/unet1_temp_bs32/metrics/rmse/data/land/rmse_annual_daily_first_mean_period.nc
  mean=1.2505, min=0.6684, max=5.9580, std=0.3737

--- Computing RMSE for DJF ---
Saved NetCDF: /srv/data/mohammad.elaabaribao/work/interns/y2026/temp/ds_temp_intern/temp/era5_mswt/postproc/results/unet1_temp_bs32/metrics/rmse/data/land/rmse_djf_daily_first_mean_period.nc
  mean=1.2108, min=0.6197, max=6.1083, std=0.4247

--- Computing RMSE for MAM ---
Saved NetCDF: /srv/data/mohammad.elaabaribao/work/interns/y2026/temp/ds_temp_intern/temp/era5_mswt/postproc/results/unet1_temp_bs32/metrics/rmse/data/land/rmse_mam_daily_first_mean_period.nc
  mean=1.2098, min=0.5913, max=6.1069, std=0.3794

--- Computing RMSE for JJA ---
Saved NetCDF: /srv/data/mohammad.elaabaribao/work/interns/y2026/temp/ds_temp_intern/temp/era5_mswt/postproc/results/unet1_temp_bs32/metrics/rmse/data/land/rmse_jja_daily_first_mean_period.nc
  mean=1.2830, min=0.6567, max=5.4032, std=0.3766

--- Computing RMSE for SON ---
Saved NetCDF: /srv/data/mohammad.elaabaribao/work/interns/y2026/temp/ds_temp_intern/temp/era5_mswt/postproc/results/unet1_temp_bs32/metrics/rmse/data/land/rmse_son_daily_first_mean_period.nc
  mean=1.2363, min=0.5749, max=6.1488, std=0.3960

Saved summary CSV: /srv/data/mohammad.elaabaribao/work/interns/y2026/temp/ds_temp_intern/temp/era5_mswt/postproc/results/unet1_temp_bs32/metrics/rmse/data/land/rmse_summary_daily_first.csv

All RMSE products saved successfully.
[RMSE] plot
Using device: cpu
=== Temperature RMSE plotting ===
Spatial domain  : land
Display domain  : land
Metric config   : /srv/data/mohammad.elaabaribao/work/interns/y2026/temp/ds_temp_intern/temp/era5_mswt/postproc/mean/rmse/config.yaml
Main config     : /srv/data/mohammad.elaabaribao/work/interns/y2026/temp/ds_temp_intern/temp/era5_mswt/main/configs/unet/config_unet1_bs32.yaml
Input data dir  : /srv/data/mohammad.elaabaribao/work/interns/y2026/temp/ds_temp_intern/temp/era5_mswt/postproc/results/unet1_temp_bs32/metrics/rmse/data/land
Output plot dir : /srv/data/mohammad.elaabaribao/work/interns/y2026/temp/ds_temp_intern/temp/era5_mswt/postproc/results/unet1_temp_bs32/metrics/rmse/plots/land
Strategy        : daily_first
Return by year  : False
[STEP] Plotting annual RMSE map
[STEP] Plotting DJF RMSE map
[STEP] Plotting MAM RMSE map
[STEP] Plotting JJA RMSE map
[STEP] Plotting SON RMSE map
[STEP] Plotting grouped seasonal RMSE panel
[STEP] Plotting seasonal RMSE boxplot
[STEP] Plotting annual RMSE boxplot
[SUCCESS] RMSE figures saved to: /srv/data/mohammad.elaabaribao/work/interns/y2026/temp/ds_temp_intern/temp/era5_mswt/postproc/results/unet1_temp_bs32/metrics/rmse/plots/land
[RMSE] done

--------------------------------------
[CORRELATION]
Config: era5_mswt/postproc/mean/correlation/config.yaml
--------------------------------------
[CORRELATION] compute
Using device: cpu
=== Temperature correlation postprocessing ===
Spatial domain   : land
Save mask        : True
Metric config   : /srv/data/mohammad.elaabaribao/work/interns/y2026/temp/ds_temp_intern/temp/era5_mswt/postproc/mean/correlation/config.yaml
Main config     : /srv/data/mohammad.elaabaribao/work/interns/y2026/temp/ds_temp_intern/temp/era5_mswt/main/configs/unet/config_unet1_bs32.yaml
Experiment root : /srv/data/mohammad.elaabaribao/work/interns/y2026/temp/ds_temp_intern/temp/era5_mswt/results/unet1_temp_bs32
Prediction file : /srv/data/mohammad.elaabaribao/work/interns/y2026/temp/ds_temp_intern/temp/era5_mswt/results/unet1_temp_bs32/output_data/unet1_predictions_mswt.nc
Observation file: /home/mohammad.elaabaribao/lustre/climat-um6p-st-iwri-7ksifkvwkuy/users/mohammad.elaabaribao/data/obs/mswep/mswt_1979_2020.nc
Time window     : 2006-01-01 -> 2020-12-31
Window (CORR D) : 31
Min valid       : 10
Seasons         : ['Annual', 'DJF', 'MAM', 'JJA', 'SON']
corr_d data dir : /srv/data/mohammad.elaabaribao/work/interns/y2026/temp/ds_temp_intern/temp/era5_mswt/postproc/results/unet1_temp_bs32/metrics/corr_d/data/land
corr_d plot dir : /srv/data/mohammad.elaabaribao/work/interns/y2026/temp/ds_temp_intern/temp/era5_mswt/postproc/results/unet1_temp_bs32/metrics/corr_d/plots/land
Prediction units : Unit unknown -> no automatic conversion applied.
Observation units: Already in Celsius.
Aligned shape    : pred=(5479, 150, 180), obs=(5479, 150, 180)
Spatial evaluation domain: land
Valid spatial pixels      : 17417
Computation pixels        : 17417

--- Computing correlations for Annual ---
Saved: /srv/data/mohammad.elaabaribao/work/interns/y2026/temp/ds_temp_intern/temp/era5_mswt/postproc/results/unet1_temp_bs32/metrics/corr_d/data/land/corr_d_annual_mean_period.nc
  CORR D mean=0.9129, min=0.6298, max=0.9574

--- Computing correlations for DJF ---
Saved: /srv/data/mohammad.elaabaribao/work/interns/y2026/temp/ds_temp_intern/temp/era5_mswt/postproc/results/unet1_temp_bs32/metrics/corr_d/data/land/corr_d_djf_mean_period.nc
  CORR D mean=0.9033, min=0.6647, max=0.9444

--- Computing correlations for MAM ---
Saved: /srv/data/mohammad.elaabaribao/work/interns/y2026/temp/ds_temp_intern/temp/era5_mswt/postproc/results/unet1_temp_bs32/metrics/corr_d/data/land/corr_d_mam_mean_period.nc
  CORR D mean=0.9430, min=0.5999, max=0.9767

--- Computing correlations for JJA ---
Saved: /srv/data/mohammad.elaabaribao/work/interns/y2026/temp/ds_temp_intern/temp/era5_mswt/postproc/results/unet1_temp_bs32/metrics/corr_d/data/land/corr_d_jja_mean_period.nc
  CORR D mean=0.8741, min=0.4318, max=0.9707

--- Computing correlations for SON ---
Saved: /srv/data/mohammad.elaabaribao/work/interns/y2026/temp/ds_temp_intern/temp/era5_mswt/postproc/results/unet1_temp_bs32/metrics/corr_d/data/land/corr_d_son_mean_period.nc
  CORR D mean=0.9008, min=0.6285, max=0.9454

Saved summary CSV: /srv/data/mohammad.elaabaribao/work/interns/y2026/temp/ds_temp_intern/temp/era5_mswt/postproc/results/unet1_temp_bs32/metrics/corr_d/data/land/corr_d_summary.csv

All correlation products saved successfully.
[CORRELATION] plot
Using device: cpu
=== Temperature correlation plotting ===
Spatial domain  : land
Display domain  : land
Metric config   : /srv/data/mohammad.elaabaribao/work/interns/y2026/temp/ds_temp_intern/temp/era5_mswt/postproc/mean/correlation/config.yaml
Main config     : /srv/data/mohammad.elaabaribao/work/interns/y2026/temp/ds_temp_intern/temp/era5_mswt/main/configs/unet/config_unet1_bs32.yaml
Experiment root : /srv/data/mohammad.elaabaribao/work/interns/y2026/temp/ds_temp_intern/temp/era5_mswt/results/unet1_temp_bs32
Selected seasons: ['Annual', 'DJF', 'MAM', 'JJA', 'SON']

=== Plotting corr_d ===
Spatial domain  : land
Display domain  : land
Input data dir  : /srv/data/mohammad.elaabaribao/work/interns/y2026/temp/ds_temp_intern/temp/era5_mswt/postproc/results/unet1_temp_bs32/metrics/corr_d/data/land
Output plot dir : /srv/data/mohammad.elaabaribao/work/interns/y2026/temp/ds_temp_intern/temp/era5_mswt/postproc/results/unet1_temp_bs32/metrics/corr_d/plots/land
[STEP] Plotting annual corr_d map
[STEP] Plotting DJF corr_d map
[STEP] Plotting MAM corr_d map
[STEP] Plotting JJA corr_d map
[STEP] Plotting SON corr_d map
[STEP] Plotting seasonal corr_d panel
[STEP] Plotting seasonal corr_d boxplot
[STEP] Plotting annual corr_d boxplot
[SUCCESS] corr_d figures saved to: /srv/data/mohammad.elaabaribao/work/interns/y2026/temp/ds_temp_intern/temp/era5_mswt/postproc/results/unet1_temp_bs32/metrics/corr_d/plots/land

All correlation figures saved successfully.
[CORRELATION] done

========== EXTREME METRICS ==========

--------------------------------------
[B02]
Config: era5_mswt/postproc/extreme/b02/config.yaml
--------------------------------------
[B02] compute
Using device: cpu
=== Temperature B-02 postprocessing ===
Spatial domain   : land
Save mask        : True
Metric config   : /srv/data/mohammad.elaabaribao/work/interns/y2026/temp/ds_temp_intern/temp/era5_mswt/postproc/extreme/b02/config.yaml
Main config     : /srv/data/mohammad.elaabaribao/work/interns/y2026/temp/ds_temp_intern/temp/era5_mswt/main/configs/unet/config_unet1_bs32.yaml
Experiment root : /srv/data/mohammad.elaabaribao/work/interns/y2026/temp/ds_temp_intern/temp/era5_mswt/results/unet1_temp_bs32
Prediction file : /srv/data/mohammad.elaabaribao/work/interns/y2026/temp/ds_temp_intern/temp/era5_mswt/results/unet1_temp_bs32/output_data/unet1_predictions_mswt.nc
Observation file: /home/mohammad.elaabaribao/lustre/climat-um6p-st-iwri-7ksifkvwkuy/users/mohammad.elaabaribao/data/obs/mswep/mswt_1979_2020.nc
Time window     : 2006-01-01 -> 2020-12-31
Quantile        : 0.02
Min valid       : 10
Seasons         : ['Annual', 'DJF', 'MAM', 'JJA', 'SON']
Data output dir : /srv/data/mohammad.elaabaribao/work/interns/y2026/temp/ds_temp_intern/temp/era5_mswt/postproc/results/unet1_temp_bs32/metrics/b02/data/land
Plot output dir : /srv/data/mohammad.elaabaribao/work/interns/y2026/temp/ds_temp_intern/temp/era5_mswt/postproc/results/unet1_temp_bs32/metrics/b02/plots/land
Prediction units : Unit unknown -> no automatic conversion applied.
Observation units: Already in Celsius.
Aligned shape    : pred=(5479, 150, 180), obs=(5479, 150, 180)
Spatial evaluation domain: land
Valid spatial pixels      : 17417
Computation pixels        : 17417

--- Computing B-02 for Annual ---
Saved: /srv/data/mohammad.elaabaribao/work/interns/y2026/temp/ds_temp_intern/temp/era5_mswt/postproc/results/unet1_temp_bs32/metrics/b02/data/land/b02_annual_mean_period.nc
  mean=0.3717, min=-3.8495, max=8.0938

--- Computing B-02 for DJF ---
Saved: /srv/data/mohammad.elaabaribao/work/interns/y2026/temp/ds_temp_intern/temp/era5_mswt/postproc/results/unet1_temp_bs32/metrics/b02/data/land/b02_djf_mean_period.nc
  mean=0.7619, min=-3.3003, max=10.1141

--- Computing B-02 for MAM ---
Saved: /srv/data/mohammad.elaabaribao/work/interns/y2026/temp/ds_temp_intern/temp/era5_mswt/postproc/results/unet1_temp_bs32/metrics/b02/data/land/b02_mam_mean_period.nc
  mean=-0.2315, min=-4.6222, max=6.8772

--- Computing B-02 for JJA ---
Saved: /srv/data/mohammad.elaabaribao/work/interns/y2026/temp/ds_temp_intern/temp/era5_mswt/postproc/results/unet1_temp_bs32/metrics/b02/data/land/b02_jja_mean_period.nc
  mean=0.5516, min=-3.2135, max=6.7581

--- Computing B-02 for SON ---
Saved: /srv/data/mohammad.elaabaribao/work/interns/y2026/temp/ds_temp_intern/temp/era5_mswt/postproc/results/unet1_temp_bs32/metrics/b02/data/land/b02_son_mean_period.nc
  mean=-0.1885, min=-5.2506, max=7.4891

Saved summary CSV: /srv/data/mohammad.elaabaribao/work/interns/y2026/temp/ds_temp_intern/temp/era5_mswt/postproc/results/unet1_temp_bs32/metrics/b02/data/land/b02_summary.csv

All B-02 products saved successfully.
[B02] plot
Using device: cpu
=== Temperature B-02 plotting ===
Spatial domain  : land
Display domain  : land
Metric config   : /srv/data/mohammad.elaabaribao/work/interns/y2026/temp/ds_temp_intern/temp/era5_mswt/postproc/extreme/b02/config.yaml
Main config     : /srv/data/mohammad.elaabaribao/work/interns/y2026/temp/ds_temp_intern/temp/era5_mswt/main/configs/unet/config_unet1_bs32.yaml
Input data dir  : /srv/data/mohammad.elaabaribao/work/interns/y2026/temp/ds_temp_intern/temp/era5_mswt/postproc/results/unet1_temp_bs32/metrics/b02/data/land
Output plot dir : /srv/data/mohammad.elaabaribao/work/interns/y2026/temp/ds_temp_intern/temp/era5_mswt/postproc/results/unet1_temp_bs32/metrics/b02/plots/land
[STEP] Plotting annual P02 comparison
[STEP] Plotting annual B-02 map
[STEP] Plotting DJF B-02 map
[STEP] Plotting MAM B-02 map
[STEP] Plotting JJA B-02 map
[STEP] Plotting SON B-02 map
[STEP] Plotting grouped seasonal B-02 panel
[STEP] Plotting seasonal B-02 boxplot
[STEP] Plotting annual B-02 boxplot
[SUCCESS] B-02 figures saved to: /srv/data/mohammad.elaabaribao/work/interns/y2026/temp/ds_temp_intern/temp/era5_mswt/postproc/results/unet1_temp_bs32/metrics/b02/plots/land
[B02] done

--------------------------------------
[B98]
Config: era5_mswt/postproc/extreme/b98/config.yaml
--------------------------------------
[B98] compute
Using device: cpu
=== Temperature B-98 postprocessing ===
Spatial domain   : land
Save mask        : True
Metric config   : /srv/data/mohammad.elaabaribao/work/interns/y2026/temp/ds_temp_intern/temp/era5_mswt/postproc/extreme/b98/config.yaml
Main config     : /srv/data/mohammad.elaabaribao/work/interns/y2026/temp/ds_temp_intern/temp/era5_mswt/main/configs/unet/config_unet1_bs32.yaml
Experiment root : /srv/data/mohammad.elaabaribao/work/interns/y2026/temp/ds_temp_intern/temp/era5_mswt/results/unet1_temp_bs32
Prediction file : /srv/data/mohammad.elaabaribao/work/interns/y2026/temp/ds_temp_intern/temp/era5_mswt/results/unet1_temp_bs32/output_data/unet1_predictions_mswt.nc
Observation file: /home/mohammad.elaabaribao/lustre/climat-um6p-st-iwri-7ksifkvwkuy/users/mohammad.elaabaribao/data/obs/mswep/mswt_1979_2020.nc
Time window     : 2006-01-01 -> 2020-12-31
Quantile        : 0.98
Min valid       : 10
Seasons         : ['Annual', 'DJF', 'MAM', 'JJA', 'SON']
Data output dir : /srv/data/mohammad.elaabaribao/work/interns/y2026/temp/ds_temp_intern/temp/era5_mswt/postproc/results/unet1_temp_bs32/metrics/b98/data/land
Plot output dir : /srv/data/mohammad.elaabaribao/work/interns/y2026/temp/ds_temp_intern/temp/era5_mswt/postproc/results/unet1_temp_bs32/metrics/b98/plots/land
Prediction units : Unit unknown -> no automatic conversion applied.
Observation units: Already in Celsius.
Aligned shape    : pred=(5479, 150, 180), obs=(5479, 150, 180)
Spatial evaluation domain: land
Valid spatial pixels      : 17417
Computation pixels        : 17417

--- Computing B-98 for Annual ---
Saved: /srv/data/mohammad.elaabaribao/work/interns/y2026/temp/ds_temp_intern/temp/era5_mswt/postproc/results/unet1_temp_bs32/metrics/b98/data/land/b98_annual_mean_period.nc
  mean=-1.2296, min=-5.3685, max=4.9988

--- Computing B-98 for DJF ---
Saved: /srv/data/mohammad.elaabaribao/work/interns/y2026/temp/ds_temp_intern/temp/era5_mswt/postproc/results/unet1_temp_bs32/metrics/b98/data/land/b98_djf_mean_period.nc
  mean=-0.1450, min=-4.9303, max=5.4881

--- Computing B-98 for MAM ---
Saved: /srv/data/mohammad.elaabaribao/work/interns/y2026/temp/ds_temp_intern/temp/era5_mswt/postproc/results/unet1_temp_bs32/metrics/b98/data/land/b98_mam_mean_period.nc
  mean=-0.2460, min=-5.3111, max=6.0401

--- Computing B-98 for JJA ---
Saved: /srv/data/mohammad.elaabaribao/work/interns/y2026/temp/ds_temp_intern/temp/era5_mswt/postproc/results/unet1_temp_bs32/metrics/b98/data/land/b98_jja_mean_period.nc
  mean=-1.6995, min=-6.9846, max=5.0290

--- Computing B-98 for SON ---
Saved: /srv/data/mohammad.elaabaribao/work/interns/y2026/temp/ds_temp_intern/temp/era5_mswt/postproc/results/unet1_temp_bs32/metrics/b98/data/land/b98_son_mean_period.nc
  mean=-0.7109, min=-5.4380, max=5.5156

Saved summary CSV: /srv/data/mohammad.elaabaribao/work/interns/y2026/temp/ds_temp_intern/temp/era5_mswt/postproc/results/unet1_temp_bs32/metrics/b98/data/land/b98_summary.csv

All B-98 products saved successfully.
[B98] plot
Using device: cpu
=== Temperature B-98 plotting ===
Spatial domain  : land
Display domain  : land
Metric config   : /srv/data/mohammad.elaabaribao/work/interns/y2026/temp/ds_temp_intern/temp/era5_mswt/postproc/extreme/b98/config.yaml
Main config     : /srv/data/mohammad.elaabaribao/work/interns/y2026/temp/ds_temp_intern/temp/era5_mswt/main/configs/unet/config_unet1_bs32.yaml
Input data dir  : /srv/data/mohammad.elaabaribao/work/interns/y2026/temp/ds_temp_intern/temp/era5_mswt/postproc/results/unet1_temp_bs32/metrics/b98/data/land
Output plot dir : /srv/data/mohammad.elaabaribao/work/interns/y2026/temp/ds_temp_intern/temp/era5_mswt/postproc/results/unet1_temp_bs32/metrics/b98/plots/land
[STEP] Plotting annual P98 comparison
[STEP] Plotting annual B-98 map
[STEP] Plotting DJF B-98 map
[STEP] Plotting MAM B-98 map
[STEP] Plotting JJA B-98 map
[STEP] Plotting SON B-98 map
[STEP] Plotting grouped seasonal B-98 panel
[STEP] Plotting seasonal B-98 boxplot
[STEP] Plotting annual B-98 boxplot
[SUCCESS] B-98 figures saved to: /srv/data/mohammad.elaabaribao/work/interns/y2026/temp/ds_temp_intern/temp/era5_mswt/postproc/results/unet1_temp_bs32/metrics/b98/plots/land
[B98] done

--------------------------------------
[CAMS]
Config: era5_mswt/postproc/extreme/cams/config.yaml
--------------------------------------
[CAMS] compute
Using device: cpu
=== Temperature CAMS postprocessing ===
Spatial domain   : land
Save mask        : True
Metric config     : /srv/data/mohammad.elaabaribao/work/interns/y2026/temp/ds_temp_intern/temp/era5_mswt/postproc/extreme/cams/config.yaml
Main config       : /srv/data/mohammad.elaabaribao/work/interns/y2026/temp/ds_temp_intern/temp/era5_mswt/main/configs/unet/config_unet1_bs32.yaml
Experiment root   : /srv/data/mohammad.elaabaribao/work/interns/y2026/temp/ds_temp_intern/temp/era5_mswt/results/unet1_temp_bs32
Prediction file   : /srv/data/mohammad.elaabaribao/work/interns/y2026/temp/ds_temp_intern/temp/era5_mswt/results/unet1_temp_bs32/output_data/unet1_predictions_mswt.nc
Observation file  : /home/mohammad.elaabaribao/lustre/climat-um6p-st-iwri-7ksifkvwkuy/users/mohammad.elaabaribao/data/obs/mswep/mswt_1979_2020.nc
Time window       : 2006-01-01 -> 2020-12-31
Threshold quantile: 0.1
Min spell length  : 2
Min valid days    : 10
Min valid years   : 1
Data output dir   : /srv/data/mohammad.elaabaribao/work/interns/y2026/temp/ds_temp_intern/temp/era5_mswt/postproc/results/unet1_temp_bs32/metrics/cams/data/land
Plot output dir   : /srv/data/mohammad.elaabaribao/work/interns/y2026/temp/ds_temp_intern/temp/era5_mswt/postproc/results/unet1_temp_bs32/metrics/cams/plots/land
Prediction units : Unit unknown -> no automatic conversion applied.
Observation units: Already in Celsius.
Aligned shape    : pred=(5479, 150, 180), obs=(5479, 150, 180)
Spatial evaluation domain: land
Valid spatial pixels      : 17417
Computation pixels        : 17417
Saved summary CSV: /srv/data/mohammad.elaabaribao/work/interns/y2026/temp/ds_temp_intern/temp/era5_mswt/postproc/results/unet1_temp_bs32/metrics/cams/data/land/cams_summary.csv
Saved: /srv/data/mohammad.elaabaribao/work/interns/y2026/temp/ds_temp_intern/temp/era5_mswt/postproc/results/unet1_temp_bs32/metrics/cams/data/land/cams_annual_mean_period.nc
  bCAMS mean=0.1896, min=-8.0000, max=8.0000

CAMS products saved successfully.
[CAMS] plot
Using device: cpu
=== Temperature CAMS plotting ===
Spatial domain  : land
Display domain  : land
Metric config   : /srv/data/mohammad.elaabaribao/work/interns/y2026/temp/ds_temp_intern/temp/era5_mswt/postproc/extreme/cams/config.yaml
Main config     : /srv/data/mohammad.elaabaribao/work/interns/y2026/temp/ds_temp_intern/temp/era5_mswt/main/configs/unet/config_unet1_bs32.yaml
Input data dir  : /srv/data/mohammad.elaabaribao/work/interns/y2026/temp/ds_temp_intern/temp/era5_mswt/postproc/results/unet1_temp_bs32/metrics/cams/data/land
Output plot dir : /srv/data/mohammad.elaabaribao/work/interns/y2026/temp/ds_temp_intern/temp/era5_mswt/postproc/results/unet1_temp_bs32/metrics/cams/plots/land
[STEP] Loading CAMS fields
[STEP] Plotting annual CAMS comparison
[STEP] Plotting annual bCAMS map
[STEP] Plotting annual bCAMS boxplot
[SUCCESS] CAMS figures saved to: /srv/data/mohammad.elaabaribao/work/interns/y2026/temp/ds_temp_intern/temp/era5_mswt/postproc/results/unet1_temp_bs32/metrics/cams/plots/land
[CAMS] done

--------------------------------------
[WAMS]
Config: era5_mswt/postproc/extreme/wams/config.yaml
--------------------------------------
[WAMS] compute
Using device: cpu
=== Temperature WAMS postprocessing ===
Spatial domain   : land
Save mask        : True
Metric config     : /srv/data/mohammad.elaabaribao/work/interns/y2026/temp/ds_temp_intern/temp/era5_mswt/postproc/extreme/wams/config.yaml
Main config       : /srv/data/mohammad.elaabaribao/work/interns/y2026/temp/ds_temp_intern/temp/era5_mswt/main/configs/unet/config_unet1_bs32.yaml
Experiment root   : /srv/data/mohammad.elaabaribao/work/interns/y2026/temp/ds_temp_intern/temp/era5_mswt/results/unet1_temp_bs32
Prediction file   : /srv/data/mohammad.elaabaribao/work/interns/y2026/temp/ds_temp_intern/temp/era5_mswt/results/unet1_temp_bs32/output_data/unet1_predictions_mswt.nc
Observation file  : /home/mohammad.elaabaribao/lustre/climat-um6p-st-iwri-7ksifkvwkuy/users/mohammad.elaabaribao/data/obs/mswep/mswt_1979_2020.nc
Time window       : 2006-01-01 -> 2020-12-31
Threshold quantile: 0.9
Min spell length  : 2
Min valid days    : 10
Min valid years   : 1
Data output dir   : /srv/data/mohammad.elaabaribao/work/interns/y2026/temp/ds_temp_intern/temp/era5_mswt/postproc/results/unet1_temp_bs32/metrics/wams/data/land
Plot output dir   : /srv/data/mohammad.elaabaribao/work/interns/y2026/temp/ds_temp_intern/temp/era5_mswt/postproc/results/unet1_temp_bs32/metrics/wams/plots/land
Prediction units : Unit unknown -> no automatic conversion applied.
Observation units: Already in Celsius.
Aligned shape    : pred=(5479, 150, 180), obs=(5479, 150, 180)
Spatial evaluation domain: land
Valid spatial pixels      : 17417
Computation pixels        : 17417
Saved summary CSV: /srv/data/mohammad.elaabaribao/work/interns/y2026/temp/ds_temp_intern/temp/era5_mswt/postproc/results/unet1_temp_bs32/metrics/wams/data/land/wams_summary.csv
Saved: /srv/data/mohammad.elaabaribao/work/interns/y2026/temp/ds_temp_intern/temp/era5_mswt/postproc/results/unet1_temp_bs32/metrics/wams/data/land/wams_annual_mean_period.nc
  bWAMS mean=1.0796, min=-8.0000, max=8.0000

WAMS products saved successfully.
[WAMS] plot
Using device: cpu
=== Temperature WAMS plotting ===
Spatial domain  : land
Display domain  : land
Metric config   : /srv/data/mohammad.elaabaribao/work/interns/y2026/temp/ds_temp_intern/temp/era5_mswt/postproc/extreme/wams/config.yaml
Main config     : /srv/data/mohammad.elaabaribao/work/interns/y2026/temp/ds_temp_intern/temp/era5_mswt/main/configs/unet/config_unet1_bs32.yaml
Input data dir  : /srv/data/mohammad.elaabaribao/work/interns/y2026/temp/ds_temp_intern/temp/era5_mswt/postproc/results/unet1_temp_bs32/metrics/wams/data/land
Output plot dir : /srv/data/mohammad.elaabaribao/work/interns/y2026/temp/ds_temp_intern/temp/era5_mswt/postproc/results/unet1_temp_bs32/metrics/wams/plots/land
[STEP] Loading WAMS fields
[STEP] Plotting annual WAMS comparison
[STEP] Plotting annual bWAMS map
[STEP] Plotting annual bWAMS boxplot
[SUCCESS] WAMS figures saved to: /srv/data/mohammad.elaabaribao/work/interns/y2026/temp/ds_temp_intern/temp/era5_mswt/postproc/results/unet1_temp_bs32/metrics/wams/plots/land
[WAMS] done

========== TEMPORAL METRICS ==========

--------------------------------------
[AC1]
Config: era5_mswt/postproc/temporal/ac1/config.yaml
--------------------------------------
[AC1] compute
Using device: cpu
=== Temperature AC1 postprocessing ===
Spatial domain   : land
Save mask        : True
Metric config   : /srv/data/mohammad.elaabaribao/work/interns/y2026/temp/ds_temp_intern/temp/era5_mswt/postproc/temporal/ac1/config.yaml
Main config     : /srv/data/mohammad.elaabaribao/work/interns/y2026/temp/ds_temp_intern/temp/era5_mswt/main/configs/unet/config_unet1_bs32.yaml
Experiment root : /srv/data/mohammad.elaabaribao/work/interns/y2026/temp/ds_temp_intern/temp/era5_mswt/results/unet1_temp_bs32
Prediction file : /srv/data/mohammad.elaabaribao/work/interns/y2026/temp/ds_temp_intern/temp/era5_mswt/results/unet1_temp_bs32/output_data/unet1_predictions_mswt.nc
Observation file: /home/mohammad.elaabaribao/lustre/climat-um6p-st-iwri-7ksifkvwkuy/users/mohammad.elaabaribao/data/obs/mswep/mswt_1979_2020.nc
Time window     : 2006-01-01 -> 2020-12-31
Min valid pairs : 10
Data output dir : /srv/data/mohammad.elaabaribao/work/interns/y2026/temp/ds_temp_intern/temp/era5_mswt/postproc/results/unet1_temp_bs32/metrics/ac1/data/land
Plot output dir : /srv/data/mohammad.elaabaribao/work/interns/y2026/temp/ds_temp_intern/temp/era5_mswt/postproc/results/unet1_temp_bs32/metrics/ac1/plots/land
Prediction units : Unit unknown -> no automatic conversion applied.
Observation units: Already in Celsius.
Aligned shape    : pred=(5479, 150, 180), obs=(5479, 150, 180)
Spatial evaluation domain: land
Valid spatial pixels      : 17417
Computation pixels        : 17417
Saved summary CSV: /srv/data/mohammad.elaabaribao/work/interns/y2026/temp/ds_temp_intern/temp/era5_mswt/postproc/results/unet1_temp_bs32/metrics/ac1/data/land/ac1_summary.csv
Saved: /srv/data/mohammad.elaabaribao/work/interns/y2026/temp/ds_temp_intern/temp/era5_mswt/postproc/results/unet1_temp_bs32/metrics/ac1/data/land/ac1_annual_mean_period.nc
  bAC1 mean=0.0042, min=-0.0317, max=0.0601

AC1 products saved successfully.
[AC1] plot
Using device: cpu
=== Temperature AC1 plotting ===
Spatial domain  : land
Display domain  : land
Metric config   : /srv/data/mohammad.elaabaribao/work/interns/y2026/temp/ds_temp_intern/temp/era5_mswt/postproc/temporal/ac1/config.yaml
Main config     : /srv/data/mohammad.elaabaribao/work/interns/y2026/temp/ds_temp_intern/temp/era5_mswt/main/configs/unet/config_unet1_bs32.yaml
Input data dir  : /srv/data/mohammad.elaabaribao/work/interns/y2026/temp/ds_temp_intern/temp/era5_mswt/postproc/results/unet1_temp_bs32/metrics/ac1/data/land
Output plot dir : /srv/data/mohammad.elaabaribao/work/interns/y2026/temp/ds_temp_intern/temp/era5_mswt/postproc/results/unet1_temp_bs32/metrics/ac1/plots/land
[STEP] Loading AC1 fields
[STEP] Plotting annual AC1 comparison
[STEP] Plotting annual bAC1 map
[STEP] Plotting annual bAC1 boxplot
[SUCCESS] AC1 figures saved to: /srv/data/mohammad.elaabaribao/work/interns/y2026/temp/ds_temp_intern/temp/era5_mswt/postproc/results/unet1_temp_bs32/metrics/ac1/plots/land
[AC1] done

--------------------------------------
[RSTD]
Config: era5_mswt/postproc/temporal/rstd/config.yaml
--------------------------------------
[RSTD] compute
Using device: cpu
=== Temperature RSTD postprocessing ===
Spatial domain   : land
Save mask        : True
Metric config   : /srv/data/mohammad.elaabaribao/work/interns/y2026/temp/ds_temp_intern/temp/era5_mswt/postproc/temporal/rstd/config.yaml
Main config     : /srv/data/mohammad.elaabaribao/work/interns/y2026/temp/ds_temp_intern/temp/era5_mswt/main/configs/unet/config_unet1_bs32.yaml
Experiment root : /srv/data/mohammad.elaabaribao/work/interns/y2026/temp/ds_temp_intern/temp/era5_mswt/results/unet1_temp_bs32
Prediction file : /srv/data/mohammad.elaabaribao/work/interns/y2026/temp/ds_temp_intern/temp/era5_mswt/results/unet1_temp_bs32/output_data/unet1_predictions_mswt.nc
Observation file: /home/mohammad.elaabaribao/lustre/climat-um6p-st-iwri-7ksifkvwkuy/users/mohammad.elaabaribao/data/obs/mswep/mswt_1979_2020.nc
Time window     : 2006-01-01 -> 2020-12-31
Window          : 31
Min valid       : 10
Data output dir : /srv/data/mohammad.elaabaribao/work/interns/y2026/temp/ds_temp_intern/temp/era5_mswt/postproc/results/unet1_temp_bs32/metrics/rstd/data/land
Plot output dir : /srv/data/mohammad.elaabaribao/work/interns/y2026/temp/ds_temp_intern/temp/era5_mswt/postproc/results/unet1_temp_bs32/metrics/rstd/plots/land
Prediction units : Unit unknown -> no automatic conversion applied.
Observation units: Already in Celsius.
Aligned shape    : pred=(5479, 150, 180), obs=(5479, 150, 180)
Spatial evaluation domain: land
Valid spatial pixels      : 17417
Computation pixels        : 17417
Saved summary CSV: /srv/data/mohammad.elaabaribao/work/interns/y2026/temp/ds_temp_intern/temp/era5_mswt/postproc/results/unet1_temp_bs32/metrics/rstd/data/land/rstd_summary.csv
Saved: /srv/data/mohammad.elaabaribao/work/interns/y2026/temp/ds_temp_intern/temp/era5_mswt/postproc/results/unet1_temp_bs32/metrics/rstd/data/land/rstd_annual_mean_period.nc
  RSTD mean=0.9376, min=0.3919, max=1.3798

RSTD products saved successfully.
[RSTD] plot
/srv/data/mohammad.elaabaribao/work/interns/y2026/temp/ds_temp_intern/temp/era5_mswt/postproc/temporal/rstd/plot.py:355: MatplotlibDeprecationWarning: The 'labels' parameter of boxplot() has been renamed 'tick_labels' since Matplotlib 3.9; support for the old name will be dropped in 3.11.
  ax.boxplot(
Using device: cpu
=== Temperature RSTD plotting ===
Spatial domain  : land
Display domain  : land
Metric config   : /srv/data/mohammad.elaabaribao/work/interns/y2026/temp/ds_temp_intern/temp/era5_mswt/postproc/temporal/rstd/config.yaml
Main config     : /srv/data/mohammad.elaabaribao/work/interns/y2026/temp/ds_temp_intern/temp/era5_mswt/main/configs/unet/config_unet1_bs32.yaml
Input data dir  : /srv/data/mohammad.elaabaribao/work/interns/y2026/temp/ds_temp_intern/temp/era5_mswt/postproc/results/unet1_temp_bs32/metrics/rstd/data/land
Output plot dir : /srv/data/mohammad.elaabaribao/work/interns/y2026/temp/ds_temp_intern/temp/era5_mswt/postproc/results/unet1_temp_bs32/metrics/rstd/plots/land
[STEP] Loading RSTD fields
[STEP] Plotting annual standard deviation comparison
[STEP] Plotting annual RSTD map
[STEP] Plotting annual RSTD boxplot
[SUCCESS] RSTD figures saved to: /srv/data/mohammad.elaabaribao/work/interns/y2026/temp/ds_temp_intern/temp/era5_mswt/postproc/results/unet1_temp_bs32/metrics/rstd/plots/land
[RSTD] done

======================================
 Postprocessing finished successfully
======================================
======================================
 Running postprocessing metrics
======================================
[INFO] Current directory:
/srv/data/mohammad.elaabaribao/work/interns/y2026/temp/ds_temp_intern/temp

[INFO] Selected config : config.yaml
[INFO] Selected group  : all


========== MEAN METRICS ==========

--------------------------------------
[BIAS]
Config: era5_mswt/postproc/mean/bias/config.yaml
--------------------------------------
[BIAS] compute
Using device: cpu
=== Temperature bias postprocessing ===
Spatial domain   : land
Save mask        : True
Metric config   : /srv/data/mohammad.elaabaribao/work/interns/y2026/temp/ds_temp_intern/temp/era5_mswt/postproc/mean/bias/config.yaml
Main config     : /srv/data/mohammad.elaabaribao/work/interns/y2026/temp/ds_temp_intern/temp/era5_mswt/main/configs/unet/unet_lr_5e4.yaml
Experiment root : /srv/data/mohammad.elaabaribao/work/interns/y2026/temp/ds_temp_intern/temp/era5_mswt/results/unet_lr_5e4
Prediction file : /srv/data/mohammad.elaabaribao/work/interns/y2026/temp/ds_temp_intern/temp/era5_mswt/results/unet_lr_5e4/output_data/unet1_predictions_mswt.nc
Observation file: /home/mohammad.elaabaribao/lustre/climat-um6p-st-iwri-7ksifkvwkuy/users/mohammad.elaabaribao/data/obs/mswep/mswt_1979_2020.nc
Time window     : 2006-01-01 -> 2020-12-31
Strategy        : daily_first
Return by year  : False
Min valid       : 10
Seasons         : ['Annual', 'DJF', 'MAM', 'JJA', 'SON']
Data output dir : /srv/data/mohammad.elaabaribao/work/interns/y2026/temp/ds_temp_intern/temp/era5_mswt/postproc/results/unet_lr_5e4/metrics/bias/data/land
Plot output dir : /srv/data/mohammad.elaabaribao/work/interns/y2026/temp/ds_temp_intern/temp/era5_mswt/postproc/results/unet_lr_5e4/metrics/bias/plots/land
Prediction units : Unit unknown -> no automatic conversion applied.
Observation units: Already in Celsius.
Aligned shape: pred=(5479, 160, 180), obs=(5479, 160, 180)
Spatial evaluation domain: land
Valid spatial pixels      : 17616
Computation pixels        : 17616

--- Computing bias for Annual ---
Saved NetCDF: /srv/data/mohammad.elaabaribao/work/interns/y2026/temp/ds_temp_intern/temp/era5_mswt/postproc/results/unet_lr_5e4/metrics/bias/data/land/bias_annual_daily_first_mean_period.nc
  mean=-0.2900, min=-3.6036, max=4.2784, std=0.5473

--- Computing bias for DJF ---
Saved NetCDF: /srv/data/mohammad.elaabaribao/work/interns/y2026/temp/ds_temp_intern/temp/era5_mswt/postproc/results/unet_lr_5e4/metrics/bias/data/land/bias_djf_daily_first_mean_period.nc
  mean=-0.1424, min=-3.5184, max=6.4985, std=0.5920

--- Computing bias for MAM ---
Saved NetCDF: /srv/data/mohammad.elaabaribao/work/interns/y2026/temp/ds_temp_intern/temp/era5_mswt/postproc/results/unet_lr_5e4/metrics/bias/data/land/bias_mam_daily_first_mean_period.nc
  mean=-0.3113, min=-3.8945, max=4.1645, std=0.5986

--- Computing bias for JJA ---
Saved NetCDF: /srv/data/mohammad.elaabaribao/work/interns/y2026/temp/ds_temp_intern/temp/era5_mswt/postproc/results/unet_lr_5e4/metrics/bias/data/land/bias_jja_daily_first_mean_period.nc
  mean=-0.5237, min=-3.4436, max=3.5427, std=0.5672

--- Computing bias for SON ---
Saved NetCDF: /srv/data/mohammad.elaabaribao/work/interns/y2026/temp/ds_temp_intern/temp/era5_mswt/postproc/results/unet_lr_5e4/metrics/bias/data/land/bias_son_daily_first_mean_period.nc
  mean=-0.1961, min=-4.2996, max=4.9186, std=0.5701

Saved summary CSV: /srv/data/mohammad.elaabaribao/work/interns/y2026/temp/ds_temp_intern/temp/era5_mswt/postproc/results/unet_lr_5e4/metrics/bias/data/land/bias_summary_daily_first.csv

All bias products saved successfully.
[BIAS] plot
Using device: cpu
=== Temperature bias plotting ===
Spatial domain  : land
Display domain  : land
Metric config   : /srv/data/mohammad.elaabaribao/work/interns/y2026/temp/ds_temp_intern/temp/era5_mswt/postproc/mean/bias/config.yaml
Main config     : /srv/data/mohammad.elaabaribao/work/interns/y2026/temp/ds_temp_intern/temp/era5_mswt/main/configs/unet/unet_lr_5e4.yaml
Input data dir  : /srv/data/mohammad.elaabaribao/work/interns/y2026/temp/ds_temp_intern/temp/era5_mswt/postproc/results/unet_lr_5e4/metrics/bias/data/land
Output plot dir : /srv/data/mohammad.elaabaribao/work/interns/y2026/temp/ds_temp_intern/temp/era5_mswt/postproc/results/unet_lr_5e4/metrics/bias/plots/land
Strategy        : daily_first
Return by year  : False
[STEP] Plotting annual bias map
[STEP] Plotting DJF bias map
[STEP] Plotting MAM bias map
[STEP] Plotting JJA bias map
[STEP] Plotting SON bias map
[STEP] Plotting grouped seasonal bias panel
[STEP] Plotting seasonal bias boxplot
[STEP] Plotting annual bias boxplot
[SUCCESS] Bias figures saved to: /srv/data/mohammad.elaabaribao/work/interns/y2026/temp/ds_temp_intern/temp/era5_mswt/postproc/results/unet_lr_5e4/metrics/bias/plots/land
[BIAS] done

--------------------------------------
[RMSE]
Config: era5_mswt/postproc/mean/rmse/config.yaml
--------------------------------------
[RMSE] compute
Using device: cpu
=== Temperature RMSE postprocessing ===
Spatial domain   : land
Save mask        : True
Metric config   : /srv/data/mohammad.elaabaribao/work/interns/y2026/temp/ds_temp_intern/temp/era5_mswt/postproc/mean/rmse/config.yaml
Main config     : /srv/data/mohammad.elaabaribao/work/interns/y2026/temp/ds_temp_intern/temp/era5_mswt/main/configs/unet/unet_lr_5e4.yaml
Experiment root : /srv/data/mohammad.elaabaribao/work/interns/y2026/temp/ds_temp_intern/temp/era5_mswt/results/unet_lr_5e4
Prediction file : /srv/data/mohammad.elaabaribao/work/interns/y2026/temp/ds_temp_intern/temp/era5_mswt/results/unet_lr_5e4/output_data/unet1_predictions_mswt.nc
Observation file: /home/mohammad.elaabaribao/lustre/climat-um6p-st-iwri-7ksifkvwkuy/users/mohammad.elaabaribao/data/obs/mswep/mswt_1979_2020.nc
Time window     : 2006-01-01 -> 2020-12-31
Strategy        : daily_first
Return by year  : False
Min valid       : 10
Seasons         : ['Annual', 'DJF', 'MAM', 'JJA', 'SON']
Data output dir : /srv/data/mohammad.elaabaribao/work/interns/y2026/temp/ds_temp_intern/temp/era5_mswt/postproc/results/unet_lr_5e4/metrics/rmse/data/land
Plot output dir : /srv/data/mohammad.elaabaribao/work/interns/y2026/temp/ds_temp_intern/temp/era5_mswt/postproc/results/unet_lr_5e4/metrics/rmse/plots/land
Prediction units : Unit unknown -> no automatic conversion applied.
Observation units: Already in Celsius.
Aligned shape: pred=(5479, 160, 180), obs=(5479, 160, 180)
Spatial evaluation domain: land
Valid spatial pixels      : 17616
Computation pixels        : 17616

--- Computing RMSE for Annual ---
Saved NetCDF: /srv/data/mohammad.elaabaribao/work/interns/y2026/temp/ds_temp_intern/temp/era5_mswt/postproc/results/unet_lr_5e4/metrics/rmse/data/land/rmse_annual_daily_first_mean_period.nc
  mean=1.1908, min=0.6439, max=4.6248, std=0.3315

--- Computing RMSE for DJF ---
Saved NetCDF: /srv/data/mohammad.elaabaribao/work/interns/y2026/temp/ds_temp_intern/temp/era5_mswt/postproc/results/unet_lr_5e4/metrics/rmse/data/land/rmse_djf_daily_first_mean_period.nc
  mean=1.2383, min=0.5938, max=6.5350, std=0.3494

--- Computing RMSE for MAM ---
Saved NetCDF: /srv/data/mohammad.elaabaribao/work/interns/y2026/temp/ds_temp_intern/temp/era5_mswt/postproc/results/unet_lr_5e4/metrics/rmse/data/land/rmse_mam_daily_first_mean_period.nc
  mean=1.1561, min=0.6244, max=4.3073, std=0.3748

--- Computing RMSE for JJA ---
Saved NetCDF: /srv/data/mohammad.elaabaribao/work/interns/y2026/temp/ds_temp_intern/temp/era5_mswt/postproc/results/unet_lr_5e4/metrics/rmse/data/land/rmse_jja_daily_first_mean_period.nc
  mean=1.1777, min=0.6201, max=3.6956, std=0.3483

--- Computing RMSE for SON ---
Saved NetCDF: /srv/data/mohammad.elaabaribao/work/interns/y2026/temp/ds_temp_intern/temp/era5_mswt/postproc/results/unet_lr_5e4/metrics/rmse/data/land/rmse_son_daily_first_mean_period.nc
  mean=1.1467, min=0.6030, max=5.0349, std=0.3215

Saved summary CSV: /srv/data/mohammad.elaabaribao/work/interns/y2026/temp/ds_temp_intern/temp/era5_mswt/postproc/results/unet_lr_5e4/metrics/rmse/data/land/rmse_summary_daily_first.csv

All RMSE products saved successfully.
[RMSE] plot
Using device: cpu
=== Temperature RMSE plotting ===
Spatial domain  : land
Display domain  : land
Metric config   : /srv/data/mohammad.elaabaribao/work/interns/y2026/temp/ds_temp_intern/temp/era5_mswt/postproc/mean/rmse/config.yaml
Main config     : /srv/data/mohammad.elaabaribao/work/interns/y2026/temp/ds_temp_intern/temp/era5_mswt/main/configs/unet/unet_lr_5e4.yaml
Input data dir  : /srv/data/mohammad.elaabaribao/work/interns/y2026/temp/ds_temp_intern/temp/era5_mswt/postproc/results/unet_lr_5e4/metrics/rmse/data/land
Output plot dir : /srv/data/mohammad.elaabaribao/work/interns/y2026/temp/ds_temp_intern/temp/era5_mswt/postproc/results/unet_lr_5e4/metrics/rmse/plots/land
Strategy        : daily_first
Return by year  : False
[STEP] Plotting annual RMSE map
[STEP] Plotting DJF RMSE map
[STEP] Plotting MAM RMSE map
[STEP] Plotting JJA RMSE map
[STEP] Plotting SON RMSE map
[STEP] Plotting grouped seasonal RMSE panel
[STEP] Plotting seasonal RMSE boxplot
[STEP] Plotting annual RMSE boxplot
[SUCCESS] RMSE figures saved to: /srv/data/mohammad.elaabaribao/work/interns/y2026/temp/ds_temp_intern/temp/era5_mswt/postproc/results/unet_lr_5e4/metrics/rmse/plots/land
[RMSE] done

--------------------------------------
[CORRELATION]
Config: era5_mswt/postproc/mean/correlation/config.yaml
--------------------------------------
[CORRELATION] compute
Using device: cpu
=== Temperature correlation postprocessing ===
Spatial domain   : land
Save mask        : True
Metric config   : /srv/data/mohammad.elaabaribao/work/interns/y2026/temp/ds_temp_intern/temp/era5_mswt/postproc/mean/correlation/config.yaml
Main config     : /srv/data/mohammad.elaabaribao/work/interns/y2026/temp/ds_temp_intern/temp/era5_mswt/main/configs/unet/unet_lr_5e4.yaml
Experiment root : /srv/data/mohammad.elaabaribao/work/interns/y2026/temp/ds_temp_intern/temp/era5_mswt/results/unet_lr_5e4
Prediction file : /srv/data/mohammad.elaabaribao/work/interns/y2026/temp/ds_temp_intern/temp/era5_mswt/results/unet_lr_5e4/output_data/unet1_predictions_mswt.nc
Observation file: /home/mohammad.elaabaribao/lustre/climat-um6p-st-iwri-7ksifkvwkuy/users/mohammad.elaabaribao/data/obs/mswep/mswt_1979_2020.nc
Time window     : 2006-01-01 -> 2020-12-31
Window (CORR D) : 31
Min valid       : 10
Seasons         : ['Annual', 'DJF', 'MAM', 'JJA', 'SON']
corr_d data dir : /srv/data/mohammad.elaabaribao/work/interns/y2026/temp/ds_temp_intern/temp/era5_mswt/postproc/results/unet_lr_5e4/metrics/corr_d/data/land
corr_d plot dir : /srv/data/mohammad.elaabaribao/work/interns/y2026/temp/ds_temp_intern/temp/era5_mswt/postproc/results/unet_lr_5e4/metrics/corr_d/plots/land
Prediction units : Unit unknown -> no automatic conversion applied.
Observation units: Already in Celsius.
Aligned shape    : pred=(5479, 160, 180), obs=(5479, 160, 180)
Spatial evaluation domain: land
Valid spatial pixels      : 17616
Computation pixels        : 17616

--- Computing correlations for Annual ---
Saved: /srv/data/mohammad.elaabaribao/work/interns/y2026/temp/ds_temp_intern/temp/era5_mswt/postproc/results/unet_lr_5e4/metrics/corr_d/data/land/corr_d_annual_mean_period.nc
  CORR D mean=0.9197, min=0.6185, max=0.9629

--- Computing correlations for DJF ---
Saved: /srv/data/mohammad.elaabaribao/work/interns/y2026/temp/ds_temp_intern/temp/era5_mswt/postproc/results/unet_lr_5e4/metrics/corr_d/data/land/corr_d_djf_mean_period.nc
  CORR D mean=0.8990, min=0.5222, max=0.9444

--- Computing correlations for MAM ---
Saved: /srv/data/mohammad.elaabaribao/work/interns/y2026/temp/ds_temp_intern/temp/era5_mswt/postproc/results/unet_lr_5e4/metrics/corr_d/data/land/corr_d_mam_mean_period.nc
  CORR D mean=0.9477, min=0.6069, max=0.9787

--- Computing correlations for JJA ---
Saved: /srv/data/mohammad.elaabaribao/work/interns/y2026/temp/ds_temp_intern/temp/era5_mswt/postproc/results/unet_lr_5e4/metrics/corr_d/data/land/corr_d_jja_mean_period.nc
  CORR D mean=0.8904, min=0.4645, max=0.9767

--- Computing correlations for SON ---
Saved: /srv/data/mohammad.elaabaribao/work/interns/y2026/temp/ds_temp_intern/temp/era5_mswt/postproc/results/unet_lr_5e4/metrics/corr_d/data/land/corr_d_son_mean_period.nc
  CORR D mean=0.9115, min=0.6491, max=0.9544

Saved summary CSV: /srv/data/mohammad.elaabaribao/work/interns/y2026/temp/ds_temp_intern/temp/era5_mswt/postproc/results/unet_lr_5e4/metrics/corr_d/data/land/corr_d_summary.csv

All correlation products saved successfully.
[CORRELATION] plot
Using device: cpu
=== Temperature correlation plotting ===
Spatial domain  : land
Display domain  : land
Metric config   : /srv/data/mohammad.elaabaribao/work/interns/y2026/temp/ds_temp_intern/temp/era5_mswt/postproc/mean/correlation/config.yaml
Main config     : /srv/data/mohammad.elaabaribao/work/interns/y2026/temp/ds_temp_intern/temp/era5_mswt/main/configs/unet/unet_lr_5e4.yaml
Experiment root : /srv/data/mohammad.elaabaribao/work/interns/y2026/temp/ds_temp_intern/temp/era5_mswt/results/unet_lr_5e4
Selected seasons: ['Annual', 'DJF', 'MAM', 'JJA', 'SON']

=== Plotting corr_d ===
Spatial domain  : land
Display domain  : land
Input data dir  : /srv/data/mohammad.elaabaribao/work/interns/y2026/temp/ds_temp_intern/temp/era5_mswt/postproc/results/unet_lr_5e4/metrics/corr_d/data/land
Output plot dir : /srv/data/mohammad.elaabaribao/work/interns/y2026/temp/ds_temp_intern/temp/era5_mswt/postproc/results/unet_lr_5e4/metrics/corr_d/plots/land
[STEP] Plotting annual corr_d map
[STEP] Plotting DJF corr_d map
[STEP] Plotting MAM corr_d map
[STEP] Plotting JJA corr_d map
[STEP] Plotting SON corr_d map
[STEP] Plotting seasonal corr_d panel
[STEP] Plotting seasonal corr_d boxplot
[STEP] Plotting annual corr_d boxplot
[SUCCESS] corr_d figures saved to: /srv/data/mohammad.elaabaribao/work/interns/y2026/temp/ds_temp_intern/temp/era5_mswt/postproc/results/unet_lr_5e4/metrics/corr_d/plots/land

All correlation figures saved successfully.
[CORRELATION] done

========== EXTREME METRICS ==========

--------------------------------------
[B02]
Config: era5_mswt/postproc/extreme/b02/config.yaml
--------------------------------------
[B02] compute
Using device: cpu
=== Temperature B-02 postprocessing ===
Spatial domain   : land
Save mask        : True
Metric config   : /srv/data/mohammad.elaabaribao/work/interns/y2026/temp/ds_temp_intern/temp/era5_mswt/postproc/extreme/b02/config.yaml
Main config     : /srv/data/mohammad.elaabaribao/work/interns/y2026/temp/ds_temp_intern/temp/era5_mswt/main/configs/unet/unet_lr_5e4.yaml
Experiment root : /srv/data/mohammad.elaabaribao/work/interns/y2026/temp/ds_temp_intern/temp/era5_mswt/results/unet_lr_5e4
Prediction file : /srv/data/mohammad.elaabaribao/work/interns/y2026/temp/ds_temp_intern/temp/era5_mswt/results/unet_lr_5e4/output_data/unet1_predictions_mswt.nc
Observation file: /home/mohammad.elaabaribao/lustre/climat-um6p-st-iwri-7ksifkvwkuy/users/mohammad.elaabaribao/data/obs/mswep/mswt_1979_2020.nc
Time window     : 2006-01-01 -> 2020-12-31
Quantile        : 0.02
Min valid       : 10
Seasons         : ['Annual', 'DJF', 'MAM', 'JJA', 'SON']
Data output dir : /srv/data/mohammad.elaabaribao/work/interns/y2026/temp/ds_temp_intern/temp/era5_mswt/postproc/results/unet_lr_5e4/metrics/b02/data/land
Plot output dir : /srv/data/mohammad.elaabaribao/work/interns/y2026/temp/ds_temp_intern/temp/era5_mswt/postproc/results/unet_lr_5e4/metrics/b02/plots/land
Prediction units : Unit unknown -> no automatic conversion applied.
Observation units: Already in Celsius.
Aligned shape    : pred=(5479, 160, 180), obs=(5479, 160, 180)
Spatial evaluation domain: land
Valid spatial pixels      : 17616
Computation pixels        : 17616

--- Computing B-02 for Annual ---
Saved: /srv/data/mohammad.elaabaribao/work/interns/y2026/temp/ds_temp_intern/temp/era5_mswt/postproc/results/unet_lr_5e4/metrics/b02/data/land/b02_annual_mean_period.nc
  mean=-0.0988, min=-3.4036, max=7.9642

--- Computing B-02 for DJF ---
Saved: /srv/data/mohammad.elaabaribao/work/interns/y2026/temp/ds_temp_intern/temp/era5_mswt/postproc/results/unet_lr_5e4/metrics/b02/data/land/b02_djf_mean_period.nc
  mean=0.2171, min=-3.4862, max=10.1383

--- Computing B-02 for MAM ---
Saved: /srv/data/mohammad.elaabaribao/work/interns/y2026/temp/ds_temp_intern/temp/era5_mswt/postproc/results/unet_lr_5e4/metrics/b02/data/land/b02_mam_mean_period.nc
  mean=-0.5280, min=-4.7575, max=5.5415

--- Computing B-02 for JJA ---
Saved: /srv/data/mohammad.elaabaribao/work/interns/y2026/temp/ds_temp_intern/temp/era5_mswt/postproc/results/unet_lr_5e4/metrics/b02/data/land/b02_jja_mean_period.nc
  mean=-0.1766, min=-4.1173, max=4.6154

--- Computing B-02 for SON ---
Saved: /srv/data/mohammad.elaabaribao/work/interns/y2026/temp/ds_temp_intern/temp/era5_mswt/postproc/results/unet_lr_5e4/metrics/b02/data/land/b02_son_mean_period.nc
  mean=-0.5948, min=-4.6549, max=6.2619

Saved summary CSV: /srv/data/mohammad.elaabaribao/work/interns/y2026/temp/ds_temp_intern/temp/era5_mswt/postproc/results/unet_lr_5e4/metrics/b02/data/land/b02_summary.csv

All B-02 products saved successfully.
[B02] plot
Using device: cpu
=== Temperature B-02 plotting ===
Spatial domain  : land
Display domain  : land
Metric config   : /srv/data/mohammad.elaabaribao/work/interns/y2026/temp/ds_temp_intern/temp/era5_mswt/postproc/extreme/b02/config.yaml
Main config     : /srv/data/mohammad.elaabaribao/work/interns/y2026/temp/ds_temp_intern/temp/era5_mswt/main/configs/unet/unet_lr_5e4.yaml
Input data dir  : /srv/data/mohammad.elaabaribao/work/interns/y2026/temp/ds_temp_intern/temp/era5_mswt/postproc/results/unet_lr_5e4/metrics/b02/data/land
Output plot dir : /srv/data/mohammad.elaabaribao/work/interns/y2026/temp/ds_temp_intern/temp/era5_mswt/postproc/results/unet_lr_5e4/metrics/b02/plots/land
[STEP] Plotting annual P02 comparison
[STEP] Plotting annual B-02 map
[STEP] Plotting DJF B-02 map
[STEP] Plotting MAM B-02 map
[STEP] Plotting JJA B-02 map
[STEP] Plotting SON B-02 map
[STEP] Plotting grouped seasonal B-02 panel
[STEP] Plotting seasonal B-02 boxplot
[STEP] Plotting annual B-02 boxplot
[SUCCESS] B-02 figures saved to: /srv/data/mohammad.elaabaribao/work/interns/y2026/temp/ds_temp_intern/temp/era5_mswt/postproc/results/unet_lr_5e4/metrics/b02/plots/land
[B02] done

--------------------------------------
[B98]
Config: era5_mswt/postproc/extreme/b98/config.yaml
--------------------------------------
[B98] compute
Using device: cpu
=== Temperature B-98 postprocessing ===
Spatial domain   : land
Save mask        : True
Metric config   : /srv/data/mohammad.elaabaribao/work/interns/y2026/temp/ds_temp_intern/temp/era5_mswt/postproc/extreme/b98/config.yaml
Main config     : /srv/data/mohammad.elaabaribao/work/interns/y2026/temp/ds_temp_intern/temp/era5_mswt/main/configs/unet/unet_lr_5e4.yaml
Experiment root : /srv/data/mohammad.elaabaribao/work/interns/y2026/temp/ds_temp_intern/temp/era5_mswt/results/unet_lr_5e4
Prediction file : /srv/data/mohammad.elaabaribao/work/interns/y2026/temp/ds_temp_intern/temp/era5_mswt/results/unet_lr_5e4/output_data/unet1_predictions_mswt.nc
Observation file: /home/mohammad.elaabaribao/lustre/climat-um6p-st-iwri-7ksifkvwkuy/users/mohammad.elaabaribao/data/obs/mswep/mswt_1979_2020.nc
Time window     : 2006-01-01 -> 2020-12-31
Quantile        : 0.98
Min valid       : 10
Seasons         : ['Annual', 'DJF', 'MAM', 'JJA', 'SON']
Data output dir : /srv/data/mohammad.elaabaribao/work/interns/y2026/temp/ds_temp_intern/temp/era5_mswt/postproc/results/unet_lr_5e4/metrics/b98/data/land
Plot output dir : /srv/data/mohammad.elaabaribao/work/interns/y2026/temp/ds_temp_intern/temp/era5_mswt/postproc/results/unet_lr_5e4/metrics/b98/plots/land
Prediction units : Unit unknown -> no automatic conversion applied.
Observation units: Already in Celsius.
Aligned shape    : pred=(5479, 160, 180), obs=(5479, 160, 180)
Spatial evaluation domain: land
Valid spatial pixels      : 17616
Computation pixels        : 17616

--- Computing B-98 for Annual ---
Saved: /srv/data/mohammad.elaabaribao/work/interns/y2026/temp/ds_temp_intern/temp/era5_mswt/postproc/results/unet_lr_5e4/metrics/b98/data/land/b98_annual_mean_period.nc
  mean=-0.9831, min=-5.0499, max=3.6275

--- Computing B-98 for DJF ---
Saved: /srv/data/mohammad.elaabaribao/work/interns/y2026/temp/ds_temp_intern/temp/era5_mswt/postproc/results/unet_lr_5e4/metrics/b98/data/land/b98_djf_mean_period.nc
  mean=-0.1776, min=-4.3117, max=6.0730

--- Computing B-98 for MAM ---
Saved: /srv/data/mohammad.elaabaribao/work/interns/y2026/temp/ds_temp_intern/temp/era5_mswt/postproc/results/unet_lr_5e4/metrics/b98/data/land/b98_mam_mean_period.nc
  mean=-0.4915, min=-4.7503, max=4.1437

--- Computing B-98 for JJA ---
Saved: /srv/data/mohammad.elaabaribao/work/interns/y2026/temp/ds_temp_intern/temp/era5_mswt/postproc/results/unet_lr_5e4/metrics/b98/data/land/b98_jja_mean_period.nc
  mean=-1.3887, min=-6.9405, max=3.5213

--- Computing B-98 for SON ---
Saved: /srv/data/mohammad.elaabaribao/work/interns/y2026/temp/ds_temp_intern/temp/era5_mswt/postproc/results/unet_lr_5e4/metrics/b98/data/land/b98_son_mean_period.nc
  mean=-0.4711, min=-4.3800, max=4.3687

Saved summary CSV: /srv/data/mohammad.elaabaribao/work/interns/y2026/temp/ds_temp_intern/temp/era5_mswt/postproc/results/unet_lr_5e4/metrics/b98/data/land/b98_summary.csv

All B-98 products saved successfully.
[B98] plot
Using device: cpu
=== Temperature B-98 plotting ===
Spatial domain  : land
Display domain  : land
Metric config   : /srv/data/mohammad.elaabaribao/work/interns/y2026/temp/ds_temp_intern/temp/era5_mswt/postproc/extreme/b98/config.yaml
Main config     : /srv/data/mohammad.elaabaribao/work/interns/y2026/temp/ds_temp_intern/temp/era5_mswt/main/configs/unet/unet_lr_5e4.yaml
Input data dir  : /srv/data/mohammad.elaabaribao/work/interns/y2026/temp/ds_temp_intern/temp/era5_mswt/postproc/results/unet_lr_5e4/metrics/b98/data/land
Output plot dir : /srv/data/mohammad.elaabaribao/work/interns/y2026/temp/ds_temp_intern/temp/era5_mswt/postproc/results/unet_lr_5e4/metrics/b98/plots/land
[STEP] Plotting annual P98 comparison
[STEP] Plotting annual B-98 map
[STEP] Plotting DJF B-98 map
[STEP] Plotting MAM B-98 map
[STEP] Plotting JJA B-98 map
[STEP] Plotting SON B-98 map
[STEP] Plotting grouped seasonal B-98 panel
[STEP] Plotting seasonal B-98 boxplot
[STEP] Plotting annual B-98 boxplot
[SUCCESS] B-98 figures saved to: /srv/data/mohammad.elaabaribao/work/interns/y2026/temp/ds_temp_intern/temp/era5_mswt/postproc/results/unet_lr_5e4/metrics/b98/plots/land
[B98] done

--------------------------------------
[CAMS]
Config: era5_mswt/postproc/extreme/cams/config.yaml
--------------------------------------
[CAMS] compute
Using device: cpu
=== Temperature CAMS postprocessing ===
Spatial domain   : land
Save mask        : True
Metric config     : /srv/data/mohammad.elaabaribao/work/interns/y2026/temp/ds_temp_intern/temp/era5_mswt/postproc/extreme/cams/config.yaml
Main config       : /srv/data/mohammad.elaabaribao/work/interns/y2026/temp/ds_temp_intern/temp/era5_mswt/main/configs/unet/unet_lr_5e4.yaml
Experiment root   : /srv/data/mohammad.elaabaribao/work/interns/y2026/temp/ds_temp_intern/temp/era5_mswt/results/unet_lr_5e4
Prediction file   : /srv/data/mohammad.elaabaribao/work/interns/y2026/temp/ds_temp_intern/temp/era5_mswt/results/unet_lr_5e4/output_data/unet1_predictions_mswt.nc
Observation file  : /home/mohammad.elaabaribao/lustre/climat-um6p-st-iwri-7ksifkvwkuy/users/mohammad.elaabaribao/data/obs/mswep/mswt_1979_2020.nc
Time window       : 2006-01-01 -> 2020-12-31
Threshold quantile: 0.1
Min spell length  : 2
Min valid days    : 10
Min valid years   : 1
Data output dir   : /srv/data/mohammad.elaabaribao/work/interns/y2026/temp/ds_temp_intern/temp/era5_mswt/postproc/results/unet_lr_5e4/metrics/cams/data/land
Plot output dir   : /srv/data/mohammad.elaabaribao/work/interns/y2026/temp/ds_temp_intern/temp/era5_mswt/postproc/results/unet_lr_5e4/metrics/cams/plots/land
Prediction units : Unit unknown -> no automatic conversion applied.
Observation units: Already in Celsius.
Aligned shape    : pred=(5479, 160, 180), obs=(5479, 160, 180)
Spatial evaluation domain: land
Valid spatial pixels      : 17616
Computation pixels        : 17616
Saved summary CSV: /srv/data/mohammad.elaabaribao/work/interns/y2026/temp/ds_temp_intern/temp/era5_mswt/postproc/results/unet_lr_5e4/metrics/cams/data/land/cams_summary.csv
Saved: /srv/data/mohammad.elaabaribao/work/interns/y2026/temp/ds_temp_intern/temp/era5_mswt/postproc/results/unet_lr_5e4/metrics/cams/data/land/cams_annual_mean_period.nc
  bCAMS mean=0.0959, min=-8.0000, max=6.0000

CAMS products saved successfully.
[CAMS] plot
Using device: cpu
=== Temperature CAMS plotting ===
Spatial domain  : land
Display domain  : land
Metric config   : /srv/data/mohammad.elaabaribao/work/interns/y2026/temp/ds_temp_intern/temp/era5_mswt/postproc/extreme/cams/config.yaml
Main config     : /srv/data/mohammad.elaabaribao/work/interns/y2026/temp/ds_temp_intern/temp/era5_mswt/main/configs/unet/unet_lr_5e4.yaml
Input data dir  : /srv/data/mohammad.elaabaribao/work/interns/y2026/temp/ds_temp_intern/temp/era5_mswt/postproc/results/unet_lr_5e4/metrics/cams/data/land
Output plot dir : /srv/data/mohammad.elaabaribao/work/interns/y2026/temp/ds_temp_intern/temp/era5_mswt/postproc/results/unet_lr_5e4/metrics/cams/plots/land
[STEP] Loading CAMS fields
[STEP] Plotting annual CAMS comparison
[STEP] Plotting annual bCAMS map
[STEP] Plotting annual bCAMS boxplot
[SUCCESS] CAMS figures saved to: /srv/data/mohammad.elaabaribao/work/interns/y2026/temp/ds_temp_intern/temp/era5_mswt/postproc/results/unet_lr_5e4/metrics/cams/plots/land
[CAMS] done

--------------------------------------
[WAMS]
Config: era5_mswt/postproc/extreme/wams/config.yaml
--------------------------------------
[WAMS] compute
Using device: cpu
=== Temperature WAMS postprocessing ===
Spatial domain   : land
Save mask        : True
Metric config     : /srv/data/mohammad.elaabaribao/work/interns/y2026/temp/ds_temp_intern/temp/era5_mswt/postproc/extreme/wams/config.yaml
Main config       : /srv/data/mohammad.elaabaribao/work/interns/y2026/temp/ds_temp_intern/temp/era5_mswt/main/configs/unet/unet_lr_5e4.yaml
Experiment root   : /srv/data/mohammad.elaabaribao/work/interns/y2026/temp/ds_temp_intern/temp/era5_mswt/results/unet_lr_5e4
Prediction file   : /srv/data/mohammad.elaabaribao/work/interns/y2026/temp/ds_temp_intern/temp/era5_mswt/results/unet_lr_5e4/output_data/unet1_predictions_mswt.nc
Observation file  : /home/mohammad.elaabaribao/lustre/climat-um6p-st-iwri-7ksifkvwkuy/users/mohammad.elaabaribao/data/obs/mswep/mswt_1979_2020.nc
Time window       : 2006-01-01 -> 2020-12-31
Threshold quantile: 0.9
Min spell length  : 2
Min valid days    : 10
Min valid years   : 1
Data output dir   : /srv/data/mohammad.elaabaribao/work/interns/y2026/temp/ds_temp_intern/temp/era5_mswt/postproc/results/unet_lr_5e4/metrics/wams/data/land
Plot output dir   : /srv/data/mohammad.elaabaribao/work/interns/y2026/temp/ds_temp_intern/temp/era5_mswt/postproc/results/unet_lr_5e4/metrics/wams/plots/land
Prediction units : Unit unknown -> no automatic conversion applied.
Observation units: Already in Celsius.
Aligned shape    : pred=(5479, 160, 180), obs=(5479, 160, 180)
Spatial evaluation domain: land
Valid spatial pixels      : 17616
Computation pixels        : 17616
Saved summary CSV: /srv/data/mohammad.elaabaribao/work/interns/y2026/temp/ds_temp_intern/temp/era5_mswt/postproc/results/unet_lr_5e4/metrics/wams/data/land/wams_summary.csv
Saved: /srv/data/mohammad.elaabaribao/work/interns/y2026/temp/ds_temp_intern/temp/era5_mswt/postproc/results/unet_lr_5e4/metrics/wams/data/land/wams_annual_mean_period.nc
  bWAMS mean=0.1181, min=-8.0000, max=8.0000

WAMS products saved successfully.
[WAMS] plot
Using device: cpu
=== Temperature WAMS plotting ===
Spatial domain  : land
Display domain  : land
Metric config   : /srv/data/mohammad.elaabaribao/work/interns/y2026/temp/ds_temp_intern/temp/era5_mswt/postproc/extreme/wams/config.yaml
Main config     : /srv/data/mohammad.elaabaribao/work/interns/y2026/temp/ds_temp_intern/temp/era5_mswt/main/configs/unet/unet_lr_5e4.yaml
Input data dir  : /srv/data/mohammad.elaabaribao/work/interns/y2026/temp/ds_temp_intern/temp/era5_mswt/postproc/results/unet_lr_5e4/metrics/wams/data/land
Output plot dir : /srv/data/mohammad.elaabaribao/work/interns/y2026/temp/ds_temp_intern/temp/era5_mswt/postproc/results/unet_lr_5e4/metrics/wams/plots/land
[STEP] Loading WAMS fields
[STEP] Plotting annual WAMS comparison
[STEP] Plotting annual bWAMS map
[STEP] Plotting annual bWAMS boxplot
[SUCCESS] WAMS figures saved to: /srv/data/mohammad.elaabaribao/work/interns/y2026/temp/ds_temp_intern/temp/era5_mswt/postproc/results/unet_lr_5e4/metrics/wams/plots/land
[WAMS] done

========== TEMPORAL METRICS ==========

--------------------------------------
[AC1]
Config: era5_mswt/postproc/temporal/ac1/config.yaml
--------------------------------------
[AC1] compute
Using device: cpu
=== Temperature AC1 postprocessing ===
Spatial domain   : land
Save mask        : True
Metric config   : /srv/data/mohammad.elaabaribao/work/interns/y2026/temp/ds_temp_intern/temp/era5_mswt/postproc/temporal/ac1/config.yaml
Main config     : /srv/data/mohammad.elaabaribao/work/interns/y2026/temp/ds_temp_intern/temp/era5_mswt/main/configs/unet/unet_lr_5e4.yaml
Experiment root : /srv/data/mohammad.elaabaribao/work/interns/y2026/temp/ds_temp_intern/temp/era5_mswt/results/unet_lr_5e4
Prediction file : /srv/data/mohammad.elaabaribao/work/interns/y2026/temp/ds_temp_intern/temp/era5_mswt/results/unet_lr_5e4/output_data/unet1_predictions_mswt.nc
Observation file: /home/mohammad.elaabaribao/lustre/climat-um6p-st-iwri-7ksifkvwkuy/users/mohammad.elaabaribao/data/obs/mswep/mswt_1979_2020.nc
Time window     : 2006-01-01 -> 2020-12-31
Min valid pairs : 10
Data output dir : /srv/data/mohammad.elaabaribao/work/interns/y2026/temp/ds_temp_intern/temp/era5_mswt/postproc/results/unet_lr_5e4/metrics/ac1/data/land
Plot output dir : /srv/data/mohammad.elaabaribao/work/interns/y2026/temp/ds_temp_intern/temp/era5_mswt/postproc/results/unet_lr_5e4/metrics/ac1/plots/land
Prediction units : Unit unknown -> no automatic conversion applied.
Observation units: Already in Celsius.
Aligned shape    : pred=(5479, 160, 180), obs=(5479, 160, 180)
Spatial evaluation domain: land
Valid spatial pixels      : 17616
Computation pixels        : 17616
Saved summary CSV: /srv/data/mohammad.elaabaribao/work/interns/y2026/temp/ds_temp_intern/temp/era5_mswt/postproc/results/unet_lr_5e4/metrics/ac1/data/land/ac1_summary.csv
Saved: /srv/data/mohammad.elaabaribao/work/interns/y2026/temp/ds_temp_intern/temp/era5_mswt/postproc/results/unet_lr_5e4/metrics/ac1/data/land/ac1_annual_mean_period.nc
  bAC1 mean=0.0008, min=-0.0467, max=0.0453

AC1 products saved successfully.
[AC1] plot
Using device: cpu
=== Temperature AC1 plotting ===
Spatial domain  : land
Display domain  : land
Metric config   : /srv/data/mohammad.elaabaribao/work/interns/y2026/temp/ds_temp_intern/temp/era5_mswt/postproc/temporal/ac1/config.yaml
Main config     : /srv/data/mohammad.elaabaribao/work/interns/y2026/temp/ds_temp_intern/temp/era5_mswt/main/configs/unet/unet_lr_5e4.yaml
Input data dir  : /srv/data/mohammad.elaabaribao/work/interns/y2026/temp/ds_temp_intern/temp/era5_mswt/postproc/results/unet_lr_5e4/metrics/ac1/data/land
Output plot dir : /srv/data/mohammad.elaabaribao/work/interns/y2026/temp/ds_temp_intern/temp/era5_mswt/postproc/results/unet_lr_5e4/metrics/ac1/plots/land
[STEP] Loading AC1 fields
[STEP] Plotting annual AC1 comparison
[STEP] Plotting annual bAC1 map
[STEP] Plotting annual bAC1 boxplot
[SUCCESS] AC1 figures saved to: /srv/data/mohammad.elaabaribao/work/interns/y2026/temp/ds_temp_intern/temp/era5_mswt/postproc/results/unet_lr_5e4/metrics/ac1/plots/land
[AC1] done

--------------------------------------
[RSTD]
Config: era5_mswt/postproc/temporal/rstd/config.yaml
--------------------------------------
[RSTD] compute
Using device: cpu
=== Temperature RSTD postprocessing ===
Spatial domain   : land
Save mask        : True
Metric config   : /srv/data/mohammad.elaabaribao/work/interns/y2026/temp/ds_temp_intern/temp/era5_mswt/postproc/temporal/rstd/config.yaml
Main config     : /srv/data/mohammad.elaabaribao/work/interns/y2026/temp/ds_temp_intern/temp/era5_mswt/main/configs/unet/unet_lr_5e4.yaml
Experiment root : /srv/data/mohammad.elaabaribao/work/interns/y2026/temp/ds_temp_intern/temp/era5_mswt/results/unet_lr_5e4
Prediction file : /srv/data/mohammad.elaabaribao/work/interns/y2026/temp/ds_temp_intern/temp/era5_mswt/results/unet_lr_5e4/output_data/unet1_predictions_mswt.nc
Observation file: /home/mohammad.elaabaribao/lustre/climat-um6p-st-iwri-7ksifkvwkuy/users/mohammad.elaabaribao/data/obs/mswep/mswt_1979_2020.nc
Time window     : 2006-01-01 -> 2020-12-31
Window          : 31
Min valid       : 10
Data output dir : /srv/data/mohammad.elaabaribao/work/interns/y2026/temp/ds_temp_intern/temp/era5_mswt/postproc/results/unet_lr_5e4/metrics/rstd/data/land
Plot output dir : /srv/data/mohammad.elaabaribao/work/interns/y2026/temp/ds_temp_intern/temp/era5_mswt/postproc/results/unet_lr_5e4/metrics/rstd/plots/land
Prediction units : Unit unknown -> no automatic conversion applied.
Observation units: Already in Celsius.
Aligned shape    : pred=(5479, 160, 180), obs=(5479, 160, 180)
Spatial evaluation domain: land
Valid spatial pixels      : 17616
Computation pixels        : 17616
Saved summary CSV: /srv/data/mohammad.elaabaribao/work/interns/y2026/temp/ds_temp_intern/temp/era5_mswt/postproc/results/unet_lr_5e4/metrics/rstd/data/land/rstd_summary.csv
Saved: /srv/data/mohammad.elaabaribao/work/interns/y2026/temp/ds_temp_intern/temp/era5_mswt/postproc/results/unet_lr_5e4/metrics/rstd/data/land/rstd_annual_mean_period.nc
  RSTD mean=0.9764, min=0.4163, max=1.4935

RSTD products saved successfully.
[RSTD] plot
/srv/data/mohammad.elaabaribao/work/interns/y2026/temp/ds_temp_intern/temp/era5_mswt/postproc/temporal/rstd/plot.py:355: MatplotlibDeprecationWarning: The 'labels' parameter of boxplot() has been renamed 'tick_labels' since Matplotlib 3.9; support for the old name will be dropped in 3.11.
  ax.boxplot(
Using device: cpu
=== Temperature RSTD plotting ===
Spatial domain  : land
Display domain  : land
Metric config   : /srv/data/mohammad.elaabaribao/work/interns/y2026/temp/ds_temp_intern/temp/era5_mswt/postproc/temporal/rstd/config.yaml
Main config     : /srv/data/mohammad.elaabaribao/work/interns/y2026/temp/ds_temp_intern/temp/era5_mswt/main/configs/unet/unet_lr_5e4.yaml
Input data dir  : /srv/data/mohammad.elaabaribao/work/interns/y2026/temp/ds_temp_intern/temp/era5_mswt/postproc/results/unet_lr_5e4/metrics/rstd/data/land
Output plot dir : /srv/data/mohammad.elaabaribao/work/interns/y2026/temp/ds_temp_intern/temp/era5_mswt/postproc/results/unet_lr_5e4/metrics/rstd/plots/land
[STEP] Loading RSTD fields
[STEP] Plotting annual standard deviation comparison
[STEP] Plotting annual RSTD map
[STEP] Plotting annual RSTD boxplot
[SUCCESS] RSTD figures saved to: /srv/data/mohammad.elaabaribao/work/interns/y2026/temp/ds_temp_intern/temp/era5_mswt/postproc/results/unet_lr_5e4/metrics/rstd/plots/land
[RSTD] done

======================================
 Postprocessing finished successfully
======================================
======================================
 Running postprocessing metrics
======================================
[INFO] Current directory:
/srv/data/mohammad.elaabaribao/work/interns/y2026/temp/ds_temp_intern/temp

[INFO] Selected config : config.yaml
[INFO] Selected group  : all


========== MEAN METRICS ==========

--------------------------------------
[BIAS]
Config: era5_mswt/postproc/mean/bias/config.yaml
--------------------------------------
[BIAS] compute
Using device: cpu
=== Temperature bias postprocessing ===
Spatial domain   : land
Save mask        : True
Metric config   : /srv/data/mohammad.elaabaribao/work/interns/y2026/temp/ds_temp_intern/temp/era5_mswt/postproc/mean/bias/config.yaml
Main config     : /srv/data/mohammad.elaabaribao/work/interns/y2026/temp/ds_temp_intern/temp/era5_mswt/main/configs/unet/config_arch1.yaml
Experiment root : /srv/data/mohammad.elaabaribao/work/interns/y2026/temp/ds_temp_intern/temp/era5_mswt/results/unet1_temperature
Prediction file : /srv/data/mohammad.elaabaribao/work/interns/y2026/temp/ds_temp_intern/temp/era5_mswt/results/unet1_temperature/output_data/unet1_predictions_mswt.nc
Observation file: /home/mohammad.elaabaribao/lustre/climat-um6p-st-iwri-7ksifkvwkuy/users/mohammad.elaabaribao/data/obs/mswep/mswt_1979_2020.nc
Time window     : 2006-01-01 -> 2020-12-31
Strategy        : daily_first
Return by year  : False
Min valid       : 10
Seasons         : ['Annual', 'DJF', 'MAM', 'JJA', 'SON']
Data output dir : /srv/data/mohammad.elaabaribao/work/interns/y2026/temp/ds_temp_intern/temp/era5_mswt/postproc/results/unet1_temperature/metrics/bias/data/land
Plot output dir : /srv/data/mohammad.elaabaribao/work/interns/y2026/temp/ds_temp_intern/temp/era5_mswt/postproc/results/unet1_temperature/metrics/bias/plots/land
Prediction units : Unit unknown -> no automatic conversion applied.
Observation units: Already in Celsius.
Aligned shape: pred=(5479, 150, 180), obs=(5479, 150, 180)
Spatial evaluation domain: land
Valid spatial pixels      : 17417
Computation pixels        : 17417

--- Computing bias for Annual ---
Saved NetCDF: /srv/data/mohammad.elaabaribao/work/interns/y2026/temp/ds_temp_intern/temp/era5_mswt/postproc/results/unet1_temperature/metrics/bias/data/land/bias_annual_daily_first_mean_period.nc
  mean=-0.1313, min=-4.3850, max=5.5139, std=0.5829

--- Computing bias for DJF ---
Saved NetCDF: /srv/data/mohammad.elaabaribao/work/interns/y2026/temp/ds_temp_intern/temp/era5_mswt/postproc/results/unet1_temperature/metrics/bias/data/land/bias_djf_daily_first_mean_period.nc
  mean=0.1743, min=-4.9786, max=6.5426, std=0.6638

--- Computing bias for MAM ---
Saved NetCDF: /srv/data/mohammad.elaabaribao/work/interns/y2026/temp/ds_temp_intern/temp/era5_mswt/postproc/results/unet1_temperature/metrics/bias/data/land/bias_mam_daily_first_mean_period.nc
  mean=-0.1077, min=-4.7209, max=5.5801, std=0.6140

--- Computing bias for JJA ---
Saved NetCDF: /srv/data/mohammad.elaabaribao/work/interns/y2026/temp/ds_temp_intern/temp/era5_mswt/postproc/results/unet1_temperature/metrics/bias/data/land/bias_jja_daily_first_mean_period.nc
  mean=-0.4316, min=-3.4853, max=4.8099, std=0.6052

--- Computing bias for SON ---
Saved NetCDF: /srv/data/mohammad.elaabaribao/work/interns/y2026/temp/ds_temp_intern/temp/era5_mswt/postproc/results/unet1_temperature/metrics/bias/data/land/bias_son_daily_first_mean_period.nc
  mean=-0.1738, min=-4.8772, max=5.6651, std=0.6086

Saved summary CSV: /srv/data/mohammad.elaabaribao/work/interns/y2026/temp/ds_temp_intern/temp/era5_mswt/postproc/results/unet1_temperature/metrics/bias/data/land/bias_summary_daily_first.csv

All bias products saved successfully.
[BIAS] plot
Using device: cpu
=== Temperature bias plotting ===
Spatial domain  : land
Display domain  : land
Metric config   : /srv/data/mohammad.elaabaribao/work/interns/y2026/temp/ds_temp_intern/temp/era5_mswt/postproc/mean/bias/config.yaml
Main config     : /srv/data/mohammad.elaabaribao/work/interns/y2026/temp/ds_temp_intern/temp/era5_mswt/main/configs/unet/config_arch1.yaml
Input data dir  : /srv/data/mohammad.elaabaribao/work/interns/y2026/temp/ds_temp_intern/temp/era5_mswt/postproc/results/unet1_temperature/metrics/bias/data/land
Output plot dir : /srv/data/mohammad.elaabaribao/work/interns/y2026/temp/ds_temp_intern/temp/era5_mswt/postproc/results/unet1_temperature/metrics/bias/plots/land
Strategy        : daily_first
Return by year  : False
[STEP] Plotting annual bias map
[STEP] Plotting DJF bias map
[STEP] Plotting MAM bias map
[STEP] Plotting JJA bias map
[STEP] Plotting SON bias map
[STEP] Plotting grouped seasonal bias panel
[STEP] Plotting seasonal bias boxplot
[STEP] Plotting annual bias boxplot
[SUCCESS] Bias figures saved to: /srv/data/mohammad.elaabaribao/work/interns/y2026/temp/ds_temp_intern/temp/era5_mswt/postproc/results/unet1_temperature/metrics/bias/plots/land
[BIAS] done

--------------------------------------
[RMSE]
Config: era5_mswt/postproc/mean/rmse/config.yaml
--------------------------------------
[RMSE] compute
Using device: cpu
=== Temperature RMSE postprocessing ===
Spatial domain   : land
Save mask        : True
Metric config   : /srv/data/mohammad.elaabaribao/work/interns/y2026/temp/ds_temp_intern/temp/era5_mswt/postproc/mean/rmse/config.yaml
Main config     : /srv/data/mohammad.elaabaribao/work/interns/y2026/temp/ds_temp_intern/temp/era5_mswt/main/configs/unet/config_arch1.yaml
Experiment root : /srv/data/mohammad.elaabaribao/work/interns/y2026/temp/ds_temp_intern/temp/era5_mswt/results/unet1_temperature
Prediction file : /srv/data/mohammad.elaabaribao/work/interns/y2026/temp/ds_temp_intern/temp/era5_mswt/results/unet1_temperature/output_data/unet1_predictions_mswt.nc
Observation file: /home/mohammad.elaabaribao/lustre/climat-um6p-st-iwri-7ksifkvwkuy/users/mohammad.elaabaribao/data/obs/mswep/mswt_1979_2020.nc
Time window     : 2006-01-01 -> 2020-12-31
Strategy        : daily_first
Return by year  : False
Min valid       : 10
Seasons         : ['Annual', 'DJF', 'MAM', 'JJA', 'SON']
Data output dir : /srv/data/mohammad.elaabaribao/work/interns/y2026/temp/ds_temp_intern/temp/era5_mswt/postproc/results/unet1_temperature/metrics/rmse/data/land
Plot output dir : /srv/data/mohammad.elaabaribao/work/interns/y2026/temp/ds_temp_intern/temp/era5_mswt/postproc/results/unet1_temperature/metrics/rmse/plots/land
Prediction units : Unit unknown -> no automatic conversion applied.
Observation units: Already in Celsius.
Aligned shape: pred=(5479, 150, 180), obs=(5479, 150, 180)
Spatial evaluation domain: land
Valid spatial pixels      : 17417
Computation pixels        : 17417

--- Computing RMSE for Annual ---
Saved NetCDF: /srv/data/mohammad.elaabaribao/work/interns/y2026/temp/ds_temp_intern/temp/era5_mswt/postproc/results/unet1_temperature/metrics/rmse/data/land/rmse_annual_daily_first_mean_period.nc
  mean=1.2727, min=0.6947, max=5.6913, std=0.3381

--- Computing RMSE for DJF ---
Saved NetCDF: /srv/data/mohammad.elaabaribao/work/interns/y2026/temp/ds_temp_intern/temp/era5_mswt/postproc/results/unet1_temperature/metrics/rmse/data/land/rmse_djf_daily_first_mean_period.nc
  mean=1.3229, min=0.6478, max=6.7021, std=0.4039

--- Computing RMSE for MAM ---
Saved NetCDF: /srv/data/mohammad.elaabaribao/work/interns/y2026/temp/ds_temp_intern/temp/era5_mswt/postproc/results/unet1_temperature/metrics/rmse/data/land/rmse_mam_daily_first_mean_period.nc
  mean=1.2184, min=0.6775, max=5.7499, std=0.3641

--- Computing RMSE for JJA ---
Saved NetCDF: /srv/data/mohammad.elaabaribao/work/interns/y2026/temp/ds_temp_intern/temp/era5_mswt/postproc/results/unet1_temperature/metrics/rmse/data/land/rmse_jja_daily_first_mean_period.nc
  mean=1.2581, min=0.6728, max=4.9794, std=0.3210

--- Computing RMSE for SON ---
Saved NetCDF: /srv/data/mohammad.elaabaribao/work/interns/y2026/temp/ds_temp_intern/temp/era5_mswt/postproc/results/unet1_temperature/metrics/rmse/data/land/rmse_son_daily_first_mean_period.nc
  mean=1.2353, min=0.6095, max=5.8027, std=0.3377

Saved summary CSV: /srv/data/mohammad.elaabaribao/work/interns/y2026/temp/ds_temp_intern/temp/era5_mswt/postproc/results/unet1_temperature/metrics/rmse/data/land/rmse_summary_daily_first.csv

All RMSE products saved successfully.
[RMSE] plot
Using device: cpu
=== Temperature RMSE plotting ===
Spatial domain  : land
Display domain  : land
Metric config   : /srv/data/mohammad.elaabaribao/work/interns/y2026/temp/ds_temp_intern/temp/era5_mswt/postproc/mean/rmse/config.yaml
Main config     : /srv/data/mohammad.elaabaribao/work/interns/y2026/temp/ds_temp_intern/temp/era5_mswt/main/configs/unet/config_arch1.yaml
Input data dir  : /srv/data/mohammad.elaabaribao/work/interns/y2026/temp/ds_temp_intern/temp/era5_mswt/postproc/results/unet1_temperature/metrics/rmse/data/land
Output plot dir : /srv/data/mohammad.elaabaribao/work/interns/y2026/temp/ds_temp_intern/temp/era5_mswt/postproc/results/unet1_temperature/metrics/rmse/plots/land
Strategy        : daily_first
Return by year  : False
[STEP] Plotting annual RMSE map
[STEP] Plotting DJF RMSE map
[STEP] Plotting MAM RMSE map
[STEP] Plotting JJA RMSE map
[STEP] Plotting SON RMSE map
[STEP] Plotting grouped seasonal RMSE panel
[STEP] Plotting seasonal RMSE boxplot
[STEP] Plotting annual RMSE boxplot
[SUCCESS] RMSE figures saved to: /srv/data/mohammad.elaabaribao/work/interns/y2026/temp/ds_temp_intern/temp/era5_mswt/postproc/results/unet1_temperature/metrics/rmse/plots/land
[RMSE] done

--------------------------------------
[CORRELATION]
Config: era5_mswt/postproc/mean/correlation/config.yaml
--------------------------------------
[CORRELATION] compute
Using device: cpu
=== Temperature correlation postprocessing ===
Spatial domain   : land
Save mask        : True
Metric config   : /srv/data/mohammad.elaabaribao/work/interns/y2026/temp/ds_temp_intern/temp/era5_mswt/postproc/mean/correlation/config.yaml
Main config     : /srv/data/mohammad.elaabaribao/work/interns/y2026/temp/ds_temp_intern/temp/era5_mswt/main/configs/unet/config_arch1.yaml
Experiment root : /srv/data/mohammad.elaabaribao/work/interns/y2026/temp/ds_temp_intern/temp/era5_mswt/results/unet1_temperature
Prediction file : /srv/data/mohammad.elaabaribao/work/interns/y2026/temp/ds_temp_intern/temp/era5_mswt/results/unet1_temperature/output_data/unet1_predictions_mswt.nc
Observation file: /home/mohammad.elaabaribao/lustre/climat-um6p-st-iwri-7ksifkvwkuy/users/mohammad.elaabaribao/data/obs/mswep/mswt_1979_2020.nc
Time window     : 2006-01-01 -> 2020-12-31
Window (CORR D) : 31
Min valid       : 10
Seasons         : ['Annual', 'DJF', 'MAM', 'JJA', 'SON']
corr_d data dir : /srv/data/mohammad.elaabaribao/work/interns/y2026/temp/ds_temp_intern/temp/era5_mswt/postproc/results/unet1_temperature/metrics/corr_d/data/land
corr_d plot dir : /srv/data/mohammad.elaabaribao/work/interns/y2026/temp/ds_temp_intern/temp/era5_mswt/postproc/results/unet1_temperature/metrics/corr_d/plots/land
Prediction units : Unit unknown -> no automatic conversion applied.
Observation units: Already in Celsius.
Aligned shape    : pred=(5479, 150, 180), obs=(5479, 150, 180)
Spatial evaluation domain: land
Valid spatial pixels      : 17417
Computation pixels        : 17417

--- Computing correlations for Annual ---
Saved: /srv/data/mohammad.elaabaribao/work/interns/y2026/temp/ds_temp_intern/temp/era5_mswt/postproc/results/unet1_temperature/metrics/corr_d/data/land/corr_d_annual_mean_period.nc
  CORR D mean=0.9055, min=0.6136, max=0.9544

--- Computing correlations for DJF ---
Saved: /srv/data/mohammad.elaabaribao/work/interns/y2026/temp/ds_temp_intern/temp/era5_mswt/postproc/results/unet1_temperature/metrics/corr_d/data/land/corr_d_djf_mean_period.nc
  CORR D mean=0.8863, min=0.6664, max=0.9386

--- Computing correlations for MAM ---
Saved: /srv/data/mohammad.elaabaribao/work/interns/y2026/temp/ds_temp_intern/temp/era5_mswt/postproc/results/unet1_temperature/metrics/corr_d/data/land/corr_d_mam_mean_period.nc
  CORR D mean=0.9365, min=0.6025, max=0.9706

--- Computing correlations for JJA ---
Saved: /srv/data/mohammad.elaabaribao/work/interns/y2026/temp/ds_temp_intern/temp/era5_mswt/postproc/results/unet1_temperature/metrics/corr_d/data/land/corr_d_jja_mean_period.nc
  CORR D mean=0.8657, min=0.4413, max=0.9731

--- Computing correlations for SON ---
Saved: /srv/data/mohammad.elaabaribao/work/interns/y2026/temp/ds_temp_intern/temp/era5_mswt/postproc/results/unet1_temperature/metrics/corr_d/data/land/corr_d_son_mean_period.nc
  CORR D mean=0.8962, min=0.6467, max=0.9474

Saved summary CSV: /srv/data/mohammad.elaabaribao/work/interns/y2026/temp/ds_temp_intern/temp/era5_mswt/postproc/results/unet1_temperature/metrics/corr_d/data/land/corr_d_summary.csv

All correlation products saved successfully.
[CORRELATION] plot
Using device: cpu
=== Temperature correlation plotting ===
Spatial domain  : land
Display domain  : land
Metric config   : /srv/data/mohammad.elaabaribao/work/interns/y2026/temp/ds_temp_intern/temp/era5_mswt/postproc/mean/correlation/config.yaml
Main config     : /srv/data/mohammad.elaabaribao/work/interns/y2026/temp/ds_temp_intern/temp/era5_mswt/main/configs/unet/config_arch1.yaml
Experiment root : /srv/data/mohammad.elaabaribao/work/interns/y2026/temp/ds_temp_intern/temp/era5_mswt/results/unet1_temperature
Selected seasons: ['Annual', 'DJF', 'MAM', 'JJA', 'SON']

=== Plotting corr_d ===
Spatial domain  : land
Display domain  : land
Input data dir  : /srv/data/mohammad.elaabaribao/work/interns/y2026/temp/ds_temp_intern/temp/era5_mswt/postproc/results/unet1_temperature/metrics/corr_d/data/land
Output plot dir : /srv/data/mohammad.elaabaribao/work/interns/y2026/temp/ds_temp_intern/temp/era5_mswt/postproc/results/unet1_temperature/metrics/corr_d/plots/land
[STEP] Plotting annual corr_d map
[STEP] Plotting DJF corr_d map
[STEP] Plotting MAM corr_d map
[STEP] Plotting JJA corr_d map
[STEP] Plotting SON corr_d map
[STEP] Plotting seasonal corr_d panel
[STEP] Plotting seasonal corr_d boxplot
[STEP] Plotting annual corr_d boxplot
[SUCCESS] corr_d figures saved to: /srv/data/mohammad.elaabaribao/work/interns/y2026/temp/ds_temp_intern/temp/era5_mswt/postproc/results/unet1_temperature/metrics/corr_d/plots/land

All correlation figures saved successfully.
[CORRELATION] done

========== EXTREME METRICS ==========

--------------------------------------
[B02]
Config: era5_mswt/postproc/extreme/b02/config.yaml
--------------------------------------
[B02] compute
Using device: cpu
=== Temperature B-02 postprocessing ===
Spatial domain   : land
Save mask        : True
Metric config   : /srv/data/mohammad.elaabaribao/work/interns/y2026/temp/ds_temp_intern/temp/era5_mswt/postproc/extreme/b02/config.yaml
Main config     : /srv/data/mohammad.elaabaribao/work/interns/y2026/temp/ds_temp_intern/temp/era5_mswt/main/configs/unet/config_arch1.yaml
Experiment root : /srv/data/mohammad.elaabaribao/work/interns/y2026/temp/ds_temp_intern/temp/era5_mswt/results/unet1_temperature
Prediction file : /srv/data/mohammad.elaabaribao/work/interns/y2026/temp/ds_temp_intern/temp/era5_mswt/results/unet1_temperature/output_data/unet1_predictions_mswt.nc
Observation file: /home/mohammad.elaabaribao/lustre/climat-um6p-st-iwri-7ksifkvwkuy/users/mohammad.elaabaribao/data/obs/mswep/mswt_1979_2020.nc
Time window     : 2006-01-01 -> 2020-12-31
Quantile        : 0.02
Min valid       : 10
Seasons         : ['Annual', 'DJF', 'MAM', 'JJA', 'SON']
Data output dir : /srv/data/mohammad.elaabaribao/work/interns/y2026/temp/ds_temp_intern/temp/era5_mswt/postproc/results/unet1_temperature/metrics/b02/data/land
Plot output dir : /srv/data/mohammad.elaabaribao/work/interns/y2026/temp/ds_temp_intern/temp/era5_mswt/postproc/results/unet1_temperature/metrics/b02/plots/land
Prediction units : Unit unknown -> no automatic conversion applied.
Observation units: Already in Celsius.
Aligned shape    : pred=(5479, 150, 180), obs=(5479, 150, 180)
Spatial evaluation domain: land
Valid spatial pixels      : 17417
Computation pixels        : 17417

--- Computing B-02 for Annual ---
Saved: /srv/data/mohammad.elaabaribao/work/interns/y2026/temp/ds_temp_intern/temp/era5_mswt/postproc/results/unet1_temperature/metrics/b02/data/land/b02_annual_mean_period.nc
  mean=0.3470, min=-4.6048, max=8.8049

--- Computing B-02 for DJF ---
Saved: /srv/data/mohammad.elaabaribao/work/interns/y2026/temp/ds_temp_intern/temp/era5_mswt/postproc/results/unet1_temperature/metrics/b02/data/land/b02_djf_mean_period.nc
  mean=0.8243, min=-4.2614, max=11.0699

--- Computing B-02 for MAM ---
Saved: /srv/data/mohammad.elaabaribao/work/interns/y2026/temp/ds_temp_intern/temp/era5_mswt/postproc/results/unet1_temperature/metrics/b02/data/land/b02_mam_mean_period.nc
  mean=-0.0847, min=-4.5972, max=6.9875

--- Computing B-02 for JJA ---
Saved: /srv/data/mohammad.elaabaribao/work/interns/y2026/temp/ds_temp_intern/temp/era5_mswt/postproc/results/unet1_temperature/metrics/b02/data/land/b02_jja_mean_period.nc
  mean=0.0288, min=-3.9899, max=4.9554

--- Computing B-02 for SON ---
Saved: /srv/data/mohammad.elaabaribao/work/interns/y2026/temp/ds_temp_intern/temp/era5_mswt/postproc/results/unet1_temperature/metrics/b02/data/land/b02_son_mean_period.nc
  mean=-0.2621, min=-5.7760, max=8.0519

Saved summary CSV: /srv/data/mohammad.elaabaribao/work/interns/y2026/temp/ds_temp_intern/temp/era5_mswt/postproc/results/unet1_temperature/metrics/b02/data/land/b02_summary.csv

All B-02 products saved successfully.
[B02] plot
Using device: cpu
=== Temperature B-02 plotting ===
Spatial domain  : land
Display domain  : land
Metric config   : /srv/data/mohammad.elaabaribao/work/interns/y2026/temp/ds_temp_intern/temp/era5_mswt/postproc/extreme/b02/config.yaml
Main config     : /srv/data/mohammad.elaabaribao/work/interns/y2026/temp/ds_temp_intern/temp/era5_mswt/main/configs/unet/config_arch1.yaml
Input data dir  : /srv/data/mohammad.elaabaribao/work/interns/y2026/temp/ds_temp_intern/temp/era5_mswt/postproc/results/unet1_temperature/metrics/b02/data/land
Output plot dir : /srv/data/mohammad.elaabaribao/work/interns/y2026/temp/ds_temp_intern/temp/era5_mswt/postproc/results/unet1_temperature/metrics/b02/plots/land
[STEP] Plotting annual P02 comparison
[STEP] Plotting annual B-02 map
[STEP] Plotting DJF B-02 map
[STEP] Plotting MAM B-02 map
[STEP] Plotting JJA B-02 map
[STEP] Plotting SON B-02 map
[STEP] Plotting grouped seasonal B-02 panel
[STEP] Plotting seasonal B-02 boxplot
[STEP] Plotting annual B-02 boxplot
[SUCCESS] B-02 figures saved to: /srv/data/mohammad.elaabaribao/work/interns/y2026/temp/ds_temp_intern/temp/era5_mswt/postproc/results/unet1_temperature/metrics/b02/plots/land
[B02] done

--------------------------------------
[B98]
Config: era5_mswt/postproc/extreme/b98/config.yaml
--------------------------------------
[B98] compute
Using device: cpu
=== Temperature B-98 postprocessing ===
Spatial domain   : land
Save mask        : True
Metric config   : /srv/data/mohammad.elaabaribao/work/interns/y2026/temp/ds_temp_intern/temp/era5_mswt/postproc/extreme/b98/config.yaml
Main config     : /srv/data/mohammad.elaabaribao/work/interns/y2026/temp/ds_temp_intern/temp/era5_mswt/main/configs/unet/config_arch1.yaml
Experiment root : /srv/data/mohammad.elaabaribao/work/interns/y2026/temp/ds_temp_intern/temp/era5_mswt/results/unet1_temperature
Prediction file : /srv/data/mohammad.elaabaribao/work/interns/y2026/temp/ds_temp_intern/temp/era5_mswt/results/unet1_temperature/output_data/unet1_predictions_mswt.nc
Observation file: /home/mohammad.elaabaribao/lustre/climat-um6p-st-iwri-7ksifkvwkuy/users/mohammad.elaabaribao/data/obs/mswep/mswt_1979_2020.nc
Time window     : 2006-01-01 -> 2020-12-31
Quantile        : 0.98
Min valid       : 10
Seasons         : ['Annual', 'DJF', 'MAM', 'JJA', 'SON']
Data output dir : /srv/data/mohammad.elaabaribao/work/interns/y2026/temp/ds_temp_intern/temp/era5_mswt/postproc/results/unet1_temperature/metrics/b98/data/land
Plot output dir : /srv/data/mohammad.elaabaribao/work/interns/y2026/temp/ds_temp_intern/temp/era5_mswt/postproc/results/unet1_temperature/metrics/b98/plots/land
Prediction units : Unit unknown -> no automatic conversion applied.
Observation units: Already in Celsius.
Aligned shape    : pred=(5479, 150, 180), obs=(5479, 150, 180)
Spatial evaluation domain: land
Valid spatial pixels      : 17417
Computation pixels        : 17417

--- Computing B-98 for Annual ---
Saved: /srv/data/mohammad.elaabaribao/work/interns/y2026/temp/ds_temp_intern/temp/era5_mswt/postproc/results/unet1_temperature/metrics/b98/data/land/b98_annual_mean_period.nc
  mean=-1.1596, min=-5.8449, max=5.4878

--- Computing B-98 for DJF ---
Saved: /srv/data/mohammad.elaabaribao/work/interns/y2026/temp/ds_temp_intern/temp/era5_mswt/postproc/results/unet1_temperature/metrics/b98/data/land/b98_djf_mean_period.nc
  mean=0.0070, min=-5.2111, max=6.3010

--- Computing B-98 for MAM ---
Saved: /srv/data/mohammad.elaabaribao/work/interns/y2026/temp/ds_temp_intern/temp/era5_mswt/postproc/results/unet1_temperature/metrics/b98/data/land/b98_mam_mean_period.nc
  mean=-0.7281, min=-6.4492, max=5.3718

--- Computing B-98 for JJA ---
Saved: /srv/data/mohammad.elaabaribao/work/interns/y2026/temp/ds_temp_intern/temp/era5_mswt/postproc/results/unet1_temperature/metrics/b98/data/land/b98_jja_mean_period.nc
  mean=-1.6621, min=-8.0394, max=4.9420

--- Computing B-98 for SON ---
Saved: /srv/data/mohammad.elaabaribao/work/interns/y2026/temp/ds_temp_intern/temp/era5_mswt/postproc/results/unet1_temperature/metrics/b98/data/land/b98_son_mean_period.nc
  mean=-0.1547, min=-5.1843, max=6.1326

Saved summary CSV: /srv/data/mohammad.elaabaribao/work/interns/y2026/temp/ds_temp_intern/temp/era5_mswt/postproc/results/unet1_temperature/metrics/b98/data/land/b98_summary.csv

All B-98 products saved successfully.
[B98] plot
Using device: cpu
=== Temperature B-98 plotting ===
Spatial domain  : land
Display domain  : land
Metric config   : /srv/data/mohammad.elaabaribao/work/interns/y2026/temp/ds_temp_intern/temp/era5_mswt/postproc/extreme/b98/config.yaml
Main config     : /srv/data/mohammad.elaabaribao/work/interns/y2026/temp/ds_temp_intern/temp/era5_mswt/main/configs/unet/config_arch1.yaml
Input data dir  : /srv/data/mohammad.elaabaribao/work/interns/y2026/temp/ds_temp_intern/temp/era5_mswt/postproc/results/unet1_temperature/metrics/b98/data/land
Output plot dir : /srv/data/mohammad.elaabaribao/work/interns/y2026/temp/ds_temp_intern/temp/era5_mswt/postproc/results/unet1_temperature/metrics/b98/plots/land
[STEP] Plotting annual P98 comparison
[STEP] Plotting annual B-98 map
[STEP] Plotting DJF B-98 map
[STEP] Plotting MAM B-98 map
[STEP] Plotting JJA B-98 map
[STEP] Plotting SON B-98 map
[STEP] Plotting grouped seasonal B-98 panel
[STEP] Plotting seasonal B-98 boxplot
[STEP] Plotting annual B-98 boxplot
[SUCCESS] B-98 figures saved to: /srv/data/mohammad.elaabaribao/work/interns/y2026/temp/ds_temp_intern/temp/era5_mswt/postproc/results/unet1_temperature/metrics/b98/plots/land
[B98] done

--------------------------------------
[CAMS]
Config: era5_mswt/postproc/extreme/cams/config.yaml
--------------------------------------
[CAMS] compute
Using device: cpu
=== Temperature CAMS postprocessing ===
Spatial domain   : land
Save mask        : True
Metric config     : /srv/data/mohammad.elaabaribao/work/interns/y2026/temp/ds_temp_intern/temp/era5_mswt/postproc/extreme/cams/config.yaml
Main config       : /srv/data/mohammad.elaabaribao/work/interns/y2026/temp/ds_temp_intern/temp/era5_mswt/main/configs/unet/config_arch1.yaml
Experiment root   : /srv/data/mohammad.elaabaribao/work/interns/y2026/temp/ds_temp_intern/temp/era5_mswt/results/unet1_temperature
Prediction file   : /srv/data/mohammad.elaabaribao/work/interns/y2026/temp/ds_temp_intern/temp/era5_mswt/results/unet1_temperature/output_data/unet1_predictions_mswt.nc
Observation file  : /home/mohammad.elaabaribao/lustre/climat-um6p-st-iwri-7ksifkvwkuy/users/mohammad.elaabaribao/data/obs/mswep/mswt_1979_2020.nc
Time window       : 2006-01-01 -> 2020-12-31
Threshold quantile: 0.1
Min spell length  : 2
Min valid days    : 10
Min valid years   : 1
Data output dir   : /srv/data/mohammad.elaabaribao/work/interns/y2026/temp/ds_temp_intern/temp/era5_mswt/postproc/results/unet1_temperature/metrics/cams/data/land
Plot output dir   : /srv/data/mohammad.elaabaribao/work/interns/y2026/temp/ds_temp_intern/temp/era5_mswt/postproc/results/unet1_temperature/metrics/cams/plots/land
Prediction units : Unit unknown -> no automatic conversion applied.
Observation units: Already in Celsius.
Aligned shape    : pred=(5479, 150, 180), obs=(5479, 150, 180)
Spatial evaluation domain: land
Valid spatial pixels      : 17417
Computation pixels        : 17417
Saved summary CSV: /srv/data/mohammad.elaabaribao/work/interns/y2026/temp/ds_temp_intern/temp/era5_mswt/postproc/results/unet1_temperature/metrics/cams/data/land/cams_summary.csv
Saved: /srv/data/mohammad.elaabaribao/work/interns/y2026/temp/ds_temp_intern/temp/era5_mswt/postproc/results/unet1_temperature/metrics/cams/data/land/cams_annual_mean_period.nc
  bCAMS mean=-0.2405, min=-6.0000, max=6.0000

CAMS products saved successfully.
[CAMS] plot
Using device: cpu
=== Temperature CAMS plotting ===
Spatial domain  : land
Display domain  : land
Metric config   : /srv/data/mohammad.elaabaribao/work/interns/y2026/temp/ds_temp_intern/temp/era5_mswt/postproc/extreme/cams/config.yaml
Main config     : /srv/data/mohammad.elaabaribao/work/interns/y2026/temp/ds_temp_intern/temp/era5_mswt/main/configs/unet/config_arch1.yaml
Input data dir  : /srv/data/mohammad.elaabaribao/work/interns/y2026/temp/ds_temp_intern/temp/era5_mswt/postproc/results/unet1_temperature/metrics/cams/data/land
Output plot dir : /srv/data/mohammad.elaabaribao/work/interns/y2026/temp/ds_temp_intern/temp/era5_mswt/postproc/results/unet1_temperature/metrics/cams/plots/land
[STEP] Loading CAMS fields
[STEP] Plotting annual CAMS comparison
[STEP] Plotting annual bCAMS map
[STEP] Plotting annual bCAMS boxplot
[SUCCESS] CAMS figures saved to: /srv/data/mohammad.elaabaribao/work/interns/y2026/temp/ds_temp_intern/temp/era5_mswt/postproc/results/unet1_temperature/metrics/cams/plots/land
[CAMS] done

--------------------------------------
[WAMS]
Config: era5_mswt/postproc/extreme/wams/config.yaml
--------------------------------------
[WAMS] compute
Using device: cpu
=== Temperature WAMS postprocessing ===
Spatial domain   : land
Save mask        : True
Metric config     : /srv/data/mohammad.elaabaribao/work/interns/y2026/temp/ds_temp_intern/temp/era5_mswt/postproc/extreme/wams/config.yaml
Main config       : /srv/data/mohammad.elaabaribao/work/interns/y2026/temp/ds_temp_intern/temp/era5_mswt/main/configs/unet/config_arch1.yaml
Experiment root   : /srv/data/mohammad.elaabaribao/work/interns/y2026/temp/ds_temp_intern/temp/era5_mswt/results/unet1_temperature
Prediction file   : /srv/data/mohammad.elaabaribao/work/interns/y2026/temp/ds_temp_intern/temp/era5_mswt/results/unet1_temperature/output_data/unet1_predictions_mswt.nc
Observation file  : /home/mohammad.elaabaribao/lustre/climat-um6p-st-iwri-7ksifkvwkuy/users/mohammad.elaabaribao/data/obs/mswep/mswt_1979_2020.nc
Time window       : 2006-01-01 -> 2020-12-31
Threshold quantile: 0.9
Min spell length  : 2
Min valid days    : 10
Min valid years   : 1
Data output dir   : /srv/data/mohammad.elaabaribao/work/interns/y2026/temp/ds_temp_intern/temp/era5_mswt/postproc/results/unet1_temperature/metrics/wams/data/land
Plot output dir   : /srv/data/mohammad.elaabaribao/work/interns/y2026/temp/ds_temp_intern/temp/era5_mswt/postproc/results/unet1_temperature/metrics/wams/plots/land
Prediction units : Unit unknown -> no automatic conversion applied.
Observation units: Already in Celsius.
Aligned shape    : pred=(5479, 150, 180), obs=(5479, 150, 180)
Spatial evaluation domain: land
Valid spatial pixels      : 17417
Computation pixels        : 17417
Saved summary CSV: /srv/data/mohammad.elaabaribao/work/interns/y2026/temp/ds_temp_intern/temp/era5_mswt/postproc/results/unet1_temperature/metrics/wams/data/land/wams_summary.csv
Saved: /srv/data/mohammad.elaabaribao/work/interns/y2026/temp/ds_temp_intern/temp/era5_mswt/postproc/results/unet1_temperature/metrics/wams/data/land/wams_annual_mean_period.nc
  bWAMS mean=0.2111, min=-8.0000, max=6.0000

WAMS products saved successfully.
[WAMS] plot
Using device: cpu
=== Temperature WAMS plotting ===
Spatial domain  : land
Display domain  : land
Metric config   : /srv/data/mohammad.elaabaribao/work/interns/y2026/temp/ds_temp_intern/temp/era5_mswt/postproc/extreme/wams/config.yaml
Main config     : /srv/data/mohammad.elaabaribao/work/interns/y2026/temp/ds_temp_intern/temp/era5_mswt/main/configs/unet/config_arch1.yaml
Input data dir  : /srv/data/mohammad.elaabaribao/work/interns/y2026/temp/ds_temp_intern/temp/era5_mswt/postproc/results/unet1_temperature/metrics/wams/data/land
Output plot dir : /srv/data/mohammad.elaabaribao/work/interns/y2026/temp/ds_temp_intern/temp/era5_mswt/postproc/results/unet1_temperature/metrics/wams/plots/land
[STEP] Loading WAMS fields
[STEP] Plotting annual WAMS comparison
[STEP] Plotting annual bWAMS map
[STEP] Plotting annual bWAMS boxplot
[SUCCESS] WAMS figures saved to: /srv/data/mohammad.elaabaribao/work/interns/y2026/temp/ds_temp_intern/temp/era5_mswt/postproc/results/unet1_temperature/metrics/wams/plots/land
[WAMS] done

========== TEMPORAL METRICS ==========

--------------------------------------
[AC1]
Config: era5_mswt/postproc/temporal/ac1/config.yaml
--------------------------------------
[AC1] compute
Using device: cpu
=== Temperature AC1 postprocessing ===
Spatial domain   : land
Save mask        : True
Metric config   : /srv/data/mohammad.elaabaribao/work/interns/y2026/temp/ds_temp_intern/temp/era5_mswt/postproc/temporal/ac1/config.yaml
Main config     : /srv/data/mohammad.elaabaribao/work/interns/y2026/temp/ds_temp_intern/temp/era5_mswt/main/configs/unet/config_arch1.yaml
Experiment root : /srv/data/mohammad.elaabaribao/work/interns/y2026/temp/ds_temp_intern/temp/era5_mswt/results/unet1_temperature
Prediction file : /srv/data/mohammad.elaabaribao/work/interns/y2026/temp/ds_temp_intern/temp/era5_mswt/results/unet1_temperature/output_data/unet1_predictions_mswt.nc
Observation file: /home/mohammad.elaabaribao/lustre/climat-um6p-st-iwri-7ksifkvwkuy/users/mohammad.elaabaribao/data/obs/mswep/mswt_1979_2020.nc
Time window     : 2006-01-01 -> 2020-12-31
Min valid pairs : 10
Data output dir : /srv/data/mohammad.elaabaribao/work/interns/y2026/temp/ds_temp_intern/temp/era5_mswt/postproc/results/unet1_temperature/metrics/ac1/data/land
Plot output dir : /srv/data/mohammad.elaabaribao/work/interns/y2026/temp/ds_temp_intern/temp/era5_mswt/postproc/results/unet1_temperature/metrics/ac1/plots/land
Prediction units : Unit unknown -> no automatic conversion applied.
Observation units: Already in Celsius.
Aligned shape    : pred=(5479, 150, 180), obs=(5479, 150, 180)
Spatial evaluation domain: land
Valid spatial pixels      : 17417
Computation pixels        : 17417
Saved summary CSV: /srv/data/mohammad.elaabaribao/work/interns/y2026/temp/ds_temp_intern/temp/era5_mswt/postproc/results/unet1_temperature/metrics/ac1/data/land/ac1_summary.csv
Saved: /srv/data/mohammad.elaabaribao/work/interns/y2026/temp/ds_temp_intern/temp/era5_mswt/postproc/results/unet1_temperature/metrics/ac1/data/land/ac1_annual_mean_period.nc
  bAC1 mean=0.0015, min=-0.0474, max=0.0491

AC1 products saved successfully.
[AC1] plot
Using device: cpu
=== Temperature AC1 plotting ===
Spatial domain  : land
Display domain  : land
Metric config   : /srv/data/mohammad.elaabaribao/work/interns/y2026/temp/ds_temp_intern/temp/era5_mswt/postproc/temporal/ac1/config.yaml
Main config     : /srv/data/mohammad.elaabaribao/work/interns/y2026/temp/ds_temp_intern/temp/era5_mswt/main/configs/unet/config_arch1.yaml
Input data dir  : /srv/data/mohammad.elaabaribao/work/interns/y2026/temp/ds_temp_intern/temp/era5_mswt/postproc/results/unet1_temperature/metrics/ac1/data/land
Output plot dir : /srv/data/mohammad.elaabaribao/work/interns/y2026/temp/ds_temp_intern/temp/era5_mswt/postproc/results/unet1_temperature/metrics/ac1/plots/land
[STEP] Loading AC1 fields
[STEP] Plotting annual AC1 comparison
[STEP] Plotting annual bAC1 map
[STEP] Plotting annual bAC1 boxplot
[SUCCESS] AC1 figures saved to: /srv/data/mohammad.elaabaribao/work/interns/y2026/temp/ds_temp_intern/temp/era5_mswt/postproc/results/unet1_temperature/metrics/ac1/plots/land
[AC1] done

--------------------------------------
[RSTD]
Config: era5_mswt/postproc/temporal/rstd/config.yaml
--------------------------------------
[RSTD] compute
Using device: cpu
=== Temperature RSTD postprocessing ===
Spatial domain   : land
Save mask        : True
Metric config   : /srv/data/mohammad.elaabaribao/work/interns/y2026/temp/ds_temp_intern/temp/era5_mswt/postproc/temporal/rstd/config.yaml
Main config     : /srv/data/mohammad.elaabaribao/work/interns/y2026/temp/ds_temp_intern/temp/era5_mswt/main/configs/unet/config_arch1.yaml
Experiment root : /srv/data/mohammad.elaabaribao/work/interns/y2026/temp/ds_temp_intern/temp/era5_mswt/results/unet1_temperature
Prediction file : /srv/data/mohammad.elaabaribao/work/interns/y2026/temp/ds_temp_intern/temp/era5_mswt/results/unet1_temperature/output_data/unet1_predictions_mswt.nc
Observation file: /home/mohammad.elaabaribao/lustre/climat-um6p-st-iwri-7ksifkvwkuy/users/mohammad.elaabaribao/data/obs/mswep/mswt_1979_2020.nc
Time window     : 2006-01-01 -> 2020-12-31
Window          : 31
Min valid       : 10
Data output dir : /srv/data/mohammad.elaabaribao/work/interns/y2026/temp/ds_temp_intern/temp/era5_mswt/postproc/results/unet1_temperature/metrics/rstd/data/land
Plot output dir : /srv/data/mohammad.elaabaribao/work/interns/y2026/temp/ds_temp_intern/temp/era5_mswt/postproc/results/unet1_temperature/metrics/rstd/plots/land
Prediction units : Unit unknown -> no automatic conversion applied.
Observation units: Already in Celsius.
Aligned shape    : pred=(5479, 150, 180), obs=(5479, 150, 180)
Spatial evaluation domain: land
Valid spatial pixels      : 17417
Computation pixels        : 17417
Saved summary CSV: /srv/data/mohammad.elaabaribao/work/interns/y2026/temp/ds_temp_intern/temp/era5_mswt/postproc/results/unet1_temperature/metrics/rstd/data/land/rstd_summary.csv
Saved: /srv/data/mohammad.elaabaribao/work/interns/y2026/temp/ds_temp_intern/temp/era5_mswt/postproc/results/unet1_temperature/metrics/rstd/data/land/rstd_annual_mean_period.nc
  RSTD mean=0.9430, min=0.4094, max=1.4616

RSTD products saved successfully.
[RSTD] plot
/srv/data/mohammad.elaabaribao/work/interns/y2026/temp/ds_temp_intern/temp/era5_mswt/postproc/temporal/rstd/plot.py:355: MatplotlibDeprecationWarning: The 'labels' parameter of boxplot() has been renamed 'tick_labels' since Matplotlib 3.9; support for the old name will be dropped in 3.11.
  ax.boxplot(
Using device: cpu
=== Temperature RSTD plotting ===
Spatial domain  : land
Display domain  : land
Metric config   : /srv/data/mohammad.elaabaribao/work/interns/y2026/temp/ds_temp_intern/temp/era5_mswt/postproc/temporal/rstd/config.yaml
Main config     : /srv/data/mohammad.elaabaribao/work/interns/y2026/temp/ds_temp_intern/temp/era5_mswt/main/configs/unet/config_arch1.yaml
Input data dir  : /srv/data/mohammad.elaabaribao/work/interns/y2026/temp/ds_temp_intern/temp/era5_mswt/postproc/results/unet1_temperature/metrics/rstd/data/land
Output plot dir : /srv/data/mohammad.elaabaribao/work/interns/y2026/temp/ds_temp_intern/temp/era5_mswt/postproc/results/unet1_temperature/metrics/rstd/plots/land
[STEP] Loading RSTD fields
[STEP] Plotting annual standard deviation comparison
[STEP] Plotting annual RSTD map
[STEP] Plotting annual RSTD boxplot
[SUCCESS] RSTD figures saved to: /srv/data/mohammad.elaabaribao/work/interns/y2026/temp/ds_temp_intern/temp/era5_mswt/postproc/results/unet1_temperature/metrics/rstd/plots/land
[RSTD] done

======================================
 Postprocessing finished successfully
======================================
======================================
 Running postprocessing metrics
======================================
[INFO] Current directory:
/srv/data/mohammad.elaabaribao/work/interns/y2026/temp/ds_temp_intern/temp

[INFO] Selected config : config.yaml
[INFO] Selected group  : all


========== MEAN METRICS ==========

--------------------------------------
[BIAS]
Config: era5_mswt/postproc/mean/bias/config.yaml
--------------------------------------
[BIAS] compute
Using device: cpu
=== Temperature bias postprocessing ===
Spatial domain   : land
Save mask        : True
Metric config   : /srv/data/mohammad.elaabaribao/work/interns/y2026/temp/ds_temp_intern/temp/era5_mswt/postproc/mean/bias/config.yaml
Main config     : /srv/data/mohammad.elaabaribao/work/interns/y2026/temp/ds_temp_intern/temp/era5_mswt/main/configs/unet/unet_no_scheduler.yaml
Experiment root : /srv/data/mohammad.elaabaribao/work/interns/y2026/temp/ds_temp_intern/temp/era5_mswt/results/unet_no_scheduler
Prediction file : /srv/data/mohammad.elaabaribao/work/interns/y2026/temp/ds_temp_intern/temp/era5_mswt/results/unet_no_scheduler/output_data/unet1_predictions_mswt.nc
Observation file: /home/mohammad.elaabaribao/lustre/climat-um6p-st-iwri-7ksifkvwkuy/users/mohammad.elaabaribao/data/obs/mswep/mswt_1979_2020.nc
Time window     : 2006-01-01 -> 2020-12-31
Strategy        : daily_first
Return by year  : False
Min valid       : 10
Seasons         : ['Annual', 'DJF', 'MAM', 'JJA', 'SON']
Data output dir : /srv/data/mohammad.elaabaribao/work/interns/y2026/temp/ds_temp_intern/temp/era5_mswt/postproc/results/unet_no_scheduler/metrics/bias/data/land
Plot output dir : /srv/data/mohammad.elaabaribao/work/interns/y2026/temp/ds_temp_intern/temp/era5_mswt/postproc/results/unet_no_scheduler/metrics/bias/plots/land
Prediction units : Unit unknown -> no automatic conversion applied.
Observation units: Already in Celsius.
Aligned shape: pred=(5479, 160, 180), obs=(5479, 160, 180)
Spatial evaluation domain: land
Valid spatial pixels      : 17616
Computation pixels        : 17616

--- Computing bias for Annual ---
Saved NetCDF: /srv/data/mohammad.elaabaribao/work/interns/y2026/temp/ds_temp_intern/temp/era5_mswt/postproc/results/unet_no_scheduler/metrics/bias/data/land/bias_annual_daily_first_mean_period.nc
  mean=-0.3236, min=-3.0467, max=3.9354, std=0.5567

--- Computing bias for DJF ---
Saved NetCDF: /srv/data/mohammad.elaabaribao/work/interns/y2026/temp/ds_temp_intern/temp/era5_mswt/postproc/results/unet_no_scheduler/metrics/bias/data/land/bias_djf_daily_first_mean_period.nc
  mean=-0.0126, min=-3.1318, max=6.4511, std=0.5790

--- Computing bias for MAM ---
Saved NetCDF: /srv/data/mohammad.elaabaribao/work/interns/y2026/temp/ds_temp_intern/temp/era5_mswt/postproc/results/unet_no_scheduler/metrics/bias/data/land/bias_mam_daily_first_mean_period.nc
  mean=-0.2715, min=-3.4393, max=4.0184, std=0.5913

--- Computing bias for JJA ---
Saved NetCDF: /srv/data/mohammad.elaabaribao/work/interns/y2026/temp/ds_temp_intern/temp/era5_mswt/postproc/results/unet_no_scheduler/metrics/bias/data/land/bias_jja_daily_first_mean_period.nc
  mean=-0.7189, min=-3.5184, max=2.8966, std=0.6380

--- Computing bias for SON ---
Saved NetCDF: /srv/data/mohammad.elaabaribao/work/interns/y2026/temp/ds_temp_intern/temp/era5_mswt/postproc/results/unet_no_scheduler/metrics/bias/data/land/bias_son_daily_first_mean_period.nc
  mean=-0.3031, min=-3.5012, max=4.4223, std=0.5727

Saved summary CSV: /srv/data/mohammad.elaabaribao/work/interns/y2026/temp/ds_temp_intern/temp/era5_mswt/postproc/results/unet_no_scheduler/metrics/bias/data/land/bias_summary_daily_first.csv

All bias products saved successfully.
[BIAS] plot
Using device: cpu
=== Temperature bias plotting ===
Spatial domain  : land
Display domain  : land
Metric config   : /srv/data/mohammad.elaabaribao/work/interns/y2026/temp/ds_temp_intern/temp/era5_mswt/postproc/mean/bias/config.yaml
Main config     : /srv/data/mohammad.elaabaribao/work/interns/y2026/temp/ds_temp_intern/temp/era5_mswt/main/configs/unet/unet_no_scheduler.yaml
Input data dir  : /srv/data/mohammad.elaabaribao/work/interns/y2026/temp/ds_temp_intern/temp/era5_mswt/postproc/results/unet_no_scheduler/metrics/bias/data/land
Output plot dir : /srv/data/mohammad.elaabaribao/work/interns/y2026/temp/ds_temp_intern/temp/era5_mswt/postproc/results/unet_no_scheduler/metrics/bias/plots/land
Strategy        : daily_first
Return by year  : False
[STEP] Plotting annual bias map
[STEP] Plotting DJF bias map
[STEP] Plotting MAM bias map
[STEP] Plotting JJA bias map
[STEP] Plotting SON bias map
[STEP] Plotting grouped seasonal bias panel
[STEP] Plotting seasonal bias boxplot
[STEP] Plotting annual bias boxplot
[SUCCESS] Bias figures saved to: /srv/data/mohammad.elaabaribao/work/interns/y2026/temp/ds_temp_intern/temp/era5_mswt/postproc/results/unet_no_scheduler/metrics/bias/plots/land
[BIAS] done

--------------------------------------
[RMSE]
Config: era5_mswt/postproc/mean/rmse/config.yaml
--------------------------------------
[RMSE] compute
Using device: cpu
=== Temperature RMSE postprocessing ===
Spatial domain   : land
Save mask        : True
Metric config   : /srv/data/mohammad.elaabaribao/work/interns/y2026/temp/ds_temp_intern/temp/era5_mswt/postproc/mean/rmse/config.yaml
Main config     : /srv/data/mohammad.elaabaribao/work/interns/y2026/temp/ds_temp_intern/temp/era5_mswt/main/configs/unet/unet_no_scheduler.yaml
Experiment root : /srv/data/mohammad.elaabaribao/work/interns/y2026/temp/ds_temp_intern/temp/era5_mswt/results/unet_no_scheduler
Prediction file : /srv/data/mohammad.elaabaribao/work/interns/y2026/temp/ds_temp_intern/temp/era5_mswt/results/unet_no_scheduler/output_data/unet1_predictions_mswt.nc
Observation file: /home/mohammad.elaabaribao/lustre/climat-um6p-st-iwri-7ksifkvwkuy/users/mohammad.elaabaribao/data/obs/mswep/mswt_1979_2020.nc
Time window     : 2006-01-01 -> 2020-12-31
Strategy        : daily_first
Return by year  : False
Min valid       : 10
Seasons         : ['Annual', 'DJF', 'MAM', 'JJA', 'SON']
Data output dir : /srv/data/mohammad.elaabaribao/work/interns/y2026/temp/ds_temp_intern/temp/era5_mswt/postproc/results/unet_no_scheduler/metrics/rmse/data/land
Plot output dir : /srv/data/mohammad.elaabaribao/work/interns/y2026/temp/ds_temp_intern/temp/era5_mswt/postproc/results/unet_no_scheduler/metrics/rmse/plots/land
Prediction units : Unit unknown -> no automatic conversion applied.
Observation units: Already in Celsius.
Aligned shape: pred=(5479, 160, 180), obs=(5479, 160, 180)
Spatial evaluation domain: land
Valid spatial pixels      : 17616
Computation pixels        : 17616

--- Computing RMSE for Annual ---
Saved NetCDF: /srv/data/mohammad.elaabaribao/work/interns/y2026/temp/ds_temp_intern/temp/era5_mswt/postproc/results/unet_no_scheduler/metrics/rmse/data/land/rmse_annual_daily_first_mean_period.nc
  mean=1.2793, min=0.6796, max=4.5273, std=0.3144

--- Computing RMSE for DJF ---
Saved NetCDF: /srv/data/mohammad.elaabaribao/work/interns/y2026/temp/ds_temp_intern/temp/era5_mswt/postproc/results/unet_no_scheduler/metrics/rmse/data/land/rmse_djf_daily_first_mean_period.nc
  mean=1.2910, min=0.6262, max=6.4874, std=0.3289

--- Computing RMSE for MAM ---
Saved NetCDF: /srv/data/mohammad.elaabaribao/work/interns/y2026/temp/ds_temp_intern/temp/era5_mswt/postproc/results/unet_no_scheduler/metrics/rmse/data/land/rmse_mam_daily_first_mean_period.nc
  mean=1.2076, min=0.6690, max=4.1971, std=0.3328

--- Computing RMSE for JJA ---
Saved NetCDF: /srv/data/mohammad.elaabaribao/work/interns/y2026/temp/ds_temp_intern/temp/era5_mswt/postproc/results/unet_no_scheduler/metrics/rmse/data/land/rmse_jja_daily_first_mean_period.nc
  mean=1.3465, min=0.7075, max=3.7511, std=0.3887

--- Computing RMSE for SON ---
Saved NetCDF: /srv/data/mohammad.elaabaribao/work/interns/y2026/temp/ds_temp_intern/temp/era5_mswt/postproc/results/unet_no_scheduler/metrics/rmse/data/land/rmse_son_daily_first_mean_period.nc
  mean=1.2187, min=0.6266, max=4.5777, std=0.3030

Saved summary CSV: /srv/data/mohammad.elaabaribao/work/interns/y2026/temp/ds_temp_intern/temp/era5_mswt/postproc/results/unet_no_scheduler/metrics/rmse/data/land/rmse_summary_daily_first.csv

All RMSE products saved successfully.
[RMSE] plot
Using device: cpu
=== Temperature RMSE plotting ===
Spatial domain  : land
Display domain  : land
Metric config   : /srv/data/mohammad.elaabaribao/work/interns/y2026/temp/ds_temp_intern/temp/era5_mswt/postproc/mean/rmse/config.yaml
Main config     : /srv/data/mohammad.elaabaribao/work/interns/y2026/temp/ds_temp_intern/temp/era5_mswt/main/configs/unet/unet_no_scheduler.yaml
Input data dir  : /srv/data/mohammad.elaabaribao/work/interns/y2026/temp/ds_temp_intern/temp/era5_mswt/postproc/results/unet_no_scheduler/metrics/rmse/data/land
Output plot dir : /srv/data/mohammad.elaabaribao/work/interns/y2026/temp/ds_temp_intern/temp/era5_mswt/postproc/results/unet_no_scheduler/metrics/rmse/plots/land
Strategy        : daily_first
Return by year  : False
[STEP] Plotting annual RMSE map
[STEP] Plotting DJF RMSE map
[STEP] Plotting MAM RMSE map
[STEP] Plotting JJA RMSE map
[STEP] Plotting SON RMSE map
[STEP] Plotting grouped seasonal RMSE panel
[STEP] Plotting seasonal RMSE boxplot
[STEP] Plotting annual RMSE boxplot
[SUCCESS] RMSE figures saved to: /srv/data/mohammad.elaabaribao/work/interns/y2026/temp/ds_temp_intern/temp/era5_mswt/postproc/results/unet_no_scheduler/metrics/rmse/plots/land
[RMSE] done

--------------------------------------
[CORRELATION]
Config: era5_mswt/postproc/mean/correlation/config.yaml
--------------------------------------
[CORRELATION] compute
Using device: cpu
=== Temperature correlation postprocessing ===
Spatial domain   : land
Save mask        : True
Metric config   : /srv/data/mohammad.elaabaribao/work/interns/y2026/temp/ds_temp_intern/temp/era5_mswt/postproc/mean/correlation/config.yaml
Main config     : /srv/data/mohammad.elaabaribao/work/interns/y2026/temp/ds_temp_intern/temp/era5_mswt/main/configs/unet/unet_no_scheduler.yaml
Experiment root : /srv/data/mohammad.elaabaribao/work/interns/y2026/temp/ds_temp_intern/temp/era5_mswt/results/unet_no_scheduler
Prediction file : /srv/data/mohammad.elaabaribao/work/interns/y2026/temp/ds_temp_intern/temp/era5_mswt/results/unet_no_scheduler/output_data/unet1_predictions_mswt.nc
Observation file: /home/mohammad.elaabaribao/lustre/climat-um6p-st-iwri-7ksifkvwkuy/users/mohammad.elaabaribao/data/obs/mswep/mswt_1979_2020.nc
Time window     : 2006-01-01 -> 2020-12-31
Window (CORR D) : 31
Min valid       : 10
Seasons         : ['Annual', 'DJF', 'MAM', 'JJA', 'SON']
corr_d data dir : /srv/data/mohammad.elaabaribao/work/interns/y2026/temp/ds_temp_intern/temp/era5_mswt/postproc/results/unet_no_scheduler/metrics/corr_d/data/land
corr_d plot dir : /srv/data/mohammad.elaabaribao/work/interns/y2026/temp/ds_temp_intern/temp/era5_mswt/postproc/results/unet_no_scheduler/metrics/corr_d/plots/land
Prediction units : Unit unknown -> no automatic conversion applied.
Observation units: Already in Celsius.
Aligned shape    : pred=(5479, 160, 180), obs=(5479, 160, 180)
Spatial evaluation domain: land
Valid spatial pixels      : 17616
Computation pixels        : 17616

--- Computing correlations for Annual ---
Saved: /srv/data/mohammad.elaabaribao/work/interns/y2026/temp/ds_temp_intern/temp/era5_mswt/postproc/results/unet_no_scheduler/metrics/corr_d/data/land/corr_d_annual_mean_period.nc
  CORR D mean=0.9094, min=0.6078, max=0.9573

--- Computing correlations for DJF ---
Saved: /srv/data/mohammad.elaabaribao/work/interns/y2026/temp/ds_temp_intern/temp/era5_mswt/postproc/results/unet_no_scheduler/metrics/corr_d/data/land/corr_d_djf_mean_period.nc
  CORR D mean=0.8877, min=0.6352, max=0.9363

--- Computing correlations for MAM ---
Saved: /srv/data/mohammad.elaabaribao/work/interns/y2026/temp/ds_temp_intern/temp/era5_mswt/postproc/results/unet_no_scheduler/metrics/corr_d/data/land/corr_d_mam_mean_period.nc
  CORR D mean=0.9399, min=0.6112, max=0.9727

--- Computing correlations for JJA ---
Saved: /srv/data/mohammad.elaabaribao/work/interns/y2026/temp/ds_temp_intern/temp/era5_mswt/postproc/results/unet_no_scheduler/metrics/corr_d/data/land/corr_d_jja_mean_period.nc
  CORR D mean=0.8697, min=0.4462, max=0.9726

--- Computing correlations for SON ---
Saved: /srv/data/mohammad.elaabaribao/work/interns/y2026/temp/ds_temp_intern/temp/era5_mswt/postproc/results/unet_no_scheduler/metrics/corr_d/data/land/corr_d_son_mean_period.nc
  CORR D mean=0.9026, min=0.6313, max=0.9494

Saved summary CSV: /srv/data/mohammad.elaabaribao/work/interns/y2026/temp/ds_temp_intern/temp/era5_mswt/postproc/results/unet_no_scheduler/metrics/corr_d/data/land/corr_d_summary.csv

All correlation products saved successfully.
[CORRELATION] plot
Using device: cpu
=== Temperature correlation plotting ===
Spatial domain  : land
Display domain  : land
Metric config   : /srv/data/mohammad.elaabaribao/work/interns/y2026/temp/ds_temp_intern/temp/era5_mswt/postproc/mean/correlation/config.yaml
Main config     : /srv/data/mohammad.elaabaribao/work/interns/y2026/temp/ds_temp_intern/temp/era5_mswt/main/configs/unet/unet_no_scheduler.yaml
Experiment root : /srv/data/mohammad.elaabaribao/work/interns/y2026/temp/ds_temp_intern/temp/era5_mswt/results/unet_no_scheduler
Selected seasons: ['Annual', 'DJF', 'MAM', 'JJA', 'SON']

=== Plotting corr_d ===
Spatial domain  : land
Display domain  : land
Input data dir  : /srv/data/mohammad.elaabaribao/work/interns/y2026/temp/ds_temp_intern/temp/era5_mswt/postproc/results/unet_no_scheduler/metrics/corr_d/data/land
Output plot dir : /srv/data/mohammad.elaabaribao/work/interns/y2026/temp/ds_temp_intern/temp/era5_mswt/postproc/results/unet_no_scheduler/metrics/corr_d/plots/land
[STEP] Plotting annual corr_d map
[STEP] Plotting DJF corr_d map
[STEP] Plotting MAM corr_d map
[STEP] Plotting JJA corr_d map
[STEP] Plotting SON corr_d map
[STEP] Plotting seasonal corr_d panel
[STEP] Plotting seasonal corr_d boxplot
[STEP] Plotting annual corr_d boxplot
[SUCCESS] corr_d figures saved to: /srv/data/mohammad.elaabaribao/work/interns/y2026/temp/ds_temp_intern/temp/era5_mswt/postproc/results/unet_no_scheduler/metrics/corr_d/plots/land

All correlation figures saved successfully.
[CORRELATION] done

========== EXTREME METRICS ==========

--------------------------------------
[B02]
Config: era5_mswt/postproc/extreme/b02/config.yaml
--------------------------------------
[B02] compute
Using device: cpu
=== Temperature B-02 postprocessing ===
Spatial domain   : land
Save mask        : True
Metric config   : /srv/data/mohammad.elaabaribao/work/interns/y2026/temp/ds_temp_intern/temp/era5_mswt/postproc/extreme/b02/config.yaml
Main config     : /srv/data/mohammad.elaabaribao/work/interns/y2026/temp/ds_temp_intern/temp/era5_mswt/main/configs/unet/unet_no_scheduler.yaml
Experiment root : /srv/data/mohammad.elaabaribao/work/interns/y2026/temp/ds_temp_intern/temp/era5_mswt/results/unet_no_scheduler
Prediction file : /srv/data/mohammad.elaabaribao/work/interns/y2026/temp/ds_temp_intern/temp/era5_mswt/results/unet_no_scheduler/output_data/unet1_predictions_mswt.nc
Observation file: /home/mohammad.elaabaribao/lustre/climat-um6p-st-iwri-7ksifkvwkuy/users/mohammad.elaabaribao/data/obs/mswep/mswt_1979_2020.nc
Time window     : 2006-01-01 -> 2020-12-31
Quantile        : 0.02
Min valid       : 10
Seasons         : ['Annual', 'DJF', 'MAM', 'JJA', 'SON']
Data output dir : /srv/data/mohammad.elaabaribao/work/interns/y2026/temp/ds_temp_intern/temp/era5_mswt/postproc/results/unet_no_scheduler/metrics/b02/data/land
Plot output dir : /srv/data/mohammad.elaabaribao/work/interns/y2026/temp/ds_temp_intern/temp/era5_mswt/postproc/results/unet_no_scheduler/metrics/b02/plots/land
Prediction units : Unit unknown -> no automatic conversion applied.
Observation units: Already in Celsius.
Aligned shape    : pred=(5479, 160, 180), obs=(5479, 160, 180)
Spatial evaluation domain: land
Valid spatial pixels      : 17616
Computation pixels        : 17616

--- Computing B-02 for Annual ---
Saved: /srv/data/mohammad.elaabaribao/work/interns/y2026/temp/ds_temp_intern/temp/era5_mswt/postproc/results/unet_no_scheduler/metrics/b02/data/land/b02_annual_mean_period.nc
  mean=0.1080, min=-3.5369, max=7.6651

--- Computing B-02 for DJF ---
Saved: /srv/data/mohammad.elaabaribao/work/interns/y2026/temp/ds_temp_intern/temp/era5_mswt/postproc/results/unet_no_scheduler/metrics/b02/data/land/b02_djf_mean_period.nc
  mean=0.4704, min=-2.9775, max=9.4922

--- Computing B-02 for MAM ---
Saved: /srv/data/mohammad.elaabaribao/work/interns/y2026/temp/ds_temp_intern/temp/era5_mswt/postproc/results/unet_no_scheduler/metrics/b02/data/land/b02_mam_mean_period.nc
  mean=-0.2056, min=-3.9041, max=6.0480

--- Computing B-02 for JJA ---
Saved: /srv/data/mohammad.elaabaribao/work/interns/y2026/temp/ds_temp_intern/temp/era5_mswt/postproc/results/unet_no_scheduler/metrics/b02/data/land/b02_jja_mean_period.nc
  mean=-0.3099, min=-3.7481, max=4.1438

--- Computing B-02 for SON ---
Saved: /srv/data/mohammad.elaabaribao/work/interns/y2026/temp/ds_temp_intern/temp/era5_mswt/postproc/results/unet_no_scheduler/metrics/b02/data/land/b02_son_mean_period.nc
  mean=-0.4717, min=-3.6740, max=6.8023

Saved summary CSV: /srv/data/mohammad.elaabaribao/work/interns/y2026/temp/ds_temp_intern/temp/era5_mswt/postproc/results/unet_no_scheduler/metrics/b02/data/land/b02_summary.csv

All B-02 products saved successfully.
[B02] plot
Using device: cpu
=== Temperature B-02 plotting ===
Spatial domain  : land
Display domain  : land
Metric config   : /srv/data/mohammad.elaabaribao/work/interns/y2026/temp/ds_temp_intern/temp/era5_mswt/postproc/extreme/b02/config.yaml
Main config     : /srv/data/mohammad.elaabaribao/work/interns/y2026/temp/ds_temp_intern/temp/era5_mswt/main/configs/unet/unet_no_scheduler.yaml
Input data dir  : /srv/data/mohammad.elaabaribao/work/interns/y2026/temp/ds_temp_intern/temp/era5_mswt/postproc/results/unet_no_scheduler/metrics/b02/data/land
Output plot dir : /srv/data/mohammad.elaabaribao/work/interns/y2026/temp/ds_temp_intern/temp/era5_mswt/postproc/results/unet_no_scheduler/metrics/b02/plots/land
[STEP] Plotting annual P02 comparison
[STEP] Plotting annual B-02 map
[STEP] Plotting DJF B-02 map
[STEP] Plotting MAM B-02 map
[STEP] Plotting JJA B-02 map
[STEP] Plotting SON B-02 map
[STEP] Plotting grouped seasonal B-02 panel
[STEP] Plotting seasonal B-02 boxplot
[STEP] Plotting annual B-02 boxplot
[SUCCESS] B-02 figures saved to: /srv/data/mohammad.elaabaribao/work/interns/y2026/temp/ds_temp_intern/temp/era5_mswt/postproc/results/unet_no_scheduler/metrics/b02/plots/land
[B02] done

--------------------------------------
[B98]
Config: era5_mswt/postproc/extreme/b98/config.yaml
--------------------------------------
[B98] compute
Using device: cpu
=== Temperature B-98 postprocessing ===
Spatial domain   : land
Save mask        : True
Metric config   : /srv/data/mohammad.elaabaribao/work/interns/y2026/temp/ds_temp_intern/temp/era5_mswt/postproc/extreme/b98/config.yaml
Main config     : /srv/data/mohammad.elaabaribao/work/interns/y2026/temp/ds_temp_intern/temp/era5_mswt/main/configs/unet/unet_no_scheduler.yaml
Experiment root : /srv/data/mohammad.elaabaribao/work/interns/y2026/temp/ds_temp_intern/temp/era5_mswt/results/unet_no_scheduler
Prediction file : /srv/data/mohammad.elaabaribao/work/interns/y2026/temp/ds_temp_intern/temp/era5_mswt/results/unet_no_scheduler/output_data/unet1_predictions_mswt.nc
Observation file: /home/mohammad.elaabaribao/lustre/climat-um6p-st-iwri-7ksifkvwkuy/users/mohammad.elaabaribao/data/obs/mswep/mswt_1979_2020.nc
Time window     : 2006-01-01 -> 2020-12-31
Quantile        : 0.98
Min valid       : 10
Seasons         : ['Annual', 'DJF', 'MAM', 'JJA', 'SON']
Data output dir : /srv/data/mohammad.elaabaribao/work/interns/y2026/temp/ds_temp_intern/temp/era5_mswt/postproc/results/unet_no_scheduler/metrics/b98/data/land
Plot output dir : /srv/data/mohammad.elaabaribao/work/interns/y2026/temp/ds_temp_intern/temp/era5_mswt/postproc/results/unet_no_scheduler/metrics/b98/plots/land
Prediction units : Unit unknown -> no automatic conversion applied.
Observation units: Already in Celsius.
Aligned shape    : pred=(5479, 160, 180), obs=(5479, 160, 180)
Spatial evaluation domain: land
Valid spatial pixels      : 17616
Computation pixels        : 17616

--- Computing B-98 for Annual ---
Saved: /srv/data/mohammad.elaabaribao/work/interns/y2026/temp/ds_temp_intern/temp/era5_mswt/postproc/results/unet_no_scheduler/metrics/b98/data/land/b98_annual_mean_period.nc
  mean=-1.2045, min=-5.3308, max=3.3039

--- Computing B-98 for DJF ---
Saved: /srv/data/mohammad.elaabaribao/work/interns/y2026/temp/ds_temp_intern/temp/era5_mswt/postproc/results/unet_no_scheduler/metrics/b98/data/land/b98_djf_mean_period.nc
  mean=-0.0652, min=-3.8417, max=5.9522

--- Computing B-98 for MAM ---
Saved: /srv/data/mohammad.elaabaribao/work/interns/y2026/temp/ds_temp_intern/temp/era5_mswt/postproc/results/unet_no_scheduler/metrics/b98/data/land/b98_mam_mean_period.nc
  mean=-0.4590, min=-4.7585, max=3.7705

--- Computing B-98 for JJA ---
Saved: /srv/data/mohammad.elaabaribao/work/interns/y2026/temp/ds_temp_intern/temp/era5_mswt/postproc/results/unet_no_scheduler/metrics/b98/data/land/b98_jja_mean_period.nc
  mean=-1.5891, min=-6.4936, max=3.3412

--- Computing B-98 for SON ---
Saved: /srv/data/mohammad.elaabaribao/work/interns/y2026/temp/ds_temp_intern/temp/era5_mswt/postproc/results/unet_no_scheduler/metrics/b98/data/land/b98_son_mean_period.nc
  mean=-0.6373, min=-4.5831, max=4.3449

Saved summary CSV: /srv/data/mohammad.elaabaribao/work/interns/y2026/temp/ds_temp_intern/temp/era5_mswt/postproc/results/unet_no_scheduler/metrics/b98/data/land/b98_summary.csv

All B-98 products saved successfully.
[B98] plot
Using device: cpu
=== Temperature B-98 plotting ===
Spatial domain  : land
Display domain  : land
Metric config   : /srv/data/mohammad.elaabaribao/work/interns/y2026/temp/ds_temp_intern/temp/era5_mswt/postproc/extreme/b98/config.yaml
Main config     : /srv/data/mohammad.elaabaribao/work/interns/y2026/temp/ds_temp_intern/temp/era5_mswt/main/configs/unet/unet_no_scheduler.yaml
Input data dir  : /srv/data/mohammad.elaabaribao/work/interns/y2026/temp/ds_temp_intern/temp/era5_mswt/postproc/results/unet_no_scheduler/metrics/b98/data/land
Output plot dir : /srv/data/mohammad.elaabaribao/work/interns/y2026/temp/ds_temp_intern/temp/era5_mswt/postproc/results/unet_no_scheduler/metrics/b98/plots/land
[STEP] Plotting annual P98 comparison
[STEP] Plotting annual B-98 map
[STEP] Plotting DJF B-98 map
[STEP] Plotting MAM B-98 map
[STEP] Plotting JJA B-98 map
[STEP] Plotting SON B-98 map
[STEP] Plotting grouped seasonal B-98 panel
[STEP] Plotting seasonal B-98 boxplot
[STEP] Plotting annual B-98 boxplot
[SUCCESS] B-98 figures saved to: /srv/data/mohammad.elaabaribao/work/interns/y2026/temp/ds_temp_intern/temp/era5_mswt/postproc/results/unet_no_scheduler/metrics/b98/plots/land
[B98] done

--------------------------------------
[CAMS]
Config: era5_mswt/postproc/extreme/cams/config.yaml
--------------------------------------
[CAMS] compute
Using device: cpu
=== Temperature CAMS postprocessing ===
Spatial domain   : land
Save mask        : True
Metric config     : /srv/data/mohammad.elaabaribao/work/interns/y2026/temp/ds_temp_intern/temp/era5_mswt/postproc/extreme/cams/config.yaml
Main config       : /srv/data/mohammad.elaabaribao/work/interns/y2026/temp/ds_temp_intern/temp/era5_mswt/main/configs/unet/unet_no_scheduler.yaml
Experiment root   : /srv/data/mohammad.elaabaribao/work/interns/y2026/temp/ds_temp_intern/temp/era5_mswt/results/unet_no_scheduler
Prediction file   : /srv/data/mohammad.elaabaribao/work/interns/y2026/temp/ds_temp_intern/temp/era5_mswt/results/unet_no_scheduler/output_data/unet1_predictions_mswt.nc
Observation file  : /home/mohammad.elaabaribao/lustre/climat-um6p-st-iwri-7ksifkvwkuy/users/mohammad.elaabaribao/data/obs/mswep/mswt_1979_2020.nc
Time window       : 2006-01-01 -> 2020-12-31
Threshold quantile: 0.1
Min spell length  : 2
Min valid days    : 10
Min valid years   : 1
Data output dir   : /srv/data/mohammad.elaabaribao/work/interns/y2026/temp/ds_temp_intern/temp/era5_mswt/postproc/results/unet_no_scheduler/metrics/cams/data/land
Plot output dir   : /srv/data/mohammad.elaabaribao/work/interns/y2026/temp/ds_temp_intern/temp/era5_mswt/postproc/results/unet_no_scheduler/metrics/cams/plots/land
Prediction units : Unit unknown -> no automatic conversion applied.
Observation units: Already in Celsius.
Aligned shape    : pred=(5479, 160, 180), obs=(5479, 160, 180)
Spatial evaluation domain: land
Valid spatial pixels      : 17616
Computation pixels        : 17616
Saved summary CSV: /srv/data/mohammad.elaabaribao/work/interns/y2026/temp/ds_temp_intern/temp/era5_mswt/postproc/results/unet_no_scheduler/metrics/cams/data/land/cams_summary.csv
Saved: /srv/data/mohammad.elaabaribao/work/interns/y2026/temp/ds_temp_intern/temp/era5_mswt/postproc/results/unet_no_scheduler/metrics/cams/data/land/cams_annual_mean_period.nc
  bCAMS mean=-0.2878, min=-6.0000, max=6.0000

CAMS products saved successfully.
[CAMS] plot
Using device: cpu
=== Temperature CAMS plotting ===
Spatial domain  : land
Display domain  : land
Metric config   : /srv/data/mohammad.elaabaribao/work/interns/y2026/temp/ds_temp_intern/temp/era5_mswt/postproc/extreme/cams/config.yaml
Main config     : /srv/data/mohammad.elaabaribao/work/interns/y2026/temp/ds_temp_intern/temp/era5_mswt/main/configs/unet/unet_no_scheduler.yaml
Input data dir  : /srv/data/mohammad.elaabaribao/work/interns/y2026/temp/ds_temp_intern/temp/era5_mswt/postproc/results/unet_no_scheduler/metrics/cams/data/land
Output plot dir : /srv/data/mohammad.elaabaribao/work/interns/y2026/temp/ds_temp_intern/temp/era5_mswt/postproc/results/unet_no_scheduler/metrics/cams/plots/land
[STEP] Loading CAMS fields
[STEP] Plotting annual CAMS comparison
[STEP] Plotting annual bCAMS map
[STEP] Plotting annual bCAMS boxplot
[SUCCESS] CAMS figures saved to: /srv/data/mohammad.elaabaribao/work/interns/y2026/temp/ds_temp_intern/temp/era5_mswt/postproc/results/unet_no_scheduler/metrics/cams/plots/land
[CAMS] done

--------------------------------------
[WAMS]
Config: era5_mswt/postproc/extreme/wams/config.yaml
--------------------------------------
[WAMS] compute
Using device: cpu
=== Temperature WAMS postprocessing ===
Spatial domain   : land
Save mask        : True
Metric config     : /srv/data/mohammad.elaabaribao/work/interns/y2026/temp/ds_temp_intern/temp/era5_mswt/postproc/extreme/wams/config.yaml
Main config       : /srv/data/mohammad.elaabaribao/work/interns/y2026/temp/ds_temp_intern/temp/era5_mswt/main/configs/unet/unet_no_scheduler.yaml
Experiment root   : /srv/data/mohammad.elaabaribao/work/interns/y2026/temp/ds_temp_intern/temp/era5_mswt/results/unet_no_scheduler
Prediction file   : /srv/data/mohammad.elaabaribao/work/interns/y2026/temp/ds_temp_intern/temp/era5_mswt/results/unet_no_scheduler/output_data/unet1_predictions_mswt.nc
Observation file  : /home/mohammad.elaabaribao/lustre/climat-um6p-st-iwri-7ksifkvwkuy/users/mohammad.elaabaribao/data/obs/mswep/mswt_1979_2020.nc
Time window       : 2006-01-01 -> 2020-12-31
Threshold quantile: 0.9
Min spell length  : 2
Min valid days    : 10
Min valid years   : 1
Data output dir   : /srv/data/mohammad.elaabaribao/work/interns/y2026/temp/ds_temp_intern/temp/era5_mswt/postproc/results/unet_no_scheduler/metrics/wams/data/land
Plot output dir   : /srv/data/mohammad.elaabaribao/work/interns/y2026/temp/ds_temp_intern/temp/era5_mswt/postproc/results/unet_no_scheduler/metrics/wams/plots/land
Prediction units : Unit unknown -> no automatic conversion applied.
Observation units: Already in Celsius.
Aligned shape    : pred=(5479, 160, 180), obs=(5479, 160, 180)
Spatial evaluation domain: land
Valid spatial pixels      : 17616
Computation pixels        : 17616
Saved summary CSV: /srv/data/mohammad.elaabaribao/work/interns/y2026/temp/ds_temp_intern/temp/era5_mswt/postproc/results/unet_no_scheduler/metrics/wams/data/land/wams_summary.csv
Saved: /srv/data/mohammad.elaabaribao/work/interns/y2026/temp/ds_temp_intern/temp/era5_mswt/postproc/results/unet_no_scheduler/metrics/wams/data/land/wams_annual_mean_period.nc
  bWAMS mean=-0.1764, min=-8.0000, max=6.0000

WAMS products saved successfully.
[WAMS] plot
Using device: cpu
=== Temperature WAMS plotting ===
Spatial domain  : land
Display domain  : land
Metric config   : /srv/data/mohammad.elaabaribao/work/interns/y2026/temp/ds_temp_intern/temp/era5_mswt/postproc/extreme/wams/config.yaml
Main config     : /srv/data/mohammad.elaabaribao/work/interns/y2026/temp/ds_temp_intern/temp/era5_mswt/main/configs/unet/unet_no_scheduler.yaml
Input data dir  : /srv/data/mohammad.elaabaribao/work/interns/y2026/temp/ds_temp_intern/temp/era5_mswt/postproc/results/unet_no_scheduler/metrics/wams/data/land
Output plot dir : /srv/data/mohammad.elaabaribao/work/interns/y2026/temp/ds_temp_intern/temp/era5_mswt/postproc/results/unet_no_scheduler/metrics/wams/plots/land
[STEP] Loading WAMS fields
[STEP] Plotting annual WAMS comparison
[STEP] Plotting annual bWAMS map
[STEP] Plotting annual bWAMS boxplot
[SUCCESS] WAMS figures saved to: /srv/data/mohammad.elaabaribao/work/interns/y2026/temp/ds_temp_intern/temp/era5_mswt/postproc/results/unet_no_scheduler/metrics/wams/plots/land
[WAMS] done

========== TEMPORAL METRICS ==========

--------------------------------------
[AC1]
Config: era5_mswt/postproc/temporal/ac1/config.yaml
--------------------------------------
[AC1] compute
Using device: cpu
=== Temperature AC1 postprocessing ===
Spatial domain   : land
Save mask        : True
Metric config   : /srv/data/mohammad.elaabaribao/work/interns/y2026/temp/ds_temp_intern/temp/era5_mswt/postproc/temporal/ac1/config.yaml
Main config     : /srv/data/mohammad.elaabaribao/work/interns/y2026/temp/ds_temp_intern/temp/era5_mswt/main/configs/unet/unet_no_scheduler.yaml
Experiment root : /srv/data/mohammad.elaabaribao/work/interns/y2026/temp/ds_temp_intern/temp/era5_mswt/results/unet_no_scheduler
Prediction file : /srv/data/mohammad.elaabaribao/work/interns/y2026/temp/ds_temp_intern/temp/era5_mswt/results/unet_no_scheduler/output_data/unet1_predictions_mswt.nc
Observation file: /home/mohammad.elaabaribao/lustre/climat-um6p-st-iwri-7ksifkvwkuy/users/mohammad.elaabaribao/data/obs/mswep/mswt_1979_2020.nc
Time window     : 2006-01-01 -> 2020-12-31
Min valid pairs : 10
Data output dir : /srv/data/mohammad.elaabaribao/work/interns/y2026/temp/ds_temp_intern/temp/era5_mswt/postproc/results/unet_no_scheduler/metrics/ac1/data/land
Plot output dir : /srv/data/mohammad.elaabaribao/work/interns/y2026/temp/ds_temp_intern/temp/era5_mswt/postproc/results/unet_no_scheduler/metrics/ac1/plots/land
Prediction units : Unit unknown -> no automatic conversion applied.
Observation units: Already in Celsius.
Aligned shape    : pred=(5479, 160, 180), obs=(5479, 160, 180)
Spatial evaluation domain: land
Valid spatial pixels      : 17616
Computation pixels        : 17616
Saved summary CSV: /srv/data/mohammad.elaabaribao/work/interns/y2026/temp/ds_temp_intern/temp/era5_mswt/postproc/results/unet_no_scheduler/metrics/ac1/data/land/ac1_summary.csv
Saved: /srv/data/mohammad.elaabaribao/work/interns/y2026/temp/ds_temp_intern/temp/era5_mswt/postproc/results/unet_no_scheduler/metrics/ac1/data/land/ac1_annual_mean_period.nc
  bAC1 mean=-0.0001, min=-0.0465, max=0.0315

AC1 products saved successfully.
[AC1] plot
Using device: cpu
=== Temperature AC1 plotting ===
Spatial domain  : land
Display domain  : land
Metric config   : /srv/data/mohammad.elaabaribao/work/interns/y2026/temp/ds_temp_intern/temp/era5_mswt/postproc/temporal/ac1/config.yaml
Main config     : /srv/data/mohammad.elaabaribao/work/interns/y2026/temp/ds_temp_intern/temp/era5_mswt/main/configs/unet/unet_no_scheduler.yaml
Input data dir  : /srv/data/mohammad.elaabaribao/work/interns/y2026/temp/ds_temp_intern/temp/era5_mswt/postproc/results/unet_no_scheduler/metrics/ac1/data/land
Output plot dir : /srv/data/mohammad.elaabaribao/work/interns/y2026/temp/ds_temp_intern/temp/era5_mswt/postproc/results/unet_no_scheduler/metrics/ac1/plots/land
[STEP] Loading AC1 fields
[STEP] Plotting annual AC1 comparison
[STEP] Plotting annual bAC1 map
[STEP] Plotting annual bAC1 boxplot
[SUCCESS] AC1 figures saved to: /srv/data/mohammad.elaabaribao/work/interns/y2026/temp/ds_temp_intern/temp/era5_mswt/postproc/results/unet_no_scheduler/metrics/ac1/plots/land
[AC1] done

--------------------------------------
[RSTD]
Config: era5_mswt/postproc/temporal/rstd/config.yaml
--------------------------------------
[RSTD] compute
Using device: cpu
=== Temperature RSTD postprocessing ===
Spatial domain   : land
Save mask        : True
Metric config   : /srv/data/mohammad.elaabaribao/work/interns/y2026/temp/ds_temp_intern/temp/era5_mswt/postproc/temporal/rstd/config.yaml
Main config     : /srv/data/mohammad.elaabaribao/work/interns/y2026/temp/ds_temp_intern/temp/era5_mswt/main/configs/unet/unet_no_scheduler.yaml
Experiment root : /srv/data/mohammad.elaabaribao/work/interns/y2026/temp/ds_temp_intern/temp/era5_mswt/results/unet_no_scheduler
Prediction file : /srv/data/mohammad.elaabaribao/work/interns/y2026/temp/ds_temp_intern/temp/era5_mswt/results/unet_no_scheduler/output_data/unet1_predictions_mswt.nc
Observation file: /home/mohammad.elaabaribao/lustre/climat-um6p-st-iwri-7ksifkvwkuy/users/mohammad.elaabaribao/data/obs/mswep/mswt_1979_2020.nc
Time window     : 2006-01-01 -> 2020-12-31
Window          : 31
Min valid       : 10
Data output dir : /srv/data/mohammad.elaabaribao/work/interns/y2026/temp/ds_temp_intern/temp/era5_mswt/postproc/results/unet_no_scheduler/metrics/rstd/data/land
Plot output dir : /srv/data/mohammad.elaabaribao/work/interns/y2026/temp/ds_temp_intern/temp/era5_mswt/postproc/results/unet_no_scheduler/metrics/rstd/plots/land
Prediction units : Unit unknown -> no automatic conversion applied.
Observation units: Already in Celsius.
Aligned shape    : pred=(5479, 160, 180), obs=(5479, 160, 180)
Spatial evaluation domain: land
Valid spatial pixels      : 17616
Computation pixels        : 17616
Saved summary CSV: /srv/data/mohammad.elaabaribao/work/interns/y2026/temp/ds_temp_intern/temp/era5_mswt/postproc/results/unet_no_scheduler/metrics/rstd/data/land/rstd_summary.csv
Saved: /srv/data/mohammad.elaabaribao/work/interns/y2026/temp/ds_temp_intern/temp/era5_mswt/postproc/results/unet_no_scheduler/metrics/rstd/data/land/rstd_annual_mean_period.nc
  RSTD mean=0.9529, min=0.4167, max=1.5496

RSTD products saved successfully.
[RSTD] plot
/srv/data/mohammad.elaabaribao/work/interns/y2026/temp/ds_temp_intern/temp/era5_mswt/postproc/temporal/rstd/plot.py:355: MatplotlibDeprecationWarning: The 'labels' parameter of boxplot() has been renamed 'tick_labels' since Matplotlib 3.9; support for the old name will be dropped in 3.11.
  ax.boxplot(
Using device: cpu
=== Temperature RSTD plotting ===
Spatial domain  : land
Display domain  : land
Metric config   : /srv/data/mohammad.elaabaribao/work/interns/y2026/temp/ds_temp_intern/temp/era5_mswt/postproc/temporal/rstd/config.yaml
Main config     : /srv/data/mohammad.elaabaribao/work/interns/y2026/temp/ds_temp_intern/temp/era5_mswt/main/configs/unet/unet_no_scheduler.yaml
Input data dir  : /srv/data/mohammad.elaabaribao/work/interns/y2026/temp/ds_temp_intern/temp/era5_mswt/postproc/results/unet_no_scheduler/metrics/rstd/data/land
Output plot dir : /srv/data/mohammad.elaabaribao/work/interns/y2026/temp/ds_temp_intern/temp/era5_mswt/postproc/results/unet_no_scheduler/metrics/rstd/plots/land
[STEP] Loading RSTD fields
[STEP] Plotting annual standard deviation comparison
[STEP] Plotting annual RSTD map
[STEP] Plotting annual RSTD boxplot
[SUCCESS] RSTD figures saved to: /srv/data/mohammad.elaabaribao/work/interns/y2026/temp/ds_temp_intern/temp/era5_mswt/postproc/results/unet_no_scheduler/metrics/rstd/plots/land
[RSTD] done

======================================
 Postprocessing finished successfully
======================================
======================================
 Running postprocessing metrics
======================================
[INFO] Current directory:
/srv/data/mohammad.elaabaribao/work/interns/y2026/temp/ds_temp_intern/temp

[INFO] Selected config : config.yaml
[INFO] Selected group  : all


========== MEAN METRICS ==========

--------------------------------------
[BIAS]
Config: era5_mswt/postproc/mean/bias/config.yaml
--------------------------------------
[BIAS] compute
Using device: cpu
=== Temperature bias postprocessing ===
Spatial domain   : land
Save mask        : True
Metric config   : /srv/data/mohammad.elaabaribao/work/interns/y2026/temp/ds_temp_intern/temp/era5_mswt/postproc/mean/bias/config.yaml
Main config     : /srv/data/mohammad.elaabaribao/work/interns/y2026/temp/ds_temp_intern/temp/era5_mswt/main/configs/unet/unet1_loss_mse.yaml
Experiment root : /srv/data/mohammad.elaabaribao/work/interns/y2026/temp/ds_temp_intern/temp/era5_mswt/results/unet1_loss_mse
Prediction file : /srv/data/mohammad.elaabaribao/work/interns/y2026/temp/ds_temp_intern/temp/era5_mswt/results/unet1_loss_mse/output_data/unet1_predictions_mswt.nc
Observation file: /home/mohammad.elaabaribao/lustre/climat-um6p-st-iwri-7ksifkvwkuy/users/mohammad.elaabaribao/data/obs/mswep/mswt_1979_2020.nc
Time window     : 2006-01-01 -> 2020-12-31
Strategy        : daily_first
Return by year  : False
Min valid       : 10
Seasons         : ['Annual', 'DJF', 'MAM', 'JJA', 'SON']
Data output dir : /srv/data/mohammad.elaabaribao/work/interns/y2026/temp/ds_temp_intern/temp/era5_mswt/postproc/results/unet1_loss_mse/metrics/bias/data/land
Plot output dir : /srv/data/mohammad.elaabaribao/work/interns/y2026/temp/ds_temp_intern/temp/era5_mswt/postproc/results/unet1_loss_mse/metrics/bias/plots/land
Prediction units : Unit unknown -> no automatic conversion applied.
Observation units: Already in Celsius.
Aligned shape: pred=(5479, 160, 180), obs=(5479, 160, 180)
Spatial evaluation domain: land
Valid spatial pixels      : 17616
Computation pixels        : 17616

--- Computing bias for Annual ---
Saved NetCDF: /srv/data/mohammad.elaabaribao/work/interns/y2026/temp/ds_temp_intern/temp/era5_mswt/postproc/results/unet1_loss_mse/metrics/bias/data/land/bias_annual_daily_first_mean_period.nc
  mean=-0.3485, min=-3.6139, max=3.9800, std=0.4712

--- Computing bias for DJF ---
Saved NetCDF: /srv/data/mohammad.elaabaribao/work/interns/y2026/temp/ds_temp_intern/temp/era5_mswt/postproc/results/unet1_loss_mse/metrics/bias/data/land/bias_djf_daily_first_mean_period.nc
  mean=-0.3189, min=-3.3580, max=6.4025, std=0.5139

--- Computing bias for MAM ---
Saved NetCDF: /srv/data/mohammad.elaabaribao/work/interns/y2026/temp/ds_temp_intern/temp/era5_mswt/postproc/results/unet1_loss_mse/metrics/bias/data/land/bias_mam_daily_first_mean_period.nc
  mean=-0.3425, min=-4.0351, max=4.1749, std=0.5198

--- Computing bias for JJA ---
Saved NetCDF: /srv/data/mohammad.elaabaribao/work/interns/y2026/temp/ds_temp_intern/temp/era5_mswt/postproc/results/unet1_loss_mse/metrics/bias/data/land/bias_jja_daily_first_mean_period.nc
  mean=-0.4696, min=-3.5007, max=3.2890, std=0.5103

--- Computing bias for SON ---
Saved NetCDF: /srv/data/mohammad.elaabaribao/work/interns/y2026/temp/ds_temp_intern/temp/era5_mswt/postproc/results/unet1_loss_mse/metrics/bias/data/land/bias_son_daily_first_mean_period.nc
  mean=-0.2698, min=-3.7500, max=4.3122, std=0.4701

Saved summary CSV: /srv/data/mohammad.elaabaribao/work/interns/y2026/temp/ds_temp_intern/temp/era5_mswt/postproc/results/unet1_loss_mse/metrics/bias/data/land/bias_summary_daily_first.csv

All bias products saved successfully.
[BIAS] plot
Using device: cpu
=== Temperature bias plotting ===
Spatial domain  : land
Display domain  : land
Metric config   : /srv/data/mohammad.elaabaribao/work/interns/y2026/temp/ds_temp_intern/temp/era5_mswt/postproc/mean/bias/config.yaml
Main config     : /srv/data/mohammad.elaabaribao/work/interns/y2026/temp/ds_temp_intern/temp/era5_mswt/main/configs/unet/unet1_loss_mse.yaml
Input data dir  : /srv/data/mohammad.elaabaribao/work/interns/y2026/temp/ds_temp_intern/temp/era5_mswt/postproc/results/unet1_loss_mse/metrics/bias/data/land
Output plot dir : /srv/data/mohammad.elaabaribao/work/interns/y2026/temp/ds_temp_intern/temp/era5_mswt/postproc/results/unet1_loss_mse/metrics/bias/plots/land
Strategy        : daily_first
Return by year  : False
[STEP] Plotting annual bias map
[STEP] Plotting DJF bias map
[STEP] Plotting MAM bias map
[STEP] Plotting JJA bias map
[STEP] Plotting SON bias map
[STEP] Plotting grouped seasonal bias panel
[STEP] Plotting seasonal bias boxplot
[STEP] Plotting annual bias boxplot
[SUCCESS] Bias figures saved to: /srv/data/mohammad.elaabaribao/work/interns/y2026/temp/ds_temp_intern/temp/era5_mswt/postproc/results/unet1_loss_mse/metrics/bias/plots/land
[BIAS] done

--------------------------------------
[RMSE]
Config: era5_mswt/postproc/mean/rmse/config.yaml
--------------------------------------
[RMSE] compute
Using device: cpu
=== Temperature RMSE postprocessing ===
Spatial domain   : land
Save mask        : True
Metric config   : /srv/data/mohammad.elaabaribao/work/interns/y2026/temp/ds_temp_intern/temp/era5_mswt/postproc/mean/rmse/config.yaml
Main config     : /srv/data/mohammad.elaabaribao/work/interns/y2026/temp/ds_temp_intern/temp/era5_mswt/main/configs/unet/unet1_loss_mse.yaml
Experiment root : /srv/data/mohammad.elaabaribao/work/interns/y2026/temp/ds_temp_intern/temp/era5_mswt/results/unet1_loss_mse
Prediction file : /srv/data/mohammad.elaabaribao/work/interns/y2026/temp/ds_temp_intern/temp/era5_mswt/results/unet1_loss_mse/output_data/unet1_predictions_mswt.nc
Observation file: /home/mohammad.elaabaribao/lustre/climat-um6p-st-iwri-7ksifkvwkuy/users/mohammad.elaabaribao/data/obs/mswep/mswt_1979_2020.nc
Time window     : 2006-01-01 -> 2020-12-31
Strategy        : daily_first
Return by year  : False
Min valid       : 10
Seasons         : ['Annual', 'DJF', 'MAM', 'JJA', 'SON']
Data output dir : /srv/data/mohammad.elaabaribao/work/interns/y2026/temp/ds_temp_intern/temp/era5_mswt/postproc/results/unet1_loss_mse/metrics/rmse/data/land
Plot output dir : /srv/data/mohammad.elaabaribao/work/interns/y2026/temp/ds_temp_intern/temp/era5_mswt/postproc/results/unet1_loss_mse/metrics/rmse/plots/land
Prediction units : Unit unknown -> no automatic conversion applied.
Observation units: Already in Celsius.
Aligned shape: pred=(5479, 160, 180), obs=(5479, 160, 180)
Spatial evaluation domain: land
Valid spatial pixels      : 17616
Computation pixels        : 17616

--- Computing RMSE for Annual ---
Saved NetCDF: /srv/data/mohammad.elaabaribao/work/interns/y2026/temp/ds_temp_intern/temp/era5_mswt/postproc/results/unet1_loss_mse/metrics/rmse/data/land/rmse_annual_daily_first_mean_period.nc
  mean=1.1255, min=0.6061, max=4.5856, std=0.2715

--- Computing RMSE for DJF ---
Saved NetCDF: /srv/data/mohammad.elaabaribao/work/interns/y2026/temp/ds_temp_intern/temp/era5_mswt/postproc/results/unet1_loss_mse/metrics/rmse/data/land/rmse_djf_daily_first_mean_period.nc
  mean=1.1619, min=0.6296, max=6.4349, std=0.2807

--- Computing RMSE for MAM ---
Saved NetCDF: /srv/data/mohammad.elaabaribao/work/interns/y2026/temp/ds_temp_intern/temp/era5_mswt/postproc/results/unet1_loss_mse/metrics/rmse/data/land/rmse_mam_daily_first_mean_period.nc
  mean=1.0993, min=0.5674, max=4.3471, std=0.3092

--- Computing RMSE for JJA ---
Saved NetCDF: /srv/data/mohammad.elaabaribao/work/interns/y2026/temp/ds_temp_intern/temp/era5_mswt/postproc/results/unet1_loss_mse/metrics/rmse/data/land/rmse_jja_daily_first_mean_period.nc
  mean=1.1078, min=0.5576, max=3.7068, std=0.3056

--- Computing RMSE for SON ---
Saved NetCDF: /srv/data/mohammad.elaabaribao/work/interns/y2026/temp/ds_temp_intern/temp/era5_mswt/postproc/results/unet1_loss_mse/metrics/rmse/data/land/rmse_son_daily_first_mean_period.nc
  mean=1.0933, min=0.5726, max=4.5725, std=0.2472

Saved summary CSV: /srv/data/mohammad.elaabaribao/work/interns/y2026/temp/ds_temp_intern/temp/era5_mswt/postproc/results/unet1_loss_mse/metrics/rmse/data/land/rmse_summary_daily_first.csv

All RMSE products saved successfully.
[RMSE] plot
Using device: cpu
=== Temperature RMSE plotting ===
Spatial domain  : land
Display domain  : land
Metric config   : /srv/data/mohammad.elaabaribao/work/interns/y2026/temp/ds_temp_intern/temp/era5_mswt/postproc/mean/rmse/config.yaml
Main config     : /srv/data/mohammad.elaabaribao/work/interns/y2026/temp/ds_temp_intern/temp/era5_mswt/main/configs/unet/unet1_loss_mse.yaml
Input data dir  : /srv/data/mohammad.elaabaribao/work/interns/y2026/temp/ds_temp_intern/temp/era5_mswt/postproc/results/unet1_loss_mse/metrics/rmse/data/land
Output plot dir : /srv/data/mohammad.elaabaribao/work/interns/y2026/temp/ds_temp_intern/temp/era5_mswt/postproc/results/unet1_loss_mse/metrics/rmse/plots/land
Strategy        : daily_first
Return by year  : False
[STEP] Plotting annual RMSE map
[STEP] Plotting DJF RMSE map
[STEP] Plotting MAM RMSE map
[STEP] Plotting JJA RMSE map
[STEP] Plotting SON RMSE map
[STEP] Plotting grouped seasonal RMSE panel
[STEP] Plotting seasonal RMSE boxplot
[STEP] Plotting annual RMSE boxplot
[SUCCESS] RMSE figures saved to: /srv/data/mohammad.elaabaribao/work/interns/y2026/temp/ds_temp_intern/temp/era5_mswt/postproc/results/unet1_loss_mse/metrics/rmse/plots/land
[RMSE] done

--------------------------------------
[CORRELATION]
Config: era5_mswt/postproc/mean/correlation/config.yaml
--------------------------------------
[CORRELATION] compute
Using device: cpu
=== Temperature correlation postprocessing ===
Spatial domain   : land
Save mask        : True
Metric config   : /srv/data/mohammad.elaabaribao/work/interns/y2026/temp/ds_temp_intern/temp/era5_mswt/postproc/mean/correlation/config.yaml
Main config     : /srv/data/mohammad.elaabaribao/work/interns/y2026/temp/ds_temp_intern/temp/era5_mswt/main/configs/unet/unet1_loss_mse.yaml
Experiment root : /srv/data/mohammad.elaabaribao/work/interns/y2026/temp/ds_temp_intern/temp/era5_mswt/results/unet1_loss_mse
Prediction file : /srv/data/mohammad.elaabaribao/work/interns/y2026/temp/ds_temp_intern/temp/era5_mswt/results/unet1_loss_mse/output_data/unet1_predictions_mswt.nc
Observation file: /home/mohammad.elaabaribao/lustre/climat-um6p-st-iwri-7ksifkvwkuy/users/mohammad.elaabaribao/data/obs/mswep/mswt_1979_2020.nc
Time window     : 2006-01-01 -> 2020-12-31
Window (CORR D) : 31
Min valid       : 10
Seasons         : ['Annual', 'DJF', 'MAM', 'JJA', 'SON']
corr_d data dir : /srv/data/mohammad.elaabaribao/work/interns/y2026/temp/ds_temp_intern/temp/era5_mswt/postproc/results/unet1_loss_mse/metrics/corr_d/data/land
corr_d plot dir : /srv/data/mohammad.elaabaribao/work/interns/y2026/temp/ds_temp_intern/temp/era5_mswt/postproc/results/unet1_loss_mse/metrics/corr_d/plots/land
Prediction units : Unit unknown -> no automatic conversion applied.
Observation units: Already in Celsius.
Aligned shape    : pred=(5479, 160, 180), obs=(5479, 160, 180)
Spatial evaluation domain: land
Valid spatial pixels      : 17616
Computation pixels        : 17616

--- Computing correlations for Annual ---
Saved: /srv/data/mohammad.elaabaribao/work/interns/y2026/temp/ds_temp_intern/temp/era5_mswt/postproc/results/unet1_loss_mse/metrics/corr_d/data/land/corr_d_annual_mean_period.nc
  CORR D mean=0.9282, min=0.6267, max=0.9660

--- Computing correlations for DJF ---
Saved: /srv/data/mohammad.elaabaribao/work/interns/y2026/temp/ds_temp_intern/temp/era5_mswt/postproc/results/unet1_loss_mse/metrics/corr_d/data/land/corr_d_djf_mean_period.nc
  CORR D mean=0.9141, min=0.7161, max=0.9519

--- Computing correlations for MAM ---
Saved: /srv/data/mohammad.elaabaribao/work/interns/y2026/temp/ds_temp_intern/temp/era5_mswt/postproc/results/unet1_loss_mse/metrics/corr_d/data/land/corr_d_mam_mean_period.nc
  CORR D mean=0.9518, min=0.5947, max=0.9790

--- Computing correlations for JJA ---
Saved: /srv/data/mohammad.elaabaribao/work/interns/y2026/temp/ds_temp_intern/temp/era5_mswt/postproc/results/unet1_loss_mse/metrics/corr_d/data/land/corr_d_jja_mean_period.nc
  CORR D mean=0.9022, min=0.4622, max=0.9770

--- Computing correlations for SON ---
Saved: /srv/data/mohammad.elaabaribao/work/interns/y2026/temp/ds_temp_intern/temp/era5_mswt/postproc/results/unet1_loss_mse/metrics/corr_d/data/land/corr_d_son_mean_period.nc
  CORR D mean=0.9205, min=0.6647, max=0.9621

Saved summary CSV: /srv/data/mohammad.elaabaribao/work/interns/y2026/temp/ds_temp_intern/temp/era5_mswt/postproc/results/unet1_loss_mse/metrics/corr_d/data/land/corr_d_summary.csv

All correlation products saved successfully.
[CORRELATION] plot
Using device: cpu
=== Temperature correlation plotting ===
Spatial domain  : land
Display domain  : land
Metric config   : /srv/data/mohammad.elaabaribao/work/interns/y2026/temp/ds_temp_intern/temp/era5_mswt/postproc/mean/correlation/config.yaml
Main config     : /srv/data/mohammad.elaabaribao/work/interns/y2026/temp/ds_temp_intern/temp/era5_mswt/main/configs/unet/unet1_loss_mse.yaml
Experiment root : /srv/data/mohammad.elaabaribao/work/interns/y2026/temp/ds_temp_intern/temp/era5_mswt/results/unet1_loss_mse
Selected seasons: ['Annual', 'DJF', 'MAM', 'JJA', 'SON']

=== Plotting corr_d ===
Spatial domain  : land
Display domain  : land
Input data dir  : /srv/data/mohammad.elaabaribao/work/interns/y2026/temp/ds_temp_intern/temp/era5_mswt/postproc/results/unet1_loss_mse/metrics/corr_d/data/land
Output plot dir : /srv/data/mohammad.elaabaribao/work/interns/y2026/temp/ds_temp_intern/temp/era5_mswt/postproc/results/unet1_loss_mse/metrics/corr_d/plots/land
[STEP] Plotting annual corr_d map
[STEP] Plotting DJF corr_d map
[STEP] Plotting MAM corr_d map
[STEP] Plotting JJA corr_d map
[STEP] Plotting SON corr_d map
[STEP] Plotting seasonal corr_d panel
[STEP] Plotting seasonal corr_d boxplot
[STEP] Plotting annual corr_d boxplot
[SUCCESS] corr_d figures saved to: /srv/data/mohammad.elaabaribao/work/interns/y2026/temp/ds_temp_intern/temp/era5_mswt/postproc/results/unet1_loss_mse/metrics/corr_d/plots/land

All correlation figures saved successfully.
[CORRELATION] done

========== EXTREME METRICS ==========

--------------------------------------
[B02]
Config: era5_mswt/postproc/extreme/b02/config.yaml
--------------------------------------
[B02] compute
Using device: cpu
=== Temperature B-02 postprocessing ===
Spatial domain   : land
Save mask        : True
Metric config   : /srv/data/mohammad.elaabaribao/work/interns/y2026/temp/ds_temp_intern/temp/era5_mswt/postproc/extreme/b02/config.yaml
Main config     : /srv/data/mohammad.elaabaribao/work/interns/y2026/temp/ds_temp_intern/temp/era5_mswt/main/configs/unet/unet1_loss_mse.yaml
Experiment root : /srv/data/mohammad.elaabaribao/work/interns/y2026/temp/ds_temp_intern/temp/era5_mswt/results/unet1_loss_mse
Prediction file : /srv/data/mohammad.elaabaribao/work/interns/y2026/temp/ds_temp_intern/temp/era5_mswt/results/unet1_loss_mse/output_data/unet1_predictions_mswt.nc
Observation file: /home/mohammad.elaabaribao/lustre/climat-um6p-st-iwri-7ksifkvwkuy/users/mohammad.elaabaribao/data/obs/mswep/mswt_1979_2020.nc
Time window     : 2006-01-01 -> 2020-12-31
Quantile        : 0.02
Min valid       : 10
Seasons         : ['Annual', 'DJF', 'MAM', 'JJA', 'SON']
Data output dir : /srv/data/mohammad.elaabaribao/work/interns/y2026/temp/ds_temp_intern/temp/era5_mswt/postproc/results/unet1_loss_mse/metrics/b02/data/land
Plot output dir : /srv/data/mohammad.elaabaribao/work/interns/y2026/temp/ds_temp_intern/temp/era5_mswt/postproc/results/unet1_loss_mse/metrics/b02/plots/land
Prediction units : Unit unknown -> no automatic conversion applied.
Observation units: Already in Celsius.
Aligned shape    : pred=(5479, 160, 180), obs=(5479, 160, 180)
Spatial evaluation domain: land
Valid spatial pixels      : 17616
Computation pixels        : 17616

--- Computing B-02 for Annual ---
Saved: /srv/data/mohammad.elaabaribao/work/interns/y2026/temp/ds_temp_intern/temp/era5_mswt/postproc/results/unet1_loss_mse/metrics/b02/data/land/b02_annual_mean_period.nc
  mean=-0.3283, min=-4.0597, max=6.6275

--- Computing B-02 for DJF ---
Saved: /srv/data/mohammad.elaabaribao/work/interns/y2026/temp/ds_temp_intern/temp/era5_mswt/postproc/results/unet1_loss_mse/metrics/b02/data/land/b02_djf_mean_period.nc
  mean=-0.2946, min=-3.8892, max=6.9685

--- Computing B-02 for MAM ---
Saved: /srv/data/mohammad.elaabaribao/work/interns/y2026/temp/ds_temp_intern/temp/era5_mswt/postproc/results/unet1_loss_mse/metrics/b02/data/land/b02_mam_mean_period.nc
  mean=-0.6815, min=-4.4179, max=5.6770

--- Computing B-02 for JJA ---
Saved: /srv/data/mohammad.elaabaribao/work/interns/y2026/temp/ds_temp_intern/temp/era5_mswt/postproc/results/unet1_loss_mse/metrics/b02/data/land/b02_jja_mean_period.nc
  mean=-0.0633, min=-3.2842, max=4.0805

--- Computing B-02 for SON ---
Saved: /srv/data/mohammad.elaabaribao/work/interns/y2026/temp/ds_temp_intern/temp/era5_mswt/postproc/results/unet1_loss_mse/metrics/b02/data/land/b02_son_mean_period.nc
  mean=-0.6865, min=-3.8009, max=6.1365

Saved summary CSV: /srv/data/mohammad.elaabaribao/work/interns/y2026/temp/ds_temp_intern/temp/era5_mswt/postproc/results/unet1_loss_mse/metrics/b02/data/land/b02_summary.csv

All B-02 products saved successfully.
[B02] plot
Using device: cpu
=== Temperature B-02 plotting ===
Spatial domain  : land
Display domain  : land
Metric config   : /srv/data/mohammad.elaabaribao/work/interns/y2026/temp/ds_temp_intern/temp/era5_mswt/postproc/extreme/b02/config.yaml
Main config     : /srv/data/mohammad.elaabaribao/work/interns/y2026/temp/ds_temp_intern/temp/era5_mswt/main/configs/unet/unet1_loss_mse.yaml
Input data dir  : /srv/data/mohammad.elaabaribao/work/interns/y2026/temp/ds_temp_intern/temp/era5_mswt/postproc/results/unet1_loss_mse/metrics/b02/data/land
Output plot dir : /srv/data/mohammad.elaabaribao/work/interns/y2026/temp/ds_temp_intern/temp/era5_mswt/postproc/results/unet1_loss_mse/metrics/b02/plots/land
[STEP] Plotting annual P02 comparison
[STEP] Plotting annual B-02 map
[STEP] Plotting DJF B-02 map
[STEP] Plotting MAM B-02 map
[STEP] Plotting JJA B-02 map
[STEP] Plotting SON B-02 map
[STEP] Plotting grouped seasonal B-02 panel
[STEP] Plotting seasonal B-02 boxplot
[STEP] Plotting annual B-02 boxplot
[SUCCESS] B-02 figures saved to: /srv/data/mohammad.elaabaribao/work/interns/y2026/temp/ds_temp_intern/temp/era5_mswt/postproc/results/unet1_loss_mse/metrics/b02/plots/land
[B02] done

--------------------------------------
[B98]
Config: era5_mswt/postproc/extreme/b98/config.yaml
--------------------------------------
[B98] compute
Using device: cpu
=== Temperature B-98 postprocessing ===
Spatial domain   : land
Save mask        : True
Metric config   : /srv/data/mohammad.elaabaribao/work/interns/y2026/temp/ds_temp_intern/temp/era5_mswt/postproc/extreme/b98/config.yaml
Main config     : /srv/data/mohammad.elaabaribao/work/interns/y2026/temp/ds_temp_intern/temp/era5_mswt/main/configs/unet/unet1_loss_mse.yaml
Experiment root : /srv/data/mohammad.elaabaribao/work/interns/y2026/temp/ds_temp_intern/temp/era5_mswt/results/unet1_loss_mse
Prediction file : /srv/data/mohammad.elaabaribao/work/interns/y2026/temp/ds_temp_intern/temp/era5_mswt/results/unet1_loss_mse/output_data/unet1_predictions_mswt.nc
Observation file: /home/mohammad.elaabaribao/lustre/climat-um6p-st-iwri-7ksifkvwkuy/users/mohammad.elaabaribao/data/obs/mswep/mswt_1979_2020.nc
Time window     : 2006-01-01 -> 2020-12-31
Quantile        : 0.98
Min valid       : 10
Seasons         : ['Annual', 'DJF', 'MAM', 'JJA', 'SON']
Data output dir : /srv/data/mohammad.elaabaribao/work/interns/y2026/temp/ds_temp_intern/temp/era5_mswt/postproc/results/unet1_loss_mse/metrics/b98/data/land
Plot output dir : /srv/data/mohammad.elaabaribao/work/interns/y2026/temp/ds_temp_intern/temp/era5_mswt/postproc/results/unet1_loss_mse/metrics/b98/plots/land
Prediction units : Unit unknown -> no automatic conversion applied.
Observation units: Already in Celsius.
Aligned shape    : pred=(5479, 160, 180), obs=(5479, 160, 180)
Spatial evaluation domain: land
Valid spatial pixels      : 17616
Computation pixels        : 17616

--- Computing B-98 for Annual ---
Saved: /srv/data/mohammad.elaabaribao/work/interns/y2026/temp/ds_temp_intern/temp/era5_mswt/postproc/results/unet1_loss_mse/metrics/b98/data/land/b98_annual_mean_period.nc
  mean=-0.9211, min=-5.2866, max=3.0978

--- Computing B-98 for DJF ---
Saved: /srv/data/mohammad.elaabaribao/work/interns/y2026/temp/ds_temp_intern/temp/era5_mswt/postproc/results/unet1_loss_mse/metrics/b98/data/land/b98_djf_mean_period.nc
  mean=-0.3077, min=-4.0605, max=5.8102

--- Computing B-98 for MAM ---
Saved: /srv/data/mohammad.elaabaribao/work/interns/y2026/temp/ds_temp_intern/temp/era5_mswt/postproc/results/unet1_loss_mse/metrics/b98/data/land/b98_mam_mean_period.nc
  mean=-0.3305, min=-4.6550, max=3.5403

--- Computing B-98 for JJA ---
Saved: /srv/data/mohammad.elaabaribao/work/interns/y2026/temp/ds_temp_intern/temp/era5_mswt/postproc/results/unet1_loss_mse/metrics/b98/data/land/b98_jja_mean_period.nc
  mean=-1.2101, min=-6.9466, max=3.7059

--- Computing B-98 for SON ---
Saved: /srv/data/mohammad.elaabaribao/work/interns/y2026/temp/ds_temp_intern/temp/era5_mswt/postproc/results/unet1_loss_mse/metrics/b98/data/land/b98_son_mean_period.nc
  mean=-0.5703, min=-4.1170, max=3.5636

Saved summary CSV: /srv/data/mohammad.elaabaribao/work/interns/y2026/temp/ds_temp_intern/temp/era5_mswt/postproc/results/unet1_loss_mse/metrics/b98/data/land/b98_summary.csv

All B-98 products saved successfully.
[B98] plot
Using device: cpu
=== Temperature B-98 plotting ===
Spatial domain  : land
Display domain  : land
Metric config   : /srv/data/mohammad.elaabaribao/work/interns/y2026/temp/ds_temp_intern/temp/era5_mswt/postproc/extreme/b98/config.yaml
Main config     : /srv/data/mohammad.elaabaribao/work/interns/y2026/temp/ds_temp_intern/temp/era5_mswt/main/configs/unet/unet1_loss_mse.yaml
Input data dir  : /srv/data/mohammad.elaabaribao/work/interns/y2026/temp/ds_temp_intern/temp/era5_mswt/postproc/results/unet1_loss_mse/metrics/b98/data/land
Output plot dir : /srv/data/mohammad.elaabaribao/work/interns/y2026/temp/ds_temp_intern/temp/era5_mswt/postproc/results/unet1_loss_mse/metrics/b98/plots/land
[STEP] Plotting annual P98 comparison
[STEP] Plotting annual B-98 map
[STEP] Plotting DJF B-98 map
[STEP] Plotting MAM B-98 map
[STEP] Plotting JJA B-98 map
[STEP] Plotting SON B-98 map
[STEP] Plotting grouped seasonal B-98 panel
[STEP] Plotting seasonal B-98 boxplot
[STEP] Plotting annual B-98 boxplot
[SUCCESS] B-98 figures saved to: /srv/data/mohammad.elaabaribao/work/interns/y2026/temp/ds_temp_intern/temp/era5_mswt/postproc/results/unet1_loss_mse/metrics/b98/plots/land
[B98] done

--------------------------------------
[CAMS]
Config: era5_mswt/postproc/extreme/cams/config.yaml
--------------------------------------
[CAMS] compute
Using device: cpu
=== Temperature CAMS postprocessing ===
Spatial domain   : land
Save mask        : True
Metric config     : /srv/data/mohammad.elaabaribao/work/interns/y2026/temp/ds_temp_intern/temp/era5_mswt/postproc/extreme/cams/config.yaml
Main config       : /srv/data/mohammad.elaabaribao/work/interns/y2026/temp/ds_temp_intern/temp/era5_mswt/main/configs/unet/unet1_loss_mse.yaml
Experiment root   : /srv/data/mohammad.elaabaribao/work/interns/y2026/temp/ds_temp_intern/temp/era5_mswt/results/unet1_loss_mse
Prediction file   : /srv/data/mohammad.elaabaribao/work/interns/y2026/temp/ds_temp_intern/temp/era5_mswt/results/unet1_loss_mse/output_data/unet1_predictions_mswt.nc
Observation file  : /home/mohammad.elaabaribao/lustre/climat-um6p-st-iwri-7ksifkvwkuy/users/mohammad.elaabaribao/data/obs/mswep/mswt_1979_2020.nc
Time window       : 2006-01-01 -> 2020-12-31
Threshold quantile: 0.1
Min spell length  : 2
Min valid days    : 10
Min valid years   : 1
Data output dir   : /srv/data/mohammad.elaabaribao/work/interns/y2026/temp/ds_temp_intern/temp/era5_mswt/postproc/results/unet1_loss_mse/metrics/cams/data/land
Plot output dir   : /srv/data/mohammad.elaabaribao/work/interns/y2026/temp/ds_temp_intern/temp/era5_mswt/postproc/results/unet1_loss_mse/metrics/cams/plots/land
Prediction units : Unit unknown -> no automatic conversion applied.
Observation units: Already in Celsius.
Aligned shape    : pred=(5479, 160, 180), obs=(5479, 160, 180)
Spatial evaluation domain: land
Valid spatial pixels      : 17616
Computation pixels        : 17616
Saved summary CSV: /srv/data/mohammad.elaabaribao/work/interns/y2026/temp/ds_temp_intern/temp/era5_mswt/postproc/results/unet1_loss_mse/metrics/cams/data/land/cams_summary.csv
Saved: /srv/data/mohammad.elaabaribao/work/interns/y2026/temp/ds_temp_intern/temp/era5_mswt/postproc/results/unet1_loss_mse/metrics/cams/data/land/cams_annual_mean_period.nc
  bCAMS mean=-0.2128, min=-8.0000, max=6.0000

CAMS products saved successfully.
[CAMS] plot
Using device: cpu
=== Temperature CAMS plotting ===
Spatial domain  : land
Display domain  : land
Metric config   : /srv/data/mohammad.elaabaribao/work/interns/y2026/temp/ds_temp_intern/temp/era5_mswt/postproc/extreme/cams/config.yaml
Main config     : /srv/data/mohammad.elaabaribao/work/interns/y2026/temp/ds_temp_intern/temp/era5_mswt/main/configs/unet/unet1_loss_mse.yaml
Input data dir  : /srv/data/mohammad.elaabaribao/work/interns/y2026/temp/ds_temp_intern/temp/era5_mswt/postproc/results/unet1_loss_mse/metrics/cams/data/land
Output plot dir : /srv/data/mohammad.elaabaribao/work/interns/y2026/temp/ds_temp_intern/temp/era5_mswt/postproc/results/unet1_loss_mse/metrics/cams/plots/land
[STEP] Loading CAMS fields
[STEP] Plotting annual CAMS comparison
[STEP] Plotting annual bCAMS map
[STEP] Plotting annual bCAMS boxplot
[SUCCESS] CAMS figures saved to: /srv/data/mohammad.elaabaribao/work/interns/y2026/temp/ds_temp_intern/temp/era5_mswt/postproc/results/unet1_loss_mse/metrics/cams/plots/land
[CAMS] done

--------------------------------------
[WAMS]
Config: era5_mswt/postproc/extreme/wams/config.yaml
--------------------------------------
[WAMS] compute
Using device: cpu
=== Temperature WAMS postprocessing ===
Spatial domain   : land
Save mask        : True
Metric config     : /srv/data/mohammad.elaabaribao/work/interns/y2026/temp/ds_temp_intern/temp/era5_mswt/postproc/extreme/wams/config.yaml
Main config       : /srv/data/mohammad.elaabaribao/work/interns/y2026/temp/ds_temp_intern/temp/era5_mswt/main/configs/unet/unet1_loss_mse.yaml
Experiment root   : /srv/data/mohammad.elaabaribao/work/interns/y2026/temp/ds_temp_intern/temp/era5_mswt/results/unet1_loss_mse
Prediction file   : /srv/data/mohammad.elaabaribao/work/interns/y2026/temp/ds_temp_intern/temp/era5_mswt/results/unet1_loss_mse/output_data/unet1_predictions_mswt.nc
Observation file  : /home/mohammad.elaabaribao/lustre/climat-um6p-st-iwri-7ksifkvwkuy/users/mohammad.elaabaribao/data/obs/mswep/mswt_1979_2020.nc
Time window       : 2006-01-01 -> 2020-12-31
Threshold quantile: 0.9
Min spell length  : 2
Min valid days    : 10
Min valid years   : 1
Data output dir   : /srv/data/mohammad.elaabaribao/work/interns/y2026/temp/ds_temp_intern/temp/era5_mswt/postproc/results/unet1_loss_mse/metrics/wams/data/land
Plot output dir   : /srv/data/mohammad.elaabaribao/work/interns/y2026/temp/ds_temp_intern/temp/era5_mswt/postproc/results/unet1_loss_mse/metrics/wams/plots/land
Prediction units : Unit unknown -> no automatic conversion applied.
Observation units: Already in Celsius.
Aligned shape    : pred=(5479, 160, 180), obs=(5479, 160, 180)
Spatial evaluation domain: land
Valid spatial pixels      : 17616
Computation pixels        : 17616
Saved summary CSV: /srv/data/mohammad.elaabaribao/work/interns/y2026/temp/ds_temp_intern/temp/era5_mswt/postproc/results/unet1_loss_mse/metrics/wams/data/land/wams_summary.csv
Saved: /srv/data/mohammad.elaabaribao/work/interns/y2026/temp/ds_temp_intern/temp/era5_mswt/postproc/results/unet1_loss_mse/metrics/wams/data/land/wams_annual_mean_period.nc
  bWAMS mean=0.8225, min=-9.0000, max=9.0000

WAMS products saved successfully.
[WAMS] plot
Using device: cpu
=== Temperature WAMS plotting ===
Spatial domain  : land
Display domain  : land
Metric config   : /srv/data/mohammad.elaabaribao/work/interns/y2026/temp/ds_temp_intern/temp/era5_mswt/postproc/extreme/wams/config.yaml
Main config     : /srv/data/mohammad.elaabaribao/work/interns/y2026/temp/ds_temp_intern/temp/era5_mswt/main/configs/unet/unet1_loss_mse.yaml
Input data dir  : /srv/data/mohammad.elaabaribao/work/interns/y2026/temp/ds_temp_intern/temp/era5_mswt/postproc/results/unet1_loss_mse/metrics/wams/data/land
Output plot dir : /srv/data/mohammad.elaabaribao/work/interns/y2026/temp/ds_temp_intern/temp/era5_mswt/postproc/results/unet1_loss_mse/metrics/wams/plots/land
[STEP] Loading WAMS fields
[STEP] Plotting annual WAMS comparison
[STEP] Plotting annual bWAMS map
[STEP] Plotting annual bWAMS boxplot
[SUCCESS] WAMS figures saved to: /srv/data/mohammad.elaabaribao/work/interns/y2026/temp/ds_temp_intern/temp/era5_mswt/postproc/results/unet1_loss_mse/metrics/wams/plots/land
[WAMS] done

========== TEMPORAL METRICS ==========

--------------------------------------
[AC1]
Config: era5_mswt/postproc/temporal/ac1/config.yaml
--------------------------------------
[AC1] compute
Using device: cpu
=== Temperature AC1 postprocessing ===
Spatial domain   : land
Save mask        : True
Metric config   : /srv/data/mohammad.elaabaribao/work/interns/y2026/temp/ds_temp_intern/temp/era5_mswt/postproc/temporal/ac1/config.yaml
Main config     : /srv/data/mohammad.elaabaribao/work/interns/y2026/temp/ds_temp_intern/temp/era5_mswt/main/configs/unet/unet1_loss_mse.yaml
Experiment root : /srv/data/mohammad.elaabaribao/work/interns/y2026/temp/ds_temp_intern/temp/era5_mswt/results/unet1_loss_mse
Prediction file : /srv/data/mohammad.elaabaribao/work/interns/y2026/temp/ds_temp_intern/temp/era5_mswt/results/unet1_loss_mse/output_data/unet1_predictions_mswt.nc
Observation file: /home/mohammad.elaabaribao/lustre/climat-um6p-st-iwri-7ksifkvwkuy/users/mohammad.elaabaribao/data/obs/mswep/mswt_1979_2020.nc
Time window     : 2006-01-01 -> 2020-12-31
Min valid pairs : 10
Data output dir : /srv/data/mohammad.elaabaribao/work/interns/y2026/temp/ds_temp_intern/temp/era5_mswt/postproc/results/unet1_loss_mse/metrics/ac1/data/land
Plot output dir : /srv/data/mohammad.elaabaribao/work/interns/y2026/temp/ds_temp_intern/temp/era5_mswt/postproc/results/unet1_loss_mse/metrics/ac1/plots/land
Prediction units : Unit unknown -> no automatic conversion applied.
Observation units: Already in Celsius.
Aligned shape    : pred=(5479, 160, 180), obs=(5479, 160, 180)
Spatial evaluation domain: land
Valid spatial pixels      : 17616
Computation pixels        : 17616
Saved summary CSV: /srv/data/mohammad.elaabaribao/work/interns/y2026/temp/ds_temp_intern/temp/era5_mswt/postproc/results/unet1_loss_mse/metrics/ac1/data/land/ac1_summary.csv
Saved: /srv/data/mohammad.elaabaribao/work/interns/y2026/temp/ds_temp_intern/temp/era5_mswt/postproc/results/unet1_loss_mse/metrics/ac1/data/land/ac1_annual_mean_period.nc
  bAC1 mean=0.0025, min=-0.0397, max=0.0499

AC1 products saved successfully.
[AC1] plot
Using device: cpu
=== Temperature AC1 plotting ===
Spatial domain  : land
Display domain  : land
Metric config   : /srv/data/mohammad.elaabaribao/work/interns/y2026/temp/ds_temp_intern/temp/era5_mswt/postproc/temporal/ac1/config.yaml
Main config     : /srv/data/mohammad.elaabaribao/work/interns/y2026/temp/ds_temp_intern/temp/era5_mswt/main/configs/unet/unet1_loss_mse.yaml
Input data dir  : /srv/data/mohammad.elaabaribao/work/interns/y2026/temp/ds_temp_intern/temp/era5_mswt/postproc/results/unet1_loss_mse/metrics/ac1/data/land
Output plot dir : /srv/data/mohammad.elaabaribao/work/interns/y2026/temp/ds_temp_intern/temp/era5_mswt/postproc/results/unet1_loss_mse/metrics/ac1/plots/land
[STEP] Loading AC1 fields
[STEP] Plotting annual AC1 comparison
[STEP] Plotting annual bAC1 map
[STEP] Plotting annual bAC1 boxplot
[SUCCESS] AC1 figures saved to: /srv/data/mohammad.elaabaribao/work/interns/y2026/temp/ds_temp_intern/temp/era5_mswt/postproc/results/unet1_loss_mse/metrics/ac1/plots/land
[AC1] done

--------------------------------------
[RSTD]
Config: era5_mswt/postproc/temporal/rstd/config.yaml
--------------------------------------
[RSTD] compute
Using device: cpu
=== Temperature RSTD postprocessing ===
Spatial domain   : land
Save mask        : True
Metric config   : /srv/data/mohammad.elaabaribao/work/interns/y2026/temp/ds_temp_intern/temp/era5_mswt/postproc/temporal/rstd/config.yaml
Main config     : /srv/data/mohammad.elaabaribao/work/interns/y2026/temp/ds_temp_intern/temp/era5_mswt/main/configs/unet/unet1_loss_mse.yaml
Experiment root : /srv/data/mohammad.elaabaribao/work/interns/y2026/temp/ds_temp_intern/temp/era5_mswt/results/unet1_loss_mse
Prediction file : /srv/data/mohammad.elaabaribao/work/interns/y2026/temp/ds_temp_intern/temp/era5_mswt/results/unet1_loss_mse/output_data/unet1_predictions_mswt.nc
Observation file: /home/mohammad.elaabaribao/lustre/climat-um6p-st-iwri-7ksifkvwkuy/users/mohammad.elaabaribao/data/obs/mswep/mswt_1979_2020.nc
Time window     : 2006-01-01 -> 2020-12-31
Window          : 31
Min valid       : 10
Data output dir : /srv/data/mohammad.elaabaribao/work/interns/y2026/temp/ds_temp_intern/temp/era5_mswt/postproc/results/unet1_loss_mse/metrics/rstd/data/land
Plot output dir : /srv/data/mohammad.elaabaribao/work/interns/y2026/temp/ds_temp_intern/temp/era5_mswt/postproc/results/unet1_loss_mse/metrics/rstd/plots/land
Prediction units : Unit unknown -> no automatic conversion applied.
Observation units: Already in Celsius.
Aligned shape    : pred=(5479, 160, 180), obs=(5479, 160, 180)
Spatial evaluation domain: land
Valid spatial pixels      : 17616
Computation pixels        : 17616
Saved summary CSV: /srv/data/mohammad.elaabaribao/work/interns/y2026/temp/ds_temp_intern/temp/era5_mswt/postproc/results/unet1_loss_mse/metrics/rstd/data/land/rstd_summary.csv
Saved: /srv/data/mohammad.elaabaribao/work/interns/y2026/temp/ds_temp_intern/temp/era5_mswt/postproc/results/unet1_loss_mse/metrics/rstd/data/land/rstd_annual_mean_period.nc
  RSTD mean=0.9782, min=0.3740, max=1.4386

RSTD products saved successfully.
[RSTD] plot
/srv/data/mohammad.elaabaribao/work/interns/y2026/temp/ds_temp_intern/temp/era5_mswt/postproc/temporal/rstd/plot.py:355: MatplotlibDeprecationWarning: The 'labels' parameter of boxplot() has been renamed 'tick_labels' since Matplotlib 3.9; support for the old name will be dropped in 3.11.
  ax.boxplot(
Using device: cpu
=== Temperature RSTD plotting ===
Spatial domain  : land
Display domain  : land
Metric config   : /srv/data/mohammad.elaabaribao/work/interns/y2026/temp/ds_temp_intern/temp/era5_mswt/postproc/temporal/rstd/config.yaml
Main config     : /srv/data/mohammad.elaabaribao/work/interns/y2026/temp/ds_temp_intern/temp/era5_mswt/main/configs/unet/unet1_loss_mse.yaml
Input data dir  : /srv/data/mohammad.elaabaribao/work/interns/y2026/temp/ds_temp_intern/temp/era5_mswt/postproc/results/unet1_loss_mse/metrics/rstd/data/land
Output plot dir : /srv/data/mohammad.elaabaribao/work/interns/y2026/temp/ds_temp_intern/temp/era5_mswt/postproc/results/unet1_loss_mse/metrics/rstd/plots/land
[STEP] Loading RSTD fields
[STEP] Plotting annual standard deviation comparison
[STEP] Plotting annual RSTD map
[STEP] Plotting annual RSTD boxplot
[SUCCESS] RSTD figures saved to: /srv/data/mohammad.elaabaribao/work/interns/y2026/temp/ds_temp_intern/temp/era5_mswt/postproc/results/unet1_loss_mse/metrics/rstd/plots/land
[RSTD] done

======================================
 Postprocessing finished successfully
======================================
======================================
 Running postprocessing metrics
======================================
[INFO] Current directory:
/srv/data/mohammad.elaabaribao/work/interns/y2026/temp/ds_temp_intern/temp

[INFO] Selected config : config.yaml
[INFO] Selected group  : all


========== MEAN METRICS ==========

--------------------------------------
[BIAS]
Config: era5_mswt/postproc/mean/bias/config.yaml
--------------------------------------
[BIAS] compute
Using device: cpu
=== Temperature bias postprocessing ===
Spatial domain   : land
Save mask        : True
Metric config   : /srv/data/mohammad.elaabaribao/work/interns/y2026/temp/ds_temp_intern/temp/era5_mswt/postproc/mean/bias/config.yaml
Main config     : /srv/data/mohammad.elaabaribao/work/interns/y2026/temp/ds_temp_intern/temp/era5_mswt/main/configs/unet/unet_lr_1e4.yaml
Experiment root : /srv/data/mohammad.elaabaribao/work/interns/y2026/temp/ds_temp_intern/temp/era5_mswt/results/unet_lr_1e4
Prediction file : /srv/data/mohammad.elaabaribao/work/interns/y2026/temp/ds_temp_intern/temp/era5_mswt/results/unet_lr_1e4/output_data/unet1_predictions_mswt.nc
Observation file: /home/mohammad.elaabaribao/lustre/climat-um6p-st-iwri-7ksifkvwkuy/users/mohammad.elaabaribao/data/obs/mswep/mswt_1979_2020.nc
Time window     : 2006-01-01 -> 2020-12-31
Strategy        : daily_first
Return by year  : False
Min valid       : 10
Seasons         : ['Annual', 'DJF', 'MAM', 'JJA', 'SON']
Data output dir : /srv/data/mohammad.elaabaribao/work/interns/y2026/temp/ds_temp_intern/temp/era5_mswt/postproc/results/unet_lr_1e4/metrics/bias/data/land
Plot output dir : /srv/data/mohammad.elaabaribao/work/interns/y2026/temp/ds_temp_intern/temp/era5_mswt/postproc/results/unet_lr_1e4/metrics/bias/plots/land
Prediction units : Unit unknown -> no automatic conversion applied.
Observation units: Already in Celsius.
Aligned shape: pred=(5479, 160, 180), obs=(5479, 160, 180)
Spatial evaluation domain: land
Valid spatial pixels      : 17616
Computation pixels        : 17616

--- Computing bias for Annual ---
Saved NetCDF: /srv/data/mohammad.elaabaribao/work/interns/y2026/temp/ds_temp_intern/temp/era5_mswt/postproc/results/unet_lr_1e4/metrics/bias/data/land/bias_annual_daily_first_mean_period.nc
  mean=-0.2165, min=-4.1543, max=4.9034, std=0.6258

--- Computing bias for DJF ---
Saved NetCDF: /srv/data/mohammad.elaabaribao/work/interns/y2026/temp/ds_temp_intern/temp/era5_mswt/postproc/results/unet_lr_1e4/metrics/bias/data/land/bias_djf_daily_first_mean_period.nc
  mean=-0.1004, min=-4.5231, max=6.4329, std=0.6970

--- Computing bias for MAM ---
Saved NetCDF: /srv/data/mohammad.elaabaribao/work/interns/y2026/temp/ds_temp_intern/temp/era5_mswt/postproc/results/unet_lr_1e4/metrics/bias/data/land/bias_mam_daily_first_mean_period.nc
  mean=-0.2671, min=-4.3943, max=4.7742, std=0.6725

--- Computing bias for JJA ---
Saved NetCDF: /srv/data/mohammad.elaabaribao/work/interns/y2026/temp/ds_temp_intern/temp/era5_mswt/postproc/results/unet_lr_1e4/metrics/bias/data/land/bias_jja_daily_first_mean_period.nc
  mean=-0.3679, min=-3.9702, max=4.1488, std=0.6295

--- Computing bias for SON ---
Saved NetCDF: /srv/data/mohammad.elaabaribao/work/interns/y2026/temp/ds_temp_intern/temp/era5_mswt/postproc/results/unet_lr_1e4/metrics/bias/data/land/bias_son_daily_first_mean_period.nc
  mean=-0.1498, min=-4.0575, max=5.1043, std=0.6430

Saved summary CSV: /srv/data/mohammad.elaabaribao/work/interns/y2026/temp/ds_temp_intern/temp/era5_mswt/postproc/results/unet_lr_1e4/metrics/bias/data/land/bias_summary_daily_first.csv

All bias products saved successfully.
[BIAS] plot
Using device: cpu
=== Temperature bias plotting ===
Spatial domain  : land
Display domain  : land
Metric config   : /srv/data/mohammad.elaabaribao/work/interns/y2026/temp/ds_temp_intern/temp/era5_mswt/postproc/mean/bias/config.yaml
Main config     : /srv/data/mohammad.elaabaribao/work/interns/y2026/temp/ds_temp_intern/temp/era5_mswt/main/configs/unet/unet_lr_1e4.yaml
Input data dir  : /srv/data/mohammad.elaabaribao/work/interns/y2026/temp/ds_temp_intern/temp/era5_mswt/postproc/results/unet_lr_1e4/metrics/bias/data/land
Output plot dir : /srv/data/mohammad.elaabaribao/work/interns/y2026/temp/ds_temp_intern/temp/era5_mswt/postproc/results/unet_lr_1e4/metrics/bias/plots/land
Strategy        : daily_first
Return by year  : False
[STEP] Plotting annual bias map
[STEP] Plotting DJF bias map
[STEP] Plotting MAM bias map
[STEP] Plotting JJA bias map
[STEP] Plotting SON bias map
[STEP] Plotting grouped seasonal bias panel
[STEP] Plotting seasonal bias boxplot
[STEP] Plotting annual bias boxplot
[SUCCESS] Bias figures saved to: /srv/data/mohammad.elaabaribao/work/interns/y2026/temp/ds_temp_intern/temp/era5_mswt/postproc/results/unet_lr_1e4/metrics/bias/plots/land
[BIAS] done

--------------------------------------
[RMSE]
Config: era5_mswt/postproc/mean/rmse/config.yaml
--------------------------------------
[RMSE] compute
Using device: cpu
=== Temperature RMSE postprocessing ===
Spatial domain   : land
Save mask        : True
Metric config   : /srv/data/mohammad.elaabaribao/work/interns/y2026/temp/ds_temp_intern/temp/era5_mswt/postproc/mean/rmse/config.yaml
Main config     : /srv/data/mohammad.elaabaribao/work/interns/y2026/temp/ds_temp_intern/temp/era5_mswt/main/configs/unet/unet_lr_1e4.yaml
Experiment root : /srv/data/mohammad.elaabaribao/work/interns/y2026/temp/ds_temp_intern/temp/era5_mswt/results/unet_lr_1e4
Prediction file : /srv/data/mohammad.elaabaribao/work/interns/y2026/temp/ds_temp_intern/temp/era5_mswt/results/unet_lr_1e4/output_data/unet1_predictions_mswt.nc
Observation file: /home/mohammad.elaabaribao/lustre/climat-um6p-st-iwri-7ksifkvwkuy/users/mohammad.elaabaribao/data/obs/mswep/mswt_1979_2020.nc
Time window     : 2006-01-01 -> 2020-12-31
Strategy        : daily_first
Return by year  : False
Min valid       : 10
Seasons         : ['Annual', 'DJF', 'MAM', 'JJA', 'SON']
Data output dir : /srv/data/mohammad.elaabaribao/work/interns/y2026/temp/ds_temp_intern/temp/era5_mswt/postproc/results/unet_lr_1e4/metrics/rmse/data/land
Plot output dir : /srv/data/mohammad.elaabaribao/work/interns/y2026/temp/ds_temp_intern/temp/era5_mswt/postproc/results/unet_lr_1e4/metrics/rmse/plots/land
Prediction units : Unit unknown -> no automatic conversion applied.
Observation units: Already in Celsius.
Aligned shape: pred=(5479, 160, 180), obs=(5479, 160, 180)
Spatial evaluation domain: land
Valid spatial pixels      : 17616
Computation pixels        : 17616

--- Computing RMSE for Annual ---
Saved NetCDF: /srv/data/mohammad.elaabaribao/work/interns/y2026/temp/ds_temp_intern/temp/era5_mswt/postproc/results/unet_lr_1e4/metrics/rmse/data/land/rmse_annual_daily_first_mean_period.nc
  mean=1.2666, min=0.6754, max=5.1906, std=0.3629

--- Computing RMSE for DJF ---
Saved NetCDF: /srv/data/mohammad.elaabaribao/work/interns/y2026/temp/ds_temp_intern/temp/era5_mswt/postproc/results/unet_lr_1e4/metrics/rmse/data/land/rmse_djf_daily_first_mean_period.nc
  mean=1.3270, min=0.6360, max=6.4679, std=0.4034

--- Computing RMSE for MAM ---
Saved NetCDF: /srv/data/mohammad.elaabaribao/work/interns/y2026/temp/ds_temp_intern/temp/era5_mswt/postproc/results/unet_lr_1e4/metrics/rmse/data/land/rmse_mam_daily_first_mean_period.nc
  mean=1.2417, min=0.6466, max=4.9463, std=0.3981

--- Computing RMSE for JJA ---
Saved NetCDF: /srv/data/mohammad.elaabaribao/work/interns/y2026/temp/ds_temp_intern/temp/era5_mswt/postproc/results/unet_lr_1e4/metrics/rmse/data/land/rmse_jja_daily_first_mean_period.nc
  mean=1.2351, min=0.6327, max=4.4482, std=0.3480

--- Computing RMSE for SON ---
Saved NetCDF: /srv/data/mohammad.elaabaribao/work/interns/y2026/temp/ds_temp_intern/temp/era5_mswt/postproc/results/unet_lr_1e4/metrics/rmse/data/land/rmse_son_daily_first_mean_period.nc
  mean=1.2190, min=0.6321, max=5.2710, std=0.3608

Saved summary CSV: /srv/data/mohammad.elaabaribao/work/interns/y2026/temp/ds_temp_intern/temp/era5_mswt/postproc/results/unet_lr_1e4/metrics/rmse/data/land/rmse_summary_daily_first.csv

All RMSE products saved successfully.
[RMSE] plot
Using device: cpu
=== Temperature RMSE plotting ===
Spatial domain  : land
Display domain  : land
Metric config   : /srv/data/mohammad.elaabaribao/work/interns/y2026/temp/ds_temp_intern/temp/era5_mswt/postproc/mean/rmse/config.yaml
Main config     : /srv/data/mohammad.elaabaribao/work/interns/y2026/temp/ds_temp_intern/temp/era5_mswt/main/configs/unet/unet_lr_1e4.yaml
Input data dir  : /srv/data/mohammad.elaabaribao/work/interns/y2026/temp/ds_temp_intern/temp/era5_mswt/postproc/results/unet_lr_1e4/metrics/rmse/data/land
Output plot dir : /srv/data/mohammad.elaabaribao/work/interns/y2026/temp/ds_temp_intern/temp/era5_mswt/postproc/results/unet_lr_1e4/metrics/rmse/plots/land
Strategy        : daily_first
Return by year  : False
[STEP] Plotting annual RMSE map
[STEP] Plotting DJF RMSE map
[STEP] Plotting MAM RMSE map
[STEP] Plotting JJA RMSE map
[STEP] Plotting SON RMSE map
[STEP] Plotting grouped seasonal RMSE panel
[STEP] Plotting seasonal RMSE boxplot
[STEP] Plotting annual RMSE boxplot
[SUCCESS] RMSE figures saved to: /srv/data/mohammad.elaabaribao/work/interns/y2026/temp/ds_temp_intern/temp/era5_mswt/postproc/results/unet_lr_1e4/metrics/rmse/plots/land
[RMSE] done

--------------------------------------
[CORRELATION]
Config: era5_mswt/postproc/mean/correlation/config.yaml
--------------------------------------
[CORRELATION] compute
Using device: cpu
=== Temperature correlation postprocessing ===
Spatial domain   : land
Save mask        : True
Metric config   : /srv/data/mohammad.elaabaribao/work/interns/y2026/temp/ds_temp_intern/temp/era5_mswt/postproc/mean/correlation/config.yaml
Main config     : /srv/data/mohammad.elaabaribao/work/interns/y2026/temp/ds_temp_intern/temp/era5_mswt/main/configs/unet/unet_lr_1e4.yaml
Experiment root : /srv/data/mohammad.elaabaribao/work/interns/y2026/temp/ds_temp_intern/temp/era5_mswt/results/unet_lr_1e4
Prediction file : /srv/data/mohammad.elaabaribao/work/interns/y2026/temp/ds_temp_intern/temp/era5_mswt/results/unet_lr_1e4/output_data/unet1_predictions_mswt.nc
Observation file: /home/mohammad.elaabaribao/lustre/climat-um6p-st-iwri-7ksifkvwkuy/users/mohammad.elaabaribao/data/obs/mswep/mswt_1979_2020.nc
Time window     : 2006-01-01 -> 2020-12-31
Window (CORR D) : 31
Min valid       : 10
Seasons         : ['Annual', 'DJF', 'MAM', 'JJA', 'SON']
corr_d data dir : /srv/data/mohammad.elaabaribao/work/interns/y2026/temp/ds_temp_intern/temp/era5_mswt/postproc/results/unet_lr_1e4/metrics/corr_d/data/land
corr_d plot dir : /srv/data/mohammad.elaabaribao/work/interns/y2026/temp/ds_temp_intern/temp/era5_mswt/postproc/results/unet_lr_1e4/metrics/corr_d/plots/land
Prediction units : Unit unknown -> no automatic conversion applied.
Observation units: Already in Celsius.
Aligned shape    : pred=(5479, 160, 180), obs=(5479, 160, 180)
Spatial evaluation domain: land
Valid spatial pixels      : 17616
Computation pixels        : 17616

--- Computing correlations for Annual ---
Saved: /srv/data/mohammad.elaabaribao/work/interns/y2026/temp/ds_temp_intern/temp/era5_mswt/postproc/results/unet_lr_1e4/metrics/corr_d/data/land/corr_d_annual_mean_period.nc
  CORR D mean=0.9089, min=0.6063, max=0.9557

--- Computing correlations for DJF ---
Saved: /srv/data/mohammad.elaabaribao/work/interns/y2026/temp/ds_temp_intern/temp/era5_mswt/postproc/results/unet_lr_1e4/metrics/corr_d/data/land/corr_d_djf_mean_period.nc
  CORR D mean=0.8911, min=0.6766, max=0.9420

--- Computing correlations for MAM ---
Saved: /srv/data/mohammad.elaabaribao/work/interns/y2026/temp/ds_temp_intern/temp/era5_mswt/postproc/results/unet_lr_1e4/metrics/corr_d/data/land/corr_d_mam_mean_period.nc
  CORR D mean=0.9405, min=0.5908, max=0.9732

--- Computing correlations for JJA ---
Saved: /srv/data/mohammad.elaabaribao/work/interns/y2026/temp/ds_temp_intern/temp/era5_mswt/postproc/results/unet_lr_1e4/metrics/corr_d/data/land/corr_d_jja_mean_period.nc
  CORR D mean=0.8618, min=0.4823, max=0.9730

--- Computing correlations for SON ---
Saved: /srv/data/mohammad.elaabaribao/work/interns/y2026/temp/ds_temp_intern/temp/era5_mswt/postproc/results/unet_lr_1e4/metrics/corr_d/data/land/corr_d_son_mean_period.nc
  CORR D mean=0.9013, min=0.6235, max=0.9468

Saved summary CSV: /srv/data/mohammad.elaabaribao/work/interns/y2026/temp/ds_temp_intern/temp/era5_mswt/postproc/results/unet_lr_1e4/metrics/corr_d/data/land/corr_d_summary.csv

All correlation products saved successfully.
[CORRELATION] plot
Using device: cpu
=== Temperature correlation plotting ===
Spatial domain  : land
Display domain  : land
Metric config   : /srv/data/mohammad.elaabaribao/work/interns/y2026/temp/ds_temp_intern/temp/era5_mswt/postproc/mean/correlation/config.yaml
Main config     : /srv/data/mohammad.elaabaribao/work/interns/y2026/temp/ds_temp_intern/temp/era5_mswt/main/configs/unet/unet_lr_1e4.yaml
Experiment root : /srv/data/mohammad.elaabaribao/work/interns/y2026/temp/ds_temp_intern/temp/era5_mswt/results/unet_lr_1e4
Selected seasons: ['Annual', 'DJF', 'MAM', 'JJA', 'SON']

=== Plotting corr_d ===
Spatial domain  : land
Display domain  : land
Input data dir  : /srv/data/mohammad.elaabaribao/work/interns/y2026/temp/ds_temp_intern/temp/era5_mswt/postproc/results/unet_lr_1e4/metrics/corr_d/data/land
Output plot dir : /srv/data/mohammad.elaabaribao/work/interns/y2026/temp/ds_temp_intern/temp/era5_mswt/postproc/results/unet_lr_1e4/metrics/corr_d/plots/land
[STEP] Plotting annual corr_d map
[STEP] Plotting DJF corr_d map
[STEP] Plotting MAM corr_d map
[STEP] Plotting JJA corr_d map
[STEP] Plotting SON corr_d map
[STEP] Plotting seasonal corr_d panel
[STEP] Plotting seasonal corr_d boxplot
[STEP] Plotting annual corr_d boxplot
[SUCCESS] corr_d figures saved to: /srv/data/mohammad.elaabaribao/work/interns/y2026/temp/ds_temp_intern/temp/era5_mswt/postproc/results/unet_lr_1e4/metrics/corr_d/plots/land

All correlation figures saved successfully.
[CORRELATION] done

========== EXTREME METRICS ==========

--------------------------------------
[B02]
Config: era5_mswt/postproc/extreme/b02/config.yaml
--------------------------------------
[B02] compute
Using device: cpu
=== Temperature B-02 postprocessing ===
Spatial domain   : land
Save mask        : True
Metric config   : /srv/data/mohammad.elaabaribao/work/interns/y2026/temp/ds_temp_intern/temp/era5_mswt/postproc/extreme/b02/config.yaml
Main config     : /srv/data/mohammad.elaabaribao/work/interns/y2026/temp/ds_temp_intern/temp/era5_mswt/main/configs/unet/unet_lr_1e4.yaml
Experiment root : /srv/data/mohammad.elaabaribao/work/interns/y2026/temp/ds_temp_intern/temp/era5_mswt/results/unet_lr_1e4
Prediction file : /srv/data/mohammad.elaabaribao/work/interns/y2026/temp/ds_temp_intern/temp/era5_mswt/results/unet_lr_1e4/output_data/unet1_predictions_mswt.nc
Observation file: /home/mohammad.elaabaribao/lustre/climat-um6p-st-iwri-7ksifkvwkuy/users/mohammad.elaabaribao/data/obs/mswep/mswt_1979_2020.nc
Time window     : 2006-01-01 -> 2020-12-31
Quantile        : 0.02
Min valid       : 10
Seasons         : ['Annual', 'DJF', 'MAM', 'JJA', 'SON']
Data output dir : /srv/data/mohammad.elaabaribao/work/interns/y2026/temp/ds_temp_intern/temp/era5_mswt/postproc/results/unet_lr_1e4/metrics/b02/data/land
Plot output dir : /srv/data/mohammad.elaabaribao/work/interns/y2026/temp/ds_temp_intern/temp/era5_mswt/postproc/results/unet_lr_1e4/metrics/b02/plots/land
Prediction units : Unit unknown -> no automatic conversion applied.
Observation units: Already in Celsius.
Aligned shape    : pred=(5479, 160, 180), obs=(5479, 160, 180)
Spatial evaluation domain: land
Valid spatial pixels      : 17616
Computation pixels        : 17616

--- Computing B-02 for Annual ---
Saved: /srv/data/mohammad.elaabaribao/work/interns/y2026/temp/ds_temp_intern/temp/era5_mswt/postproc/results/unet_lr_1e4/metrics/b02/data/land/b02_annual_mean_period.nc
  mean=-0.1401, min=-4.8692, max=9.1012

--- Computing B-02 for DJF ---
Saved: /srv/data/mohammad.elaabaribao/work/interns/y2026/temp/ds_temp_intern/temp/era5_mswt/postproc/results/unet_lr_1e4/metrics/b02/data/land/b02_djf_mean_period.nc
  mean=0.0211, min=-4.7384, max=11.3169

--- Computing B-02 for MAM ---
Saved: /srv/data/mohammad.elaabaribao/work/interns/y2026/temp/ds_temp_intern/temp/era5_mswt/postproc/results/unet_lr_1e4/metrics/b02/data/land/b02_mam_mean_period.nc
  mean=-0.6144, min=-6.7161, max=5.6517

--- Computing B-02 for JJA ---
Saved: /srv/data/mohammad.elaabaribao/work/interns/y2026/temp/ds_temp_intern/temp/era5_mswt/postproc/results/unet_lr_1e4/metrics/b02/data/land/b02_jja_mean_period.nc
  mean=-0.0532, min=-4.1931, max=4.8658

--- Computing B-02 for SON ---
Saved: /srv/data/mohammad.elaabaribao/work/interns/y2026/temp/ds_temp_intern/temp/era5_mswt/postproc/results/unet_lr_1e4/metrics/b02/data/land/b02_son_mean_period.nc
  mean=-0.4439, min=-5.9407, max=7.1965

Saved summary CSV: /srv/data/mohammad.elaabaribao/work/interns/y2026/temp/ds_temp_intern/temp/era5_mswt/postproc/results/unet_lr_1e4/metrics/b02/data/land/b02_summary.csv

All B-02 products saved successfully.
[B02] plot
Using device: cpu
=== Temperature B-02 plotting ===
Spatial domain  : land
Display domain  : land
Metric config   : /srv/data/mohammad.elaabaribao/work/interns/y2026/temp/ds_temp_intern/temp/era5_mswt/postproc/extreme/b02/config.yaml
Main config     : /srv/data/mohammad.elaabaribao/work/interns/y2026/temp/ds_temp_intern/temp/era5_mswt/main/configs/unet/unet_lr_1e4.yaml
Input data dir  : /srv/data/mohammad.elaabaribao/work/interns/y2026/temp/ds_temp_intern/temp/era5_mswt/postproc/results/unet_lr_1e4/metrics/b02/data/land
Output plot dir : /srv/data/mohammad.elaabaribao/work/interns/y2026/temp/ds_temp_intern/temp/era5_mswt/postproc/results/unet_lr_1e4/metrics/b02/plots/land
[STEP] Plotting annual P02 comparison
[STEP] Plotting annual B-02 map
[STEP] Plotting DJF B-02 map
[STEP] Plotting MAM B-02 map
[STEP] Plotting JJA B-02 map
[STEP] Plotting SON B-02 map
[STEP] Plotting grouped seasonal B-02 panel
[STEP] Plotting seasonal B-02 boxplot
[STEP] Plotting annual B-02 boxplot
[SUCCESS] B-02 figures saved to: /srv/data/mohammad.elaabaribao/work/interns/y2026/temp/ds_temp_intern/temp/era5_mswt/postproc/results/unet_lr_1e4/metrics/b02/plots/land
[B02] done

--------------------------------------
[B98]
Config: era5_mswt/postproc/extreme/b98/config.yaml
--------------------------------------
[B98] compute
Using device: cpu
=== Temperature B-98 postprocessing ===
Spatial domain   : land
Save mask        : True
Metric config   : /srv/data/mohammad.elaabaribao/work/interns/y2026/temp/ds_temp_intern/temp/era5_mswt/postproc/extreme/b98/config.yaml
Main config     : /srv/data/mohammad.elaabaribao/work/interns/y2026/temp/ds_temp_intern/temp/era5_mswt/main/configs/unet/unet_lr_1e4.yaml
Experiment root : /srv/data/mohammad.elaabaribao/work/interns/y2026/temp/ds_temp_intern/temp/era5_mswt/results/unet_lr_1e4
Prediction file : /srv/data/mohammad.elaabaribao/work/interns/y2026/temp/ds_temp_intern/temp/era5_mswt/results/unet_lr_1e4/output_data/unet1_predictions_mswt.nc
Observation file: /home/mohammad.elaabaribao/lustre/climat-um6p-st-iwri-7ksifkvwkuy/users/mohammad.elaabaribao/data/obs/mswep/mswt_1979_2020.nc
Time window     : 2006-01-01 -> 2020-12-31
Quantile        : 0.98
Min valid       : 10
Seasons         : ['Annual', 'DJF', 'MAM', 'JJA', 'SON']
Data output dir : /srv/data/mohammad.elaabaribao/work/interns/y2026/temp/ds_temp_intern/temp/era5_mswt/postproc/results/unet_lr_1e4/metrics/b98/data/land
Plot output dir : /srv/data/mohammad.elaabaribao/work/interns/y2026/temp/ds_temp_intern/temp/era5_mswt/postproc/results/unet_lr_1e4/metrics/b98/plots/land
Prediction units : Unit unknown -> no automatic conversion applied.
Observation units: Already in Celsius.
Aligned shape    : pred=(5479, 160, 180), obs=(5479, 160, 180)
Spatial evaluation domain: land
Valid spatial pixels      : 17616
Computation pixels        : 17616

--- Computing B-98 for Annual ---
Saved: /srv/data/mohammad.elaabaribao/work/interns/y2026/temp/ds_temp_intern/temp/era5_mswt/postproc/results/unet_lr_1e4/metrics/b98/data/land/b98_annual_mean_period.nc
  mean=-0.9784, min=-5.7939, max=4.7427

--- Computing B-98 for DJF ---
Saved: /srv/data/mohammad.elaabaribao/work/interns/y2026/temp/ds_temp_intern/temp/era5_mswt/postproc/results/unet_lr_1e4/metrics/b98/data/land/b98_djf_mean_period.nc
  mean=-0.1607, min=-4.0653, max=5.8796

--- Computing B-98 for MAM ---
Saved: /srv/data/mohammad.elaabaribao/work/interns/y2026/temp/ds_temp_intern/temp/era5_mswt/postproc/results/unet_lr_1e4/metrics/b98/data/land/b98_mam_mean_period.nc
  mean=-0.2849, min=-5.8080, max=5.1792

--- Computing B-98 for JJA ---
Saved: /srv/data/mohammad.elaabaribao/work/interns/y2026/temp/ds_temp_intern/temp/era5_mswt/postproc/results/unet_lr_1e4/metrics/b98/data/land/b98_jja_mean_period.nc
  mean=-1.4761, min=-7.9723, max=5.2568

--- Computing B-98 for SON ---
Saved: /srv/data/mohammad.elaabaribao/work/interns/y2026/temp/ds_temp_intern/temp/era5_mswt/postproc/results/unet_lr_1e4/metrics/b98/data/land/b98_son_mean_period.nc
  mean=-0.2361, min=-5.3471, max=5.1157

Saved summary CSV: /srv/data/mohammad.elaabaribao/work/interns/y2026/temp/ds_temp_intern/temp/era5_mswt/postproc/results/unet_lr_1e4/metrics/b98/data/land/b98_summary.csv

All B-98 products saved successfully.
[B98] plot
Using device: cpu
=== Temperature B-98 plotting ===
Spatial domain  : land
Display domain  : land
Metric config   : /srv/data/mohammad.elaabaribao/work/interns/y2026/temp/ds_temp_intern/temp/era5_mswt/postproc/extreme/b98/config.yaml
Main config     : /srv/data/mohammad.elaabaribao/work/interns/y2026/temp/ds_temp_intern/temp/era5_mswt/main/configs/unet/unet_lr_1e4.yaml
Input data dir  : /srv/data/mohammad.elaabaribao/work/interns/y2026/temp/ds_temp_intern/temp/era5_mswt/postproc/results/unet_lr_1e4/metrics/b98/data/land
Output plot dir : /srv/data/mohammad.elaabaribao/work/interns/y2026/temp/ds_temp_intern/temp/era5_mswt/postproc/results/unet_lr_1e4/metrics/b98/plots/land
[STEP] Plotting annual P98 comparison
[STEP] Plotting annual B-98 map
[STEP] Plotting DJF B-98 map
[STEP] Plotting MAM B-98 map
[STEP] Plotting JJA B-98 map
[STEP] Plotting SON B-98 map
[STEP] Plotting grouped seasonal B-98 panel
[STEP] Plotting seasonal B-98 boxplot
[STEP] Plotting annual B-98 boxplot
[SUCCESS] B-98 figures saved to: /srv/data/mohammad.elaabaribao/work/interns/y2026/temp/ds_temp_intern/temp/era5_mswt/postproc/results/unet_lr_1e4/metrics/b98/plots/land
[B98] done

--------------------------------------
[CAMS]
Config: era5_mswt/postproc/extreme/cams/config.yaml
--------------------------------------
[CAMS] compute
Using device: cpu
=== Temperature CAMS postprocessing ===
Spatial domain   : land
Save mask        : True
Metric config     : /srv/data/mohammad.elaabaribao/work/interns/y2026/temp/ds_temp_intern/temp/era5_mswt/postproc/extreme/cams/config.yaml
Main config       : /srv/data/mohammad.elaabaribao/work/interns/y2026/temp/ds_temp_intern/temp/era5_mswt/main/configs/unet/unet_lr_1e4.yaml
Experiment root   : /srv/data/mohammad.elaabaribao/work/interns/y2026/temp/ds_temp_intern/temp/era5_mswt/results/unet_lr_1e4
Prediction file   : /srv/data/mohammad.elaabaribao/work/interns/y2026/temp/ds_temp_intern/temp/era5_mswt/results/unet_lr_1e4/output_data/unet1_predictions_mswt.nc
Observation file  : /home/mohammad.elaabaribao/lustre/climat-um6p-st-iwri-7ksifkvwkuy/users/mohammad.elaabaribao/data/obs/mswep/mswt_1979_2020.nc
Time window       : 2006-01-01 -> 2020-12-31
Threshold quantile: 0.1
Min spell length  : 2
Min valid days    : 10
Min valid years   : 1
Data output dir   : /srv/data/mohammad.elaabaribao/work/interns/y2026/temp/ds_temp_intern/temp/era5_mswt/postproc/results/unet_lr_1e4/metrics/cams/data/land
Plot output dir   : /srv/data/mohammad.elaabaribao/work/interns/y2026/temp/ds_temp_intern/temp/era5_mswt/postproc/results/unet_lr_1e4/metrics/cams/plots/land
Prediction units : Unit unknown -> no automatic conversion applied.
Observation units: Already in Celsius.
Aligned shape    : pred=(5479, 160, 180), obs=(5479, 160, 180)
Spatial evaluation domain: land
Valid spatial pixels      : 17616
Computation pixels        : 17616
Saved summary CSV: /srv/data/mohammad.elaabaribao/work/interns/y2026/temp/ds_temp_intern/temp/era5_mswt/postproc/results/unet_lr_1e4/metrics/cams/data/land/cams_summary.csv
Saved: /srv/data/mohammad.elaabaribao/work/interns/y2026/temp/ds_temp_intern/temp/era5_mswt/postproc/results/unet_lr_1e4/metrics/cams/data/land/cams_annual_mean_period.nc
  bCAMS mean=-0.0099, min=-6.0000, max=6.0000

CAMS products saved successfully.
[CAMS] plot
Using device: cpu
=== Temperature CAMS plotting ===
Spatial domain  : land
Display domain  : land
Metric config   : /srv/data/mohammad.elaabaribao/work/interns/y2026/temp/ds_temp_intern/temp/era5_mswt/postproc/extreme/cams/config.yaml
Main config     : /srv/data/mohammad.elaabaribao/work/interns/y2026/temp/ds_temp_intern/temp/era5_mswt/main/configs/unet/unet_lr_1e4.yaml
Input data dir  : /srv/data/mohammad.elaabaribao/work/interns/y2026/temp/ds_temp_intern/temp/era5_mswt/postproc/results/unet_lr_1e4/metrics/cams/data/land
Output plot dir : /srv/data/mohammad.elaabaribao/work/interns/y2026/temp/ds_temp_intern/temp/era5_mswt/postproc/results/unet_lr_1e4/metrics/cams/plots/land
[STEP] Loading CAMS fields
[STEP] Plotting annual CAMS comparison
[STEP] Plotting annual bCAMS map
[STEP] Plotting annual bCAMS boxplot
[SUCCESS] CAMS figures saved to: /srv/data/mohammad.elaabaribao/work/interns/y2026/temp/ds_temp_intern/temp/era5_mswt/postproc/results/unet_lr_1e4/metrics/cams/plots/land
[CAMS] done

--------------------------------------
[WAMS]
Config: era5_mswt/postproc/extreme/wams/config.yaml
--------------------------------------
[WAMS] compute
Using device: cpu
=== Temperature WAMS postprocessing ===
Spatial domain   : land
Save mask        : True
Metric config     : /srv/data/mohammad.elaabaribao/work/interns/y2026/temp/ds_temp_intern/temp/era5_mswt/postproc/extreme/wams/config.yaml
Main config       : /srv/data/mohammad.elaabaribao/work/interns/y2026/temp/ds_temp_intern/temp/era5_mswt/main/configs/unet/unet_lr_1e4.yaml
Experiment root   : /srv/data/mohammad.elaabaribao/work/interns/y2026/temp/ds_temp_intern/temp/era5_mswt/results/unet_lr_1e4
Prediction file   : /srv/data/mohammad.elaabaribao/work/interns/y2026/temp/ds_temp_intern/temp/era5_mswt/results/unet_lr_1e4/output_data/unet1_predictions_mswt.nc
Observation file  : /home/mohammad.elaabaribao/lustre/climat-um6p-st-iwri-7ksifkvwkuy/users/mohammad.elaabaribao/data/obs/mswep/mswt_1979_2020.nc
Time window       : 2006-01-01 -> 2020-12-31
Threshold quantile: 0.9
Min spell length  : 2
Min valid days    : 10
Min valid years   : 1
Data output dir   : /srv/data/mohammad.elaabaribao/work/interns/y2026/temp/ds_temp_intern/temp/era5_mswt/postproc/results/unet_lr_1e4/metrics/wams/data/land
Plot output dir   : /srv/data/mohammad.elaabaribao/work/interns/y2026/temp/ds_temp_intern/temp/era5_mswt/postproc/results/unet_lr_1e4/metrics/wams/plots/land
Prediction units : Unit unknown -> no automatic conversion applied.
Observation units: Already in Celsius.
Aligned shape    : pred=(5479, 160, 180), obs=(5479, 160, 180)
Spatial evaluation domain: land
Valid spatial pixels      : 17616
Computation pixels        : 17616
Saved summary CSV: /srv/data/mohammad.elaabaribao/work/interns/y2026/temp/ds_temp_intern/temp/era5_mswt/postproc/results/unet_lr_1e4/metrics/wams/data/land/wams_summary.csv
Saved: /srv/data/mohammad.elaabaribao/work/interns/y2026/temp/ds_temp_intern/temp/era5_mswt/postproc/results/unet_lr_1e4/metrics/wams/data/land/wams_annual_mean_period.nc
  bWAMS mean=0.3394, min=-8.0000, max=7.0000

WAMS products saved successfully.
[WAMS] plot
Using device: cpu
=== Temperature WAMS plotting ===
Spatial domain  : land
Display domain  : land
Metric config   : /srv/data/mohammad.elaabaribao/work/interns/y2026/temp/ds_temp_intern/temp/era5_mswt/postproc/extreme/wams/config.yaml
Main config     : /srv/data/mohammad.elaabaribao/work/interns/y2026/temp/ds_temp_intern/temp/era5_mswt/main/configs/unet/unet_lr_1e4.yaml
Input data dir  : /srv/data/mohammad.elaabaribao/work/interns/y2026/temp/ds_temp_intern/temp/era5_mswt/postproc/results/unet_lr_1e4/metrics/wams/data/land
Output plot dir : /srv/data/mohammad.elaabaribao/work/interns/y2026/temp/ds_temp_intern/temp/era5_mswt/postproc/results/unet_lr_1e4/metrics/wams/plots/land
[STEP] Loading WAMS fields
[STEP] Plotting annual WAMS comparison
[STEP] Plotting annual bWAMS map
[STEP] Plotting annual bWAMS boxplot
[SUCCESS] WAMS figures saved to: /srv/data/mohammad.elaabaribao/work/interns/y2026/temp/ds_temp_intern/temp/era5_mswt/postproc/results/unet_lr_1e4/metrics/wams/plots/land
[WAMS] done

========== TEMPORAL METRICS ==========

--------------------------------------
[AC1]
Config: era5_mswt/postproc/temporal/ac1/config.yaml
--------------------------------------
[AC1] compute
Using device: cpu
=== Temperature AC1 postprocessing ===
Spatial domain   : land
Save mask        : True
Metric config   : /srv/data/mohammad.elaabaribao/work/interns/y2026/temp/ds_temp_intern/temp/era5_mswt/postproc/temporal/ac1/config.yaml
Main config     : /srv/data/mohammad.elaabaribao/work/interns/y2026/temp/ds_temp_intern/temp/era5_mswt/main/configs/unet/unet_lr_1e4.yaml
Experiment root : /srv/data/mohammad.elaabaribao/work/interns/y2026/temp/ds_temp_intern/temp/era5_mswt/results/unet_lr_1e4
Prediction file : /srv/data/mohammad.elaabaribao/work/interns/y2026/temp/ds_temp_intern/temp/era5_mswt/results/unet_lr_1e4/output_data/unet1_predictions_mswt.nc
Observation file: /home/mohammad.elaabaribao/lustre/climat-um6p-st-iwri-7ksifkvwkuy/users/mohammad.elaabaribao/data/obs/mswep/mswt_1979_2020.nc
Time window     : 2006-01-01 -> 2020-12-31
Min valid pairs : 10
Data output dir : /srv/data/mohammad.elaabaribao/work/interns/y2026/temp/ds_temp_intern/temp/era5_mswt/postproc/results/unet_lr_1e4/metrics/ac1/data/land
Plot output dir : /srv/data/mohammad.elaabaribao/work/interns/y2026/temp/ds_temp_intern/temp/era5_mswt/postproc/results/unet_lr_1e4/metrics/ac1/plots/land
Prediction units : Unit unknown -> no automatic conversion applied.
Observation units: Already in Celsius.
Aligned shape    : pred=(5479, 160, 180), obs=(5479, 160, 180)
Spatial evaluation domain: land
Valid spatial pixels      : 17616
Computation pixels        : 17616
Saved summary CSV: /srv/data/mohammad.elaabaribao/work/interns/y2026/temp/ds_temp_intern/temp/era5_mswt/postproc/results/unet_lr_1e4/metrics/ac1/data/land/ac1_summary.csv
Saved: /srv/data/mohammad.elaabaribao/work/interns/y2026/temp/ds_temp_intern/temp/era5_mswt/postproc/results/unet_lr_1e4/metrics/ac1/data/land/ac1_annual_mean_period.nc
  bAC1 mean=0.0014, min=-0.0391, max=0.0455

AC1 products saved successfully.
[AC1] plot
Using device: cpu
=== Temperature AC1 plotting ===
Spatial domain  : land
Display domain  : land
Metric config   : /srv/data/mohammad.elaabaribao/work/interns/y2026/temp/ds_temp_intern/temp/era5_mswt/postproc/temporal/ac1/config.yaml
Main config     : /srv/data/mohammad.elaabaribao/work/interns/y2026/temp/ds_temp_intern/temp/era5_mswt/main/configs/unet/unet_lr_1e4.yaml
Input data dir  : /srv/data/mohammad.elaabaribao/work/interns/y2026/temp/ds_temp_intern/temp/era5_mswt/postproc/results/unet_lr_1e4/metrics/ac1/data/land
Output plot dir : /srv/data/mohammad.elaabaribao/work/interns/y2026/temp/ds_temp_intern/temp/era5_mswt/postproc/results/unet_lr_1e4/metrics/ac1/plots/land
[STEP] Loading AC1 fields
[STEP] Plotting annual AC1 comparison
[STEP] Plotting annual bAC1 map
[STEP] Plotting annual bAC1 boxplot
[SUCCESS] AC1 figures saved to: /srv/data/mohammad.elaabaribao/work/interns/y2026/temp/ds_temp_intern/temp/era5_mswt/postproc/results/unet_lr_1e4/metrics/ac1/plots/land
[AC1] done

--------------------------------------
[RSTD]
Config: era5_mswt/postproc/temporal/rstd/config.yaml
--------------------------------------
[RSTD] compute
Using device: cpu
=== Temperature RSTD postprocessing ===
Spatial domain   : land
Save mask        : True
Metric config   : /srv/data/mohammad.elaabaribao/work/interns/y2026/temp/ds_temp_intern/temp/era5_mswt/postproc/temporal/rstd/config.yaml
Main config     : /srv/data/mohammad.elaabaribao/work/interns/y2026/temp/ds_temp_intern/temp/era5_mswt/main/configs/unet/unet_lr_1e4.yaml
Experiment root : /srv/data/mohammad.elaabaribao/work/interns/y2026/temp/ds_temp_intern/temp/era5_mswt/results/unet_lr_1e4
Prediction file : /srv/data/mohammad.elaabaribao/work/interns/y2026/temp/ds_temp_intern/temp/era5_mswt/results/unet_lr_1e4/output_data/unet1_predictions_mswt.nc
Observation file: /home/mohammad.elaabaribao/lustre/climat-um6p-st-iwri-7ksifkvwkuy/users/mohammad.elaabaribao/data/obs/mswep/mswt_1979_2020.nc
Time window     : 2006-01-01 -> 2020-12-31
Window          : 31
Min valid       : 10
Data output dir : /srv/data/mohammad.elaabaribao/work/interns/y2026/temp/ds_temp_intern/temp/era5_mswt/postproc/results/unet_lr_1e4/metrics/rstd/data/land
Plot output dir : /srv/data/mohammad.elaabaribao/work/interns/y2026/temp/ds_temp_intern/temp/era5_mswt/postproc/results/unet_lr_1e4/metrics/rstd/plots/land
Prediction units : Unit unknown -> no automatic conversion applied.
Observation units: Already in Celsius.
Aligned shape    : pred=(5479, 160, 180), obs=(5479, 160, 180)
Spatial evaluation domain: land
Valid spatial pixels      : 17616
Computation pixels        : 17616
Saved summary CSV: /srv/data/mohammad.elaabaribao/work/interns/y2026/temp/ds_temp_intern/temp/era5_mswt/postproc/results/unet_lr_1e4/metrics/rstd/data/land/rstd_summary.csv
Saved: /srv/data/mohammad.elaabaribao/work/interns/y2026/temp/ds_temp_intern/temp/era5_mswt/postproc/results/unet_lr_1e4/metrics/rstd/data/land/rstd_annual_mean_period.nc
  RSTD mean=0.9799, min=0.4129, max=1.4372

RSTD products saved successfully.
[RSTD] plot
/srv/data/mohammad.elaabaribao/work/interns/y2026/temp/ds_temp_intern/temp/era5_mswt/postproc/temporal/rstd/plot.py:355: MatplotlibDeprecationWarning: The 'labels' parameter of boxplot() has been renamed 'tick_labels' since Matplotlib 3.9; support for the old name will be dropped in 3.11.
  ax.boxplot(
Using device: cpu
=== Temperature RSTD plotting ===
Spatial domain  : land
Display domain  : land
Metric config   : /srv/data/mohammad.elaabaribao/work/interns/y2026/temp/ds_temp_intern/temp/era5_mswt/postproc/temporal/rstd/config.yaml
Main config     : /srv/data/mohammad.elaabaribao/work/interns/y2026/temp/ds_temp_intern/temp/era5_mswt/main/configs/unet/unet_lr_1e4.yaml
Input data dir  : /srv/data/mohammad.elaabaribao/work/interns/y2026/temp/ds_temp_intern/temp/era5_mswt/postproc/results/unet_lr_1e4/metrics/rstd/data/land
Output plot dir : /srv/data/mohammad.elaabaribao/work/interns/y2026/temp/ds_temp_intern/temp/era5_mswt/postproc/results/unet_lr_1e4/metrics/rstd/plots/land
[STEP] Loading RSTD fields
[STEP] Plotting annual standard deviation comparison
[STEP] Plotting annual RSTD map
[STEP] Plotting annual RSTD boxplot
[SUCCESS] RSTD figures saved to: /srv/data/mohammad.elaabaribao/work/interns/y2026/temp/ds_temp_intern/temp/era5_mswt/postproc/results/unet_lr_1e4/metrics/rstd/plots/land
[RSTD] done

======================================
 Postprocessing finished successfully
======================================
======================================
 Running postprocessing metrics
======================================
[INFO] Current directory:
/srv/data/mohammad.elaabaribao/work/interns/y2026/temp/ds_temp_intern/temp

[INFO] Selected config : config.yaml
[INFO] Selected group  : all


========== MEAN METRICS ==========

--------------------------------------
[BIAS]
Config: era5_mswt/postproc/mean/bias/config.yaml
--------------------------------------
[BIAS] compute
Using device: cpu
=== Temperature bias postprocessing ===
Spatial domain   : land
Save mask        : True
Metric config   : /srv/data/mohammad.elaabaribao/work/interns/y2026/temp/ds_temp_intern/temp/era5_mswt/postproc/mean/bias/config.yaml
Main config     : /srv/data/mohammad.elaabaribao/work/interns/y2026/temp/ds_temp_intern/temp/era5_mswt/main/configs/unet/unet_bs_64.yaml
Experiment root : /srv/data/mohammad.elaabaribao/work/interns/y2026/temp/ds_temp_intern/temp/era5_mswt/results/unet_bs_64
Prediction file : /srv/data/mohammad.elaabaribao/work/interns/y2026/temp/ds_temp_intern/temp/era5_mswt/results/unet_bs_64/output_data/unet1_predictions_mswt.nc
Observation file: /home/mohammad.elaabaribao/lustre/climat-um6p-st-iwri-7ksifkvwkuy/users/mohammad.elaabaribao/data/obs/mswep/mswt_1979_2020.nc
Time window     : 2006-01-01 -> 2020-12-31
Strategy        : daily_first
Return by year  : False
Min valid       : 10
Seasons         : ['Annual', 'DJF', 'MAM', 'JJA', 'SON']
Data output dir : /srv/data/mohammad.elaabaribao/work/interns/y2026/temp/ds_temp_intern/temp/era5_mswt/postproc/results/unet_bs_64/metrics/bias/data/land
Plot output dir : /srv/data/mohammad.elaabaribao/work/interns/y2026/temp/ds_temp_intern/temp/era5_mswt/postproc/results/unet_bs_64/metrics/bias/plots/land
Prediction units : Unit unknown -> no automatic conversion applied.
Observation units: Already in Celsius.
Aligned shape: pred=(5479, 160, 180), obs=(5479, 160, 180)
Spatial evaluation domain: land
Valid spatial pixels      : 17616
Computation pixels        : 17616

--- Computing bias for Annual ---
Saved NetCDF: /srv/data/mohammad.elaabaribao/work/interns/y2026/temp/ds_temp_intern/temp/era5_mswt/postproc/results/unet_bs_64/metrics/bias/data/land/bias_annual_daily_first_mean_period.nc
  mean=-0.2749, min=-4.1311, max=4.3369, std=0.5995

--- Computing bias for DJF ---
Saved NetCDF: /srv/data/mohammad.elaabaribao/work/interns/y2026/temp/ds_temp_intern/temp/era5_mswt/postproc/results/unet_bs_64/metrics/bias/data/land/bias_djf_daily_first_mean_period.nc
  mean=-0.0924, min=-4.2957, max=6.4427, std=0.6373

--- Computing bias for MAM ---
Saved NetCDF: /srv/data/mohammad.elaabaribao/work/interns/y2026/temp/ds_temp_intern/temp/era5_mswt/postproc/results/unet_bs_64/metrics/bias/data/land/bias_mam_daily_first_mean_period.nc
  mean=-0.3545, min=-4.5325, max=4.1671, std=0.6521

--- Computing bias for JJA ---
Saved NetCDF: /srv/data/mohammad.elaabaribao/work/interns/y2026/temp/ds_temp_intern/temp/era5_mswt/postproc/results/unet_bs_64/metrics/bias/data/land/bias_jja_daily_first_mean_period.nc
  mean=-0.4777, min=-4.0733, max=3.6348, std=0.6207

--- Computing bias for SON ---
Saved NetCDF: /srv/data/mohammad.elaabaribao/work/interns/y2026/temp/ds_temp_intern/temp/era5_mswt/postproc/results/unet_bs_64/metrics/bias/data/land/bias_son_daily_first_mean_period.nc
  mean=-0.1858, min=-4.4971, max=4.6541, std=0.6282

Saved summary CSV: /srv/data/mohammad.elaabaribao/work/interns/y2026/temp/ds_temp_intern/temp/era5_mswt/postproc/results/unet_bs_64/metrics/bias/data/land/bias_summary_daily_first.csv

All bias products saved successfully.
[BIAS] plot
Using device: cpu
=== Temperature bias plotting ===
Spatial domain  : land
Display domain  : land
Metric config   : /srv/data/mohammad.elaabaribao/work/interns/y2026/temp/ds_temp_intern/temp/era5_mswt/postproc/mean/bias/config.yaml
Main config     : /srv/data/mohammad.elaabaribao/work/interns/y2026/temp/ds_temp_intern/temp/era5_mswt/main/configs/unet/unet_bs_64.yaml
Input data dir  : /srv/data/mohammad.elaabaribao/work/interns/y2026/temp/ds_temp_intern/temp/era5_mswt/postproc/results/unet_bs_64/metrics/bias/data/land
Output plot dir : /srv/data/mohammad.elaabaribao/work/interns/y2026/temp/ds_temp_intern/temp/era5_mswt/postproc/results/unet_bs_64/metrics/bias/plots/land
Strategy        : daily_first
Return by year  : False
[STEP] Plotting annual bias map
[STEP] Plotting DJF bias map
[STEP] Plotting MAM bias map
[STEP] Plotting JJA bias map
[STEP] Plotting SON bias map
[STEP] Plotting grouped seasonal bias panel
[STEP] Plotting seasonal bias boxplot
[STEP] Plotting annual bias boxplot
[SUCCESS] Bias figures saved to: /srv/data/mohammad.elaabaribao/work/interns/y2026/temp/ds_temp_intern/temp/era5_mswt/postproc/results/unet_bs_64/metrics/bias/plots/land
[BIAS] done

--------------------------------------
[RMSE]
Config: era5_mswt/postproc/mean/rmse/config.yaml
--------------------------------------
[RMSE] compute
Using device: cpu
=== Temperature RMSE postprocessing ===
Spatial domain   : land
Save mask        : True
Metric config   : /srv/data/mohammad.elaabaribao/work/interns/y2026/temp/ds_temp_intern/temp/era5_mswt/postproc/mean/rmse/config.yaml
Main config     : /srv/data/mohammad.elaabaribao/work/interns/y2026/temp/ds_temp_intern/temp/era5_mswt/main/configs/unet/unet_bs_64.yaml
Experiment root : /srv/data/mohammad.elaabaribao/work/interns/y2026/temp/ds_temp_intern/temp/era5_mswt/results/unet_bs_64
Prediction file : /srv/data/mohammad.elaabaribao/work/interns/y2026/temp/ds_temp_intern/temp/era5_mswt/results/unet_bs_64/output_data/unet1_predictions_mswt.nc
Observation file: /home/mohammad.elaabaribao/lustre/climat-um6p-st-iwri-7ksifkvwkuy/users/mohammad.elaabaribao/data/obs/mswep/mswt_1979_2020.nc
Time window     : 2006-01-01 -> 2020-12-31
Strategy        : daily_first
Return by year  : False
Min valid       : 10
Seasons         : ['Annual', 'DJF', 'MAM', 'JJA', 'SON']
Data output dir : /srv/data/mohammad.elaabaribao/work/interns/y2026/temp/ds_temp_intern/temp/era5_mswt/postproc/results/unet_bs_64/metrics/rmse/data/land
Plot output dir : /srv/data/mohammad.elaabaribao/work/interns/y2026/temp/ds_temp_intern/temp/era5_mswt/postproc/results/unet_bs_64/metrics/rmse/plots/land
Prediction units : Unit unknown -> no automatic conversion applied.
Observation units: Already in Celsius.
Aligned shape: pred=(5479, 160, 180), obs=(5479, 160, 180)
Spatial evaluation domain: land
Valid spatial pixels      : 17616
Computation pixels        : 17616

--- Computing RMSE for Annual ---
Saved NetCDF: /srv/data/mohammad.elaabaribao/work/interns/y2026/temp/ds_temp_intern/temp/era5_mswt/postproc/results/unet_bs_64/metrics/rmse/data/land/rmse_annual_daily_first_mean_period.nc
  mean=1.2230, min=0.6511, max=4.6690, std=0.3759

--- Computing RMSE for DJF ---
Saved NetCDF: /srv/data/mohammad.elaabaribao/work/interns/y2026/temp/ds_temp_intern/temp/era5_mswt/postproc/results/unet_bs_64/metrics/rmse/data/land/rmse_djf_daily_first_mean_period.nc
  mean=1.2688, min=0.6015, max=6.4753, std=0.3907

--- Computing RMSE for MAM ---
Saved NetCDF: /srv/data/mohammad.elaabaribao/work/interns/y2026/temp/ds_temp_intern/temp/era5_mswt/postproc/results/unet_bs_64/metrics/rmse/data/land/rmse_mam_daily_first_mean_period.nc
  mean=1.2022, min=0.6393, max=4.7205, std=0.4233

--- Computing RMSE for JJA ---
Saved NetCDF: /srv/data/mohammad.elaabaribao/work/interns/y2026/temp/ds_temp_intern/temp/era5_mswt/postproc/results/unet_bs_64/metrics/rmse/data/land/rmse_jja_daily_first_mean_period.nc
  mean=1.1921, min=0.6258, max=4.2170, std=0.3875

--- Computing RMSE for SON ---
Saved NetCDF: /srv/data/mohammad.elaabaribao/work/interns/y2026/temp/ds_temp_intern/temp/era5_mswt/postproc/results/unet_bs_64/metrics/rmse/data/land/rmse_son_daily_first_mean_period.nc
  mean=1.1797, min=0.6089, max=4.8604, std=0.3681

Saved summary CSV: /srv/data/mohammad.elaabaribao/work/interns/y2026/temp/ds_temp_intern/temp/era5_mswt/postproc/results/unet_bs_64/metrics/rmse/data/land/rmse_summary_daily_first.csv

All RMSE products saved successfully.
[RMSE] plot
Using device: cpu
=== Temperature RMSE plotting ===
Spatial domain  : land
Display domain  : land
Metric config   : /srv/data/mohammad.elaabaribao/work/interns/y2026/temp/ds_temp_intern/temp/era5_mswt/postproc/mean/rmse/config.yaml
Main config     : /srv/data/mohammad.elaabaribao/work/interns/y2026/temp/ds_temp_intern/temp/era5_mswt/main/configs/unet/unet_bs_64.yaml
Input data dir  : /srv/data/mohammad.elaabaribao/work/interns/y2026/temp/ds_temp_intern/temp/era5_mswt/postproc/results/unet_bs_64/metrics/rmse/data/land
Output plot dir : /srv/data/mohammad.elaabaribao/work/interns/y2026/temp/ds_temp_intern/temp/era5_mswt/postproc/results/unet_bs_64/metrics/rmse/plots/land
Strategy        : daily_first
Return by year  : False
[STEP] Plotting annual RMSE map
[STEP] Plotting DJF RMSE map
[STEP] Plotting MAM RMSE map
[STEP] Plotting JJA RMSE map
[STEP] Plotting SON RMSE map
[STEP] Plotting grouped seasonal RMSE panel
[STEP] Plotting seasonal RMSE boxplot
[STEP] Plotting annual RMSE boxplot
[SUCCESS] RMSE figures saved to: /srv/data/mohammad.elaabaribao/work/interns/y2026/temp/ds_temp_intern/temp/era5_mswt/postproc/results/unet_bs_64/metrics/rmse/plots/land
[RMSE] done

--------------------------------------
[CORRELATION]
Config: era5_mswt/postproc/mean/correlation/config.yaml
--------------------------------------
[CORRELATION] compute
Using device: cpu
=== Temperature correlation postprocessing ===
Spatial domain   : land
Save mask        : True
Metric config   : /srv/data/mohammad.elaabaribao/work/interns/y2026/temp/ds_temp_intern/temp/era5_mswt/postproc/mean/correlation/config.yaml
Main config     : /srv/data/mohammad.elaabaribao/work/interns/y2026/temp/ds_temp_intern/temp/era5_mswt/main/configs/unet/unet_bs_64.yaml
Experiment root : /srv/data/mohammad.elaabaribao/work/interns/y2026/temp/ds_temp_intern/temp/era5_mswt/results/unet_bs_64
Prediction file : /srv/data/mohammad.elaabaribao/work/interns/y2026/temp/ds_temp_intern/temp/era5_mswt/results/unet_bs_64/output_data/unet1_predictions_mswt.nc
Observation file: /home/mohammad.elaabaribao/lustre/climat-um6p-st-iwri-7ksifkvwkuy/users/mohammad.elaabaribao/data/obs/mswep/mswt_1979_2020.nc
Time window     : 2006-01-01 -> 2020-12-31
Window (CORR D) : 31
Min valid       : 10
Seasons         : ['Annual', 'DJF', 'MAM', 'JJA', 'SON']
corr_d data dir : /srv/data/mohammad.elaabaribao/work/interns/y2026/temp/ds_temp_intern/temp/era5_mswt/postproc/results/unet_bs_64/metrics/corr_d/data/land
corr_d plot dir : /srv/data/mohammad.elaabaribao/work/interns/y2026/temp/ds_temp_intern/temp/era5_mswt/postproc/results/unet_bs_64/metrics/corr_d/plots/land
Prediction units : Unit unknown -> no automatic conversion applied.
Observation units: Already in Celsius.
Aligned shape    : pred=(5479, 160, 180), obs=(5479, 160, 180)
Spatial evaluation domain: land
Valid spatial pixels      : 17616
Computation pixels        : 17616

--- Computing correlations for Annual ---
Saved: /srv/data/mohammad.elaabaribao/work/interns/y2026/temp/ds_temp_intern/temp/era5_mswt/postproc/results/unet_bs_64/metrics/corr_d/data/land/corr_d_annual_mean_period.nc
  CORR D mean=0.9154, min=0.6137, max=0.9608

--- Computing correlations for DJF ---
Saved: /srv/data/mohammad.elaabaribao/work/interns/y2026/temp/ds_temp_intern/temp/era5_mswt/postproc/results/unet_bs_64/metrics/corr_d/data/land/corr_d_djf_mean_period.nc
  CORR D mean=0.8941, min=0.5989, max=0.9403

--- Computing correlations for MAM ---
Saved: /srv/data/mohammad.elaabaribao/work/interns/y2026/temp/ds_temp_intern/temp/era5_mswt/postproc/results/unet_bs_64/metrics/corr_d/data/land/corr_d_mam_mean_period.nc
  CORR D mean=0.9447, min=0.6194, max=0.9777

--- Computing correlations for JJA ---
Saved: /srv/data/mohammad.elaabaribao/work/interns/y2026/temp/ds_temp_intern/temp/era5_mswt/postproc/results/unet_bs_64/metrics/corr_d/data/land/corr_d_jja_mean_period.nc
  CORR D mean=0.8842, min=0.4509, max=0.9765

--- Computing correlations for SON ---
Saved: /srv/data/mohammad.elaabaribao/work/interns/y2026/temp/ds_temp_intern/temp/era5_mswt/postproc/results/unet_bs_64/metrics/corr_d/data/land/corr_d_son_mean_period.nc
  CORR D mean=0.9071, min=0.6427, max=0.9537

Saved summary CSV: /srv/data/mohammad.elaabaribao/work/interns/y2026/temp/ds_temp_intern/temp/era5_mswt/postproc/results/unet_bs_64/metrics/corr_d/data/land/corr_d_summary.csv

All correlation products saved successfully.
[CORRELATION] plot
Using device: cpu
=== Temperature correlation plotting ===
Spatial domain  : land
Display domain  : land
Metric config   : /srv/data/mohammad.elaabaribao/work/interns/y2026/temp/ds_temp_intern/temp/era5_mswt/postproc/mean/correlation/config.yaml
Main config     : /srv/data/mohammad.elaabaribao/work/interns/y2026/temp/ds_temp_intern/temp/era5_mswt/main/configs/unet/unet_bs_64.yaml
Experiment root : /srv/data/mohammad.elaabaribao/work/interns/y2026/temp/ds_temp_intern/temp/era5_mswt/results/unet_bs_64
Selected seasons: ['Annual', 'DJF', 'MAM', 'JJA', 'SON']

=== Plotting corr_d ===
Spatial domain  : land
Display domain  : land
Input data dir  : /srv/data/mohammad.elaabaribao/work/interns/y2026/temp/ds_temp_intern/temp/era5_mswt/postproc/results/unet_bs_64/metrics/corr_d/data/land
Output plot dir : /srv/data/mohammad.elaabaribao/work/interns/y2026/temp/ds_temp_intern/temp/era5_mswt/postproc/results/unet_bs_64/metrics/corr_d/plots/land
[STEP] Plotting annual corr_d map
[STEP] Plotting DJF corr_d map
[STEP] Plotting MAM corr_d map
[STEP] Plotting JJA corr_d map
[STEP] Plotting SON corr_d map
[STEP] Plotting seasonal corr_d panel
[STEP] Plotting seasonal corr_d boxplot
[STEP] Plotting annual corr_d boxplot
[SUCCESS] corr_d figures saved to: /srv/data/mohammad.elaabaribao/work/interns/y2026/temp/ds_temp_intern/temp/era5_mswt/postproc/results/unet_bs_64/metrics/corr_d/plots/land

All correlation figures saved successfully.
[CORRELATION] done

========== EXTREME METRICS ==========

--------------------------------------
[B02]
Config: era5_mswt/postproc/extreme/b02/config.yaml
--------------------------------------
[B02] compute
Using device: cpu
=== Temperature B-02 postprocessing ===
Spatial domain   : land
Save mask        : True
Metric config   : /srv/data/mohammad.elaabaribao/work/interns/y2026/temp/ds_temp_intern/temp/era5_mswt/postproc/extreme/b02/config.yaml
Main config     : /srv/data/mohammad.elaabaribao/work/interns/y2026/temp/ds_temp_intern/temp/era5_mswt/main/configs/unet/unet_bs_64.yaml
Experiment root : /srv/data/mohammad.elaabaribao/work/interns/y2026/temp/ds_temp_intern/temp/era5_mswt/results/unet_bs_64
Prediction file : /srv/data/mohammad.elaabaribao/work/interns/y2026/temp/ds_temp_intern/temp/era5_mswt/results/unet_bs_64/output_data/unet1_predictions_mswt.nc
Observation file: /home/mohammad.elaabaribao/lustre/climat-um6p-st-iwri-7ksifkvwkuy/users/mohammad.elaabaribao/data/obs/mswep/mswt_1979_2020.nc
Time window     : 2006-01-01 -> 2020-12-31
Quantile        : 0.02
Min valid       : 10
Seasons         : ['Annual', 'DJF', 'MAM', 'JJA', 'SON']
Data output dir : /srv/data/mohammad.elaabaribao/work/interns/y2026/temp/ds_temp_intern/temp/era5_mswt/postproc/results/unet_bs_64/metrics/b02/data/land
Plot output dir : /srv/data/mohammad.elaabaribao/work/interns/y2026/temp/ds_temp_intern/temp/era5_mswt/postproc/results/unet_bs_64/metrics/b02/plots/land
Prediction units : Unit unknown -> no automatic conversion applied.
Observation units: Already in Celsius.
Aligned shape    : pred=(5479, 160, 180), obs=(5479, 160, 180)
Spatial evaluation domain: land
Valid spatial pixels      : 17616
Computation pixels        : 17616

--- Computing B-02 for Annual ---
Saved: /srv/data/mohammad.elaabaribao/work/interns/y2026/temp/ds_temp_intern/temp/era5_mswt/postproc/results/unet_bs_64/metrics/b02/data/land/b02_annual_mean_period.nc
  mean=-0.0160, min=-4.5739, max=8.7875

--- Computing B-02 for DJF ---
Saved: /srv/data/mohammad.elaabaribao/work/interns/y2026/temp/ds_temp_intern/temp/era5_mswt/postproc/results/unet_bs_64/metrics/b02/data/land/b02_djf_mean_period.nc
  mean=0.2912, min=-4.2293, max=11.1398

--- Computing B-02 for MAM ---
Saved: /srv/data/mohammad.elaabaribao/work/interns/y2026/temp/ds_temp_intern/temp/era5_mswt/postproc/results/unet_bs_64/metrics/b02/data/land/b02_mam_mean_period.nc
  mean=-0.4904, min=-5.3949, max=5.9502

--- Computing B-02 for JJA ---
Saved: /srv/data/mohammad.elaabaribao/work/interns/y2026/temp/ds_temp_intern/temp/era5_mswt/postproc/results/unet_bs_64/metrics/b02/data/land/b02_jja_mean_period.nc
  mean=-0.1910, min=-4.7910, max=4.3992

--- Computing B-02 for SON ---
Saved: /srv/data/mohammad.elaabaribao/work/interns/y2026/temp/ds_temp_intern/temp/era5_mswt/postproc/results/unet_bs_64/metrics/b02/data/land/b02_son_mean_period.nc
  mean=-0.4338, min=-4.3078, max=7.2413

Saved summary CSV: /srv/data/mohammad.elaabaribao/work/interns/y2026/temp/ds_temp_intern/temp/era5_mswt/postproc/results/unet_bs_64/metrics/b02/data/land/b02_summary.csv

All B-02 products saved successfully.
[B02] plot
Using device: cpu
=== Temperature B-02 plotting ===
Spatial domain  : land
Display domain  : land
Metric config   : /srv/data/mohammad.elaabaribao/work/interns/y2026/temp/ds_temp_intern/temp/era5_mswt/postproc/extreme/b02/config.yaml
Main config     : /srv/data/mohammad.elaabaribao/work/interns/y2026/temp/ds_temp_intern/temp/era5_mswt/main/configs/unet/unet_bs_64.yaml
Input data dir  : /srv/data/mohammad.elaabaribao/work/interns/y2026/temp/ds_temp_intern/temp/era5_mswt/postproc/results/unet_bs_64/metrics/b02/data/land
Output plot dir : /srv/data/mohammad.elaabaribao/work/interns/y2026/temp/ds_temp_intern/temp/era5_mswt/postproc/results/unet_bs_64/metrics/b02/plots/land
[STEP] Plotting annual P02 comparison
[STEP] Plotting annual B-02 map
[STEP] Plotting DJF B-02 map
[STEP] Plotting MAM B-02 map
[STEP] Plotting JJA B-02 map
[STEP] Plotting SON B-02 map
[STEP] Plotting grouped seasonal B-02 panel
[STEP] Plotting seasonal B-02 boxplot
[STEP] Plotting annual B-02 boxplot
[SUCCESS] B-02 figures saved to: /srv/data/mohammad.elaabaribao/work/interns/y2026/temp/ds_temp_intern/temp/era5_mswt/postproc/results/unet_bs_64/metrics/b02/plots/land
[B02] done

--------------------------------------
[B98]
Config: era5_mswt/postproc/extreme/b98/config.yaml
--------------------------------------
[B98] compute
Using device: cpu
=== Temperature B-98 postprocessing ===
Spatial domain   : land
Save mask        : True
Metric config   : /srv/data/mohammad.elaabaribao/work/interns/y2026/temp/ds_temp_intern/temp/era5_mswt/postproc/extreme/b98/config.yaml
Main config     : /srv/data/mohammad.elaabaribao/work/interns/y2026/temp/ds_temp_intern/temp/era5_mswt/main/configs/unet/unet_bs_64.yaml
Experiment root : /srv/data/mohammad.elaabaribao/work/interns/y2026/temp/ds_temp_intern/temp/era5_mswt/results/unet_bs_64
Prediction file : /srv/data/mohammad.elaabaribao/work/interns/y2026/temp/ds_temp_intern/temp/era5_mswt/results/unet_bs_64/output_data/unet1_predictions_mswt.nc
Observation file: /home/mohammad.elaabaribao/lustre/climat-um6p-st-iwri-7ksifkvwkuy/users/mohammad.elaabaribao/data/obs/mswep/mswt_1979_2020.nc
Time window     : 2006-01-01 -> 2020-12-31
Quantile        : 0.98
Min valid       : 10
Seasons         : ['Annual', 'DJF', 'MAM', 'JJA', 'SON']
Data output dir : /srv/data/mohammad.elaabaribao/work/interns/y2026/temp/ds_temp_intern/temp/era5_mswt/postproc/results/unet_bs_64/metrics/b98/data/land
Plot output dir : /srv/data/mohammad.elaabaribao/work/interns/y2026/temp/ds_temp_intern/temp/era5_mswt/postproc/results/unet_bs_64/metrics/b98/plots/land
Prediction units : Unit unknown -> no automatic conversion applied.
Observation units: Already in Celsius.
Aligned shape    : pred=(5479, 160, 180), obs=(5479, 160, 180)
Spatial evaluation domain: land
Valid spatial pixels      : 17616
Computation pixels        : 17616

--- Computing B-98 for Annual ---
Saved: /srv/data/mohammad.elaabaribao/work/interns/y2026/temp/ds_temp_intern/temp/era5_mswt/postproc/results/unet_bs_64/metrics/b98/data/land/b98_annual_mean_period.nc
  mean=-0.9632, min=-5.2345, max=4.0144

--- Computing B-98 for DJF ---
Saved: /srv/data/mohammad.elaabaribao/work/interns/y2026/temp/ds_temp_intern/temp/era5_mswt/postproc/results/unet_bs_64/metrics/b98/data/land/b98_djf_mean_period.nc
  mean=-0.2071, min=-4.3375, max=5.8264

--- Computing B-98 for MAM ---
Saved: /srv/data/mohammad.elaabaribao/work/interns/y2026/temp/ds_temp_intern/temp/era5_mswt/postproc/results/unet_bs_64/metrics/b98/data/land/b98_mam_mean_period.nc
  mean=-0.4619, min=-5.1950, max=4.5174

--- Computing B-98 for JJA ---
Saved: /srv/data/mohammad.elaabaribao/work/interns/y2026/temp/ds_temp_intern/temp/era5_mswt/postproc/results/unet_bs_64/metrics/b98/data/land/b98_jja_mean_period.nc
  mean=-1.3700, min=-7.6575, max=3.4880

--- Computing B-98 for SON ---
Saved: /srv/data/mohammad.elaabaribao/work/interns/y2026/temp/ds_temp_intern/temp/era5_mswt/postproc/results/unet_bs_64/metrics/b98/data/land/b98_son_mean_period.nc
  mean=-0.5080, min=-5.1608, max=4.3857

Saved summary CSV: /srv/data/mohammad.elaabaribao/work/interns/y2026/temp/ds_temp_intern/temp/era5_mswt/postproc/results/unet_bs_64/metrics/b98/data/land/b98_summary.csv

All B-98 products saved successfully.
[B98] plot
Using device: cpu
=== Temperature B-98 plotting ===
Spatial domain  : land
Display domain  : land
Metric config   : /srv/data/mohammad.elaabaribao/work/interns/y2026/temp/ds_temp_intern/temp/era5_mswt/postproc/extreme/b98/config.yaml
Main config     : /srv/data/mohammad.elaabaribao/work/interns/y2026/temp/ds_temp_intern/temp/era5_mswt/main/configs/unet/unet_bs_64.yaml
Input data dir  : /srv/data/mohammad.elaabaribao/work/interns/y2026/temp/ds_temp_intern/temp/era5_mswt/postproc/results/unet_bs_64/metrics/b98/data/land
Output plot dir : /srv/data/mohammad.elaabaribao/work/interns/y2026/temp/ds_temp_intern/temp/era5_mswt/postproc/results/unet_bs_64/metrics/b98/plots/land
[STEP] Plotting annual P98 comparison
[STEP] Plotting annual B-98 map
[STEP] Plotting DJF B-98 map
[STEP] Plotting MAM B-98 map
[STEP] Plotting JJA B-98 map
[STEP] Plotting SON B-98 map
[STEP] Plotting grouped seasonal B-98 panel
[STEP] Plotting seasonal B-98 boxplot
[STEP] Plotting annual B-98 boxplot
[SUCCESS] B-98 figures saved to: /srv/data/mohammad.elaabaribao/work/interns/y2026/temp/ds_temp_intern/temp/era5_mswt/postproc/results/unet_bs_64/metrics/b98/plots/land
[B98] done

--------------------------------------
[CAMS]
Config: era5_mswt/postproc/extreme/cams/config.yaml
--------------------------------------
[CAMS] compute
Using device: cpu
=== Temperature CAMS postprocessing ===
Spatial domain   : land
Save mask        : True
Metric config     : /srv/data/mohammad.elaabaribao/work/interns/y2026/temp/ds_temp_intern/temp/era5_mswt/postproc/extreme/cams/config.yaml
Main config       : /srv/data/mohammad.elaabaribao/work/interns/y2026/temp/ds_temp_intern/temp/era5_mswt/main/configs/unet/unet_bs_64.yaml
Experiment root   : /srv/data/mohammad.elaabaribao/work/interns/y2026/temp/ds_temp_intern/temp/era5_mswt/results/unet_bs_64
Prediction file   : /srv/data/mohammad.elaabaribao/work/interns/y2026/temp/ds_temp_intern/temp/era5_mswt/results/unet_bs_64/output_data/unet1_predictions_mswt.nc
Observation file  : /home/mohammad.elaabaribao/lustre/climat-um6p-st-iwri-7ksifkvwkuy/users/mohammad.elaabaribao/data/obs/mswep/mswt_1979_2020.nc
Time window       : 2006-01-01 -> 2020-12-31
Threshold quantile: 0.1
Min spell length  : 2
Min valid days    : 10
Min valid years   : 1
Data output dir   : /srv/data/mohammad.elaabaribao/work/interns/y2026/temp/ds_temp_intern/temp/era5_mswt/postproc/results/unet_bs_64/metrics/cams/data/land
Plot output dir   : /srv/data/mohammad.elaabaribao/work/interns/y2026/temp/ds_temp_intern/temp/era5_mswt/postproc/results/unet_bs_64/metrics/cams/plots/land
Prediction units : Unit unknown -> no automatic conversion applied.
Observation units: Already in Celsius.
Aligned shape    : pred=(5479, 160, 180), obs=(5479, 160, 180)
Spatial evaluation domain: land
Valid spatial pixels      : 17616
Computation pixels        : 17616
Saved summary CSV: /srv/data/mohammad.elaabaribao/work/interns/y2026/temp/ds_temp_intern/temp/era5_mswt/postproc/results/unet_bs_64/metrics/cams/data/land/cams_summary.csv
Saved: /srv/data/mohammad.elaabaribao/work/interns/y2026/temp/ds_temp_intern/temp/era5_mswt/postproc/results/unet_bs_64/metrics/cams/data/land/cams_annual_mean_period.nc
  bCAMS mean=-0.1546, min=-7.0000, max=6.0000

CAMS products saved successfully.
[CAMS] plot
Using device: cpu
=== Temperature CAMS plotting ===
Spatial domain  : land
Display domain  : land
Metric config   : /srv/data/mohammad.elaabaribao/work/interns/y2026/temp/ds_temp_intern/temp/era5_mswt/postproc/extreme/cams/config.yaml
Main config     : /srv/data/mohammad.elaabaribao/work/interns/y2026/temp/ds_temp_intern/temp/era5_mswt/main/configs/unet/unet_bs_64.yaml
Input data dir  : /srv/data/mohammad.elaabaribao/work/interns/y2026/temp/ds_temp_intern/temp/era5_mswt/postproc/results/unet_bs_64/metrics/cams/data/land
Output plot dir : /srv/data/mohammad.elaabaribao/work/interns/y2026/temp/ds_temp_intern/temp/era5_mswt/postproc/results/unet_bs_64/metrics/cams/plots/land
[STEP] Loading CAMS fields
[STEP] Plotting annual CAMS comparison
[STEP] Plotting annual bCAMS map
[STEP] Plotting annual bCAMS boxplot
[SUCCESS] CAMS figures saved to: /srv/data/mohammad.elaabaribao/work/interns/y2026/temp/ds_temp_intern/temp/era5_mswt/postproc/results/unet_bs_64/metrics/cams/plots/land
[CAMS] done

--------------------------------------
[WAMS]
Config: era5_mswt/postproc/extreme/wams/config.yaml
--------------------------------------
[WAMS] compute
Using device: cpu
=== Temperature WAMS postprocessing ===
Spatial domain   : land
Save mask        : True
Metric config     : /srv/data/mohammad.elaabaribao/work/interns/y2026/temp/ds_temp_intern/temp/era5_mswt/postproc/extreme/wams/config.yaml
Main config       : /srv/data/mohammad.elaabaribao/work/interns/y2026/temp/ds_temp_intern/temp/era5_mswt/main/configs/unet/unet_bs_64.yaml
Experiment root   : /srv/data/mohammad.elaabaribao/work/interns/y2026/temp/ds_temp_intern/temp/era5_mswt/results/unet_bs_64
Prediction file   : /srv/data/mohammad.elaabaribao/work/interns/y2026/temp/ds_temp_intern/temp/era5_mswt/results/unet_bs_64/output_data/unet1_predictions_mswt.nc
Observation file  : /home/mohammad.elaabaribao/lustre/climat-um6p-st-iwri-7ksifkvwkuy/users/mohammad.elaabaribao/data/obs/mswep/mswt_1979_2020.nc
Time window       : 2006-01-01 -> 2020-12-31
Threshold quantile: 0.9
Min spell length  : 2
Min valid days    : 10
Min valid years   : 1
Data output dir   : /srv/data/mohammad.elaabaribao/work/interns/y2026/temp/ds_temp_intern/temp/era5_mswt/postproc/results/unet_bs_64/metrics/wams/data/land
Plot output dir   : /srv/data/mohammad.elaabaribao/work/interns/y2026/temp/ds_temp_intern/temp/era5_mswt/postproc/results/unet_bs_64/metrics/wams/plots/land
Prediction units : Unit unknown -> no automatic conversion applied.
Observation units: Already in Celsius.
Aligned shape    : pred=(5479, 160, 180), obs=(5479, 160, 180)
Spatial evaluation domain: land
Valid spatial pixels      : 17616
Computation pixels        : 17616
Saved summary CSV: /srv/data/mohammad.elaabaribao/work/interns/y2026/temp/ds_temp_intern/temp/era5_mswt/postproc/results/unet_bs_64/metrics/wams/data/land/wams_summary.csv
Saved: /srv/data/mohammad.elaabaribao/work/interns/y2026/temp/ds_temp_intern/temp/era5_mswt/postproc/results/unet_bs_64/metrics/wams/data/land/wams_annual_mean_period.nc
  bWAMS mean=0.1064, min=-8.0000, max=6.0000

WAMS products saved successfully.
[WAMS] plot
Using device: cpu
=== Temperature WAMS plotting ===
Spatial domain  : land
Display domain  : land
Metric config   : /srv/data/mohammad.elaabaribao/work/interns/y2026/temp/ds_temp_intern/temp/era5_mswt/postproc/extreme/wams/config.yaml
Main config     : /srv/data/mohammad.elaabaribao/work/interns/y2026/temp/ds_temp_intern/temp/era5_mswt/main/configs/unet/unet_bs_64.yaml
Input data dir  : /srv/data/mohammad.elaabaribao/work/interns/y2026/temp/ds_temp_intern/temp/era5_mswt/postproc/results/unet_bs_64/metrics/wams/data/land
Output plot dir : /srv/data/mohammad.elaabaribao/work/interns/y2026/temp/ds_temp_intern/temp/era5_mswt/postproc/results/unet_bs_64/metrics/wams/plots/land
[STEP] Loading WAMS fields
[STEP] Plotting annual WAMS comparison
[STEP] Plotting annual bWAMS map
[STEP] Plotting annual bWAMS boxplot
[SUCCESS] WAMS figures saved to: /srv/data/mohammad.elaabaribao/work/interns/y2026/temp/ds_temp_intern/temp/era5_mswt/postproc/results/unet_bs_64/metrics/wams/plots/land
[WAMS] done

========== TEMPORAL METRICS ==========

--------------------------------------
[AC1]
Config: era5_mswt/postproc/temporal/ac1/config.yaml
--------------------------------------
[AC1] compute
Using device: cpu
=== Temperature AC1 postprocessing ===
Spatial domain   : land
Save mask        : True
Metric config   : /srv/data/mohammad.elaabaribao/work/interns/y2026/temp/ds_temp_intern/temp/era5_mswt/postproc/temporal/ac1/config.yaml
Main config     : /srv/data/mohammad.elaabaribao/work/interns/y2026/temp/ds_temp_intern/temp/era5_mswt/main/configs/unet/unet_bs_64.yaml
Experiment root : /srv/data/mohammad.elaabaribao/work/interns/y2026/temp/ds_temp_intern/temp/era5_mswt/results/unet_bs_64
Prediction file : /srv/data/mohammad.elaabaribao/work/interns/y2026/temp/ds_temp_intern/temp/era5_mswt/results/unet_bs_64/output_data/unet1_predictions_mswt.nc
Observation file: /home/mohammad.elaabaribao/lustre/climat-um6p-st-iwri-7ksifkvwkuy/users/mohammad.elaabaribao/data/obs/mswep/mswt_1979_2020.nc
Time window     : 2006-01-01 -> 2020-12-31
Min valid pairs : 10
Data output dir : /srv/data/mohammad.elaabaribao/work/interns/y2026/temp/ds_temp_intern/temp/era5_mswt/postproc/results/unet_bs_64/metrics/ac1/data/land
Plot output dir : /srv/data/mohammad.elaabaribao/work/interns/y2026/temp/ds_temp_intern/temp/era5_mswt/postproc/results/unet_bs_64/metrics/ac1/plots/land
Prediction units : Unit unknown -> no automatic conversion applied.
Observation units: Already in Celsius.
Aligned shape    : pred=(5479, 160, 180), obs=(5479, 160, 180)
Spatial evaluation domain: land
Valid spatial pixels      : 17616
Computation pixels        : 17616
Saved summary CSV: /srv/data/mohammad.elaabaribao/work/interns/y2026/temp/ds_temp_intern/temp/era5_mswt/postproc/results/unet_bs_64/metrics/ac1/data/land/ac1_summary.csv
Saved: /srv/data/mohammad.elaabaribao/work/interns/y2026/temp/ds_temp_intern/temp/era5_mswt/postproc/results/unet_bs_64/metrics/ac1/data/land/ac1_annual_mean_period.nc
  bAC1 mean=0.0010, min=-0.0460, max=0.0462

AC1 products saved successfully.
[AC1] plot
Using device: cpu
=== Temperature AC1 plotting ===
Spatial domain  : land
Display domain  : land
Metric config   : /srv/data/mohammad.elaabaribao/work/interns/y2026/temp/ds_temp_intern/temp/era5_mswt/postproc/temporal/ac1/config.yaml
Main config     : /srv/data/mohammad.elaabaribao/work/interns/y2026/temp/ds_temp_intern/temp/era5_mswt/main/configs/unet/unet_bs_64.yaml
Input data dir  : /srv/data/mohammad.elaabaribao/work/interns/y2026/temp/ds_temp_intern/temp/era5_mswt/postproc/results/unet_bs_64/metrics/ac1/data/land
Output plot dir : /srv/data/mohammad.elaabaribao/work/interns/y2026/temp/ds_temp_intern/temp/era5_mswt/postproc/results/unet_bs_64/metrics/ac1/plots/land
[STEP] Loading AC1 fields
[STEP] Plotting annual AC1 comparison
[STEP] Plotting annual bAC1 map
[STEP] Plotting annual bAC1 boxplot
[SUCCESS] AC1 figures saved to: /srv/data/mohammad.elaabaribao/work/interns/y2026/temp/ds_temp_intern/temp/era5_mswt/postproc/results/unet_bs_64/metrics/ac1/plots/land
[AC1] done

--------------------------------------
[RSTD]
Config: era5_mswt/postproc/temporal/rstd/config.yaml
--------------------------------------
[RSTD] compute
Using device: cpu
=== Temperature RSTD postprocessing ===
Spatial domain   : land
Save mask        : True
Metric config   : /srv/data/mohammad.elaabaribao/work/interns/y2026/temp/ds_temp_intern/temp/era5_mswt/postproc/temporal/rstd/config.yaml
Main config     : /srv/data/mohammad.elaabaribao/work/interns/y2026/temp/ds_temp_intern/temp/era5_mswt/main/configs/unet/unet_bs_64.yaml
Experiment root : /srv/data/mohammad.elaabaribao/work/interns/y2026/temp/ds_temp_intern/temp/era5_mswt/results/unet_bs_64
Prediction file : /srv/data/mohammad.elaabaribao/work/interns/y2026/temp/ds_temp_intern/temp/era5_mswt/results/unet_bs_64/output_data/unet1_predictions_mswt.nc
Observation file: /home/mohammad.elaabaribao/lustre/climat-um6p-st-iwri-7ksifkvwkuy/users/mohammad.elaabaribao/data/obs/mswep/mswt_1979_2020.nc
Time window     : 2006-01-01 -> 2020-12-31
Window          : 31
Min valid       : 10
Data output dir : /srv/data/mohammad.elaabaribao/work/interns/y2026/temp/ds_temp_intern/temp/era5_mswt/postproc/results/unet_bs_64/metrics/rstd/data/land
Plot output dir : /srv/data/mohammad.elaabaribao/work/interns/y2026/temp/ds_temp_intern/temp/era5_mswt/postproc/results/unet_bs_64/metrics/rstd/plots/land
Prediction units : Unit unknown -> no automatic conversion applied.
Observation units: Already in Celsius.
Aligned shape    : pred=(5479, 160, 180), obs=(5479, 160, 180)
Spatial evaluation domain: land
Valid spatial pixels      : 17616
Computation pixels        : 17616
Saved summary CSV: /srv/data/mohammad.elaabaribao/work/interns/y2026/temp/ds_temp_intern/temp/era5_mswt/postproc/results/unet_bs_64/metrics/rstd/data/land/rstd_summary.csv
Saved: /srv/data/mohammad.elaabaribao/work/interns/y2026/temp/ds_temp_intern/temp/era5_mswt/postproc/results/unet_bs_64/metrics/rstd/data/land/rstd_annual_mean_period.nc
  RSTD mean=0.9689, min=0.4178, max=1.4920

RSTD products saved successfully.
[RSTD] plot
/srv/data/mohammad.elaabaribao/work/interns/y2026/temp/ds_temp_intern/temp/era5_mswt/postproc/temporal/rstd/plot.py:355: MatplotlibDeprecationWarning: The 'labels' parameter of boxplot() has been renamed 'tick_labels' since Matplotlib 3.9; support for the old name will be dropped in 3.11.
  ax.boxplot(
Using device: cpu
=== Temperature RSTD plotting ===
Spatial domain  : land
Display domain  : land
Metric config   : /srv/data/mohammad.elaabaribao/work/interns/y2026/temp/ds_temp_intern/temp/era5_mswt/postproc/temporal/rstd/config.yaml
Main config     : /srv/data/mohammad.elaabaribao/work/interns/y2026/temp/ds_temp_intern/temp/era5_mswt/main/configs/unet/unet_bs_64.yaml
Input data dir  : /srv/data/mohammad.elaabaribao/work/interns/y2026/temp/ds_temp_intern/temp/era5_mswt/postproc/results/unet_bs_64/metrics/rstd/data/land
Output plot dir : /srv/data/mohammad.elaabaribao/work/interns/y2026/temp/ds_temp_intern/temp/era5_mswt/postproc/results/unet_bs_64/metrics/rstd/plots/land
[STEP] Loading RSTD fields
[STEP] Plotting annual standard deviation comparison
[STEP] Plotting annual RSTD map
[STEP] Plotting annual RSTD boxplot
[SUCCESS] RSTD figures saved to: /srv/data/mohammad.elaabaribao/work/interns/y2026/temp/ds_temp_intern/temp/era5_mswt/postproc/results/unet_bs_64/metrics/rstd/plots/land
[RSTD] done

======================================
 Postprocessing finished successfully
======================================
======================================
 Running postprocessing metrics
======================================
[INFO] Current directory:
/srv/data/mohammad.elaabaribao/work/interns/y2026/temp/ds_temp_intern/temp

[INFO] Selected config : config.yaml
[INFO] Selected group  : all


========== MEAN METRICS ==========

--------------------------------------
[BIAS]
Config: era5_mswt/postproc/mean/bias/config.yaml
--------------------------------------
[BIAS] compute
Traceback (most recent call last):
  File "/home/mohammad.elaabaribao/.conda/envs/clean_env_Pytorch/lib/python3.9/runpy.py", line 197, in _run_module_as_main
    return _run_code(code, main_globals, None,
  File "/home/mohammad.elaabaribao/.conda/envs/clean_env_Pytorch/lib/python3.9/runpy.py", line 87, in _run_code
    exec(code, run_globals)
  File "/srv/data/mohammad.elaabaribao/work/interns/y2026/temp/ds_temp_intern/temp/era5_mswt/postproc/mean/bias/bias.py", line 509, in <module>
    main()
  File "/srv/data/mohammad.elaabaribao/work/interns/y2026/temp/ds_temp_intern/temp/era5_mswt/postproc/mean/bias/bias.py", line 319, in main
    cfg = load_config(train_mode=False, path=str(main_cfg_path))
  File "/srv/data/mohammad.elaabaribao/work/interns/y2026/temp/ds_temp_intern/temp/era5_mswt/main/src/core/config.py", line 344, in load_config
    return Config(cfg_dict, train_mode=train_mode)
  File "/srv/data/mohammad.elaabaribao/work/interns/y2026/temp/ds_temp_intern/temp/era5_mswt/main/src/core/config.py", line 98, in __init__
    raise ValueError(
ValueError: Unsupported model_type 'unet2'. Expected one of: ['cnn', 'glm', 'unet', 'unet1']
Using device: cpu
======================================
 Running postprocessing metrics
======================================
[INFO] Current directory:
/srv/data/mohammad.elaabaribao/work/interns/y2026/temp/ds_temp_intern/temp

[INFO] Selected config : config.yaml
[INFO] Selected group  : all


========== MEAN METRICS ==========

--------------------------------------
[BIAS]
Config: era5_mswt/postproc/mean/bias/config.yaml
--------------------------------------
[BIAS] compute
Traceback (most recent call last):
  File "/home/mohammad.elaabaribao/.conda/envs/clean_env_Pytorch/lib/python3.9/runpy.py", line 197, in _run_module_as_main
    return _run_code(code, main_globals, None,
  File "/home/mohammad.elaabaribao/.conda/envs/clean_env_Pytorch/lib/python3.9/runpy.py", line 87, in _run_code
    exec(code, run_globals)
  File "/srv/data/mohammad.elaabaribao/work/interns/y2026/temp/ds_temp_intern/temp/era5_mswt/postproc/mean/bias/bias.py", line 509, in <module>
    main()
  File "/srv/data/mohammad.elaabaribao/work/interns/y2026/temp/ds_temp_intern/temp/era5_mswt/postproc/mean/bias/bias.py", line 348, in main
    pred_path, obs_path = get_prediction_and_reference_paths(metric_cfg, cfg)
  File "/srv/data/mohammad.elaabaribao/work/interns/y2026/temp/ds_temp_intern/temp/era5_mswt/postproc/mean/bias/bias.py", line 297, in get_prediction_and_reference_paths
    pred_path = pred_override if pred_override is not None else build_prediction_path(cfg)
  File "/srv/data/mohammad.elaabaribao/work/interns/y2026/temp/ds_temp_intern/temp/era5_mswt/postproc/mean/bias/bias.py", line 151, in build_prediction_path
    raise FileNotFoundError(
FileNotFoundError: No prediction file found. Tried:
temp/results_test/unet1_temperature/output_data/unet1_predictions_unet1_temperature.nc
temp/results_test/unet1_temperature/output_data/unet1_predictions_era5_to_mswt.nc
temp/results_test/unet1_temperature/output_data/unet1_predictions_mswt.nc
temp/results_test/unet1_temperature/output_data/unet1_predictions_era5_to_mswt.nc
Using device: cpu
======================================
 Running postprocessing metrics
======================================
[INFO] Current directory:
/srv/data/mohammad.elaabaribao/work/interns/y2026/temp/ds_temp_intern/temp

[INFO] Selected config : config.yaml
[INFO] Selected group  : all


========== MEAN METRICS ==========

--------------------------------------
[BIAS]
Config: era5_mswt/postproc/mean/bias/config.yaml
--------------------------------------
[BIAS] compute
Using device: cpu
=== Temperature bias postprocessing ===
Spatial domain   : land
Save mask        : True
Metric config   : /srv/data/mohammad.elaabaribao/work/interns/y2026/temp/ds_temp_intern/temp/era5_mswt/postproc/mean/bias/config.yaml
Main config     : /srv/data/mohammad.elaabaribao/work/interns/y2026/temp/ds_temp_intern/temp/era5_mswt/main/configs/unet/unet1.yaml
Experiment root : /srv/data/mohammad.elaabaribao/work/interns/y2026/temp/ds_temp_intern/temp/era5_mswt/results/unet1
Prediction file : /srv/data/mohammad.elaabaribao/work/interns/y2026/temp/ds_temp_intern/temp/era5_mswt/results/unet1/output_data/unet1_predictions_mswt.nc
Observation file: /home/mohammad.elaabaribao/lustre/climat-um6p-st-iwri-7ksifkvwkuy/users/mohammad.elaabaribao/data/obs/mswep/mswt_1979_2020.nc
Time window     : 2006-01-01 -> 2020-12-31
Strategy        : daily_first
Return by year  : False
Min valid       : 10
Seasons         : ['Annual', 'DJF', 'MAM', 'JJA', 'SON']
Data output dir : /srv/data/mohammad.elaabaribao/work/interns/y2026/temp/ds_temp_intern/temp/era5_mswt/postproc/results/unet1/metrics/bias/data/land
Plot output dir : /srv/data/mohammad.elaabaribao/work/interns/y2026/temp/ds_temp_intern/temp/era5_mswt/postproc/results/unet1/metrics/bias/plots/land
Prediction units : Unit unknown -> no automatic conversion applied.
Observation units: Already in Celsius.
Aligned shape: pred=(5479, 160, 180), obs=(5479, 160, 180)
Spatial evaluation domain: land
Valid spatial pixels      : 17616
Computation pixels        : 17616

--- Computing bias for Annual ---
Saved NetCDF: /srv/data/mohammad.elaabaribao/work/interns/y2026/temp/ds_temp_intern/temp/era5_mswt/postproc/results/unet1/metrics/bias/data/land/bias_annual_daily_first_mean_period.nc
  mean=-0.3773, min=-4.0573, max=4.9502, std=0.5606

--- Computing bias for DJF ---
Saved NetCDF: /srv/data/mohammad.elaabaribao/work/interns/y2026/temp/ds_temp_intern/temp/era5_mswt/postproc/results/unet1/metrics/bias/data/land/bias_djf_daily_first_mean_period.nc
  mean=-0.2175, min=-3.9239, max=6.2091, std=0.5999

--- Computing bias for MAM ---
Saved NetCDF: /srv/data/mohammad.elaabaribao/work/interns/y2026/temp/ds_temp_intern/temp/era5_mswt/postproc/results/unet1/metrics/bias/data/land/bias_mam_daily_first_mean_period.nc
  mean=-0.4164, min=-4.4112, max=4.9781, std=0.6077

--- Computing bias for JJA ---
Saved NetCDF: /srv/data/mohammad.elaabaribao/work/interns/y2026/temp/ds_temp_intern/temp/era5_mswt/postproc/results/unet1/metrics/bias/data/land/bias_jja_daily_first_mean_period.nc
  mean=-0.5356, min=-4.3600, max=4.4384, std=0.5933

--- Computing bias for SON ---
Saved NetCDF: /srv/data/mohammad.elaabaribao/work/interns/y2026/temp/ds_temp_intern/temp/era5_mswt/postproc/results/unet1/metrics/bias/data/land/bias_son_daily_first_mean_period.nc
  mean=-0.3482, min=-3.6613, max=5.2418, std=0.5676

Saved summary CSV: /srv/data/mohammad.elaabaribao/work/interns/y2026/temp/ds_temp_intern/temp/era5_mswt/postproc/results/unet1/metrics/bias/data/land/bias_summary_daily_first.csv

All bias products saved successfully.
[BIAS] plot
Using device: cpu
=== Temperature bias plotting ===
Spatial domain  : land
Display domain  : land
Metric config   : /srv/data/mohammad.elaabaribao/work/interns/y2026/temp/ds_temp_intern/temp/era5_mswt/postproc/mean/bias/config.yaml
Main config     : /srv/data/mohammad.elaabaribao/work/interns/y2026/temp/ds_temp_intern/temp/era5_mswt/main/configs/unet/unet1.yaml
Input data dir  : /srv/data/mohammad.elaabaribao/work/interns/y2026/temp/ds_temp_intern/temp/era5_mswt/postproc/results/unet1/metrics/bias/data/land
Output plot dir : /srv/data/mohammad.elaabaribao/work/interns/y2026/temp/ds_temp_intern/temp/era5_mswt/postproc/results/unet1/metrics/bias/plots/land
Strategy        : daily_first
Return by year  : False
[STEP] Plotting annual bias map
[STEP] Plotting DJF bias map
[STEP] Plotting MAM bias map
[STEP] Plotting JJA bias map
[STEP] Plotting SON bias map
[STEP] Plotting grouped seasonal bias panel
[STEP] Plotting seasonal bias boxplot
[STEP] Plotting annual bias boxplot
[SUCCESS] Bias figures saved to: /srv/data/mohammad.elaabaribao/work/interns/y2026/temp/ds_temp_intern/temp/era5_mswt/postproc/results/unet1/metrics/bias/plots/land
[BIAS] done

--------------------------------------
[RMSE]
Config: era5_mswt/postproc/mean/rmse/config.yaml
--------------------------------------
[RMSE] compute
Using device: cpu
=== Temperature RMSE postprocessing ===
Spatial domain   : land
Save mask        : True
Metric config   : /srv/data/mohammad.elaabaribao/work/interns/y2026/temp/ds_temp_intern/temp/era5_mswt/postproc/mean/rmse/config.yaml
Main config     : /srv/data/mohammad.elaabaribao/work/interns/y2026/temp/ds_temp_intern/temp/era5_mswt/main/configs/unet/unet1.yaml
Experiment root : /srv/data/mohammad.elaabaribao/work/interns/y2026/temp/ds_temp_intern/temp/era5_mswt/results/unet1
Prediction file : /srv/data/mohammad.elaabaribao/work/interns/y2026/temp/ds_temp_intern/temp/era5_mswt/results/unet1/output_data/unet1_predictions_mswt.nc
Observation file: /home/mohammad.elaabaribao/lustre/climat-um6p-st-iwri-7ksifkvwkuy/users/mohammad.elaabaribao/data/obs/mswep/mswt_1979_2020.nc
Time window     : 2006-01-01 -> 2020-12-31
Strategy        : daily_first
Return by year  : False
Min valid       : 10
Seasons         : ['Annual', 'DJF', 'MAM', 'JJA', 'SON']
Data output dir : /srv/data/mohammad.elaabaribao/work/interns/y2026/temp/ds_temp_intern/temp/era5_mswt/postproc/results/unet1/metrics/rmse/data/land
Plot output dir : /srv/data/mohammad.elaabaribao/work/interns/y2026/temp/ds_temp_intern/temp/era5_mswt/postproc/results/unet1/metrics/rmse/plots/land
Prediction units : Unit unknown -> no automatic conversion applied.
Observation units: Already in Celsius.
Aligned shape: pred=(5479, 160, 180), obs=(5479, 160, 180)
Spatial evaluation domain: land
Valid spatial pixels      : 17616
Computation pixels        : 17616

--- Computing RMSE for Annual ---
Saved NetCDF: /srv/data/mohammad.elaabaribao/work/interns/y2026/temp/ds_temp_intern/temp/era5_mswt/postproc/results/unet1/metrics/rmse/data/land/rmse_annual_daily_first_mean_period.nc
  mean=1.1736, min=0.5707, max=5.1436, std=0.3604

--- Computing RMSE for DJF ---
Saved NetCDF: /srv/data/mohammad.elaabaribao/work/interns/y2026/temp/ds_temp_intern/temp/era5_mswt/postproc/results/unet1/metrics/rmse/data/land/rmse_djf_daily_first_mean_period.nc
  mean=1.1484, min=0.5882, max=6.2437, std=0.3823

--- Computing RMSE for MAM ---
Saved NetCDF: /srv/data/mohammad.elaabaribao/work/interns/y2026/temp/ds_temp_intern/temp/era5_mswt/postproc/results/unet1/metrics/rmse/data/land/rmse_mam_daily_first_mean_period.nc
  mean=1.1582, min=0.5282, max=5.1665, std=0.4005

--- Computing RMSE for JJA ---
Saved NetCDF: /srv/data/mohammad.elaabaribao/work/interns/y2026/temp/ds_temp_intern/temp/era5_mswt/postproc/results/unet1/metrics/rmse/data/land/rmse_jja_daily_first_mean_period.nc
  mean=1.1841, min=0.5613, max=4.5990, std=0.3823

--- Computing RMSE for SON ---
Saved NetCDF: /srv/data/mohammad.elaabaribao/work/interns/y2026/temp/ds_temp_intern/temp/era5_mswt/postproc/results/unet1/metrics/rmse/data/land/rmse_son_daily_first_mean_period.nc
  mean=1.1574, min=0.5339, max=5.3811, std=0.3342

Saved summary CSV: /srv/data/mohammad.elaabaribao/work/interns/y2026/temp/ds_temp_intern/temp/era5_mswt/postproc/results/unet1/metrics/rmse/data/land/rmse_summary_daily_first.csv

All RMSE products saved successfully.
[RMSE] plot
Using device: cpu
=== Temperature RMSE plotting ===
Spatial domain  : land
Display domain  : land
Metric config   : /srv/data/mohammad.elaabaribao/work/interns/y2026/temp/ds_temp_intern/temp/era5_mswt/postproc/mean/rmse/config.yaml
Main config     : /srv/data/mohammad.elaabaribao/work/interns/y2026/temp/ds_temp_intern/temp/era5_mswt/main/configs/unet/unet1.yaml
Input data dir  : /srv/data/mohammad.elaabaribao/work/interns/y2026/temp/ds_temp_intern/temp/era5_mswt/postproc/results/unet1/metrics/rmse/data/land
Output plot dir : /srv/data/mohammad.elaabaribao/work/interns/y2026/temp/ds_temp_intern/temp/era5_mswt/postproc/results/unet1/metrics/rmse/plots/land
Strategy        : daily_first
Return by year  : False
[STEP] Plotting annual RMSE map
[STEP] Plotting DJF RMSE map
[STEP] Plotting MAM RMSE map
[STEP] Plotting JJA RMSE map
[STEP] Plotting SON RMSE map
[STEP] Plotting grouped seasonal RMSE panel
[STEP] Plotting seasonal RMSE boxplot
[STEP] Plotting annual RMSE boxplot
[SUCCESS] RMSE figures saved to: /srv/data/mohammad.elaabaribao/work/interns/y2026/temp/ds_temp_intern/temp/era5_mswt/postproc/results/unet1/metrics/rmse/plots/land
[RMSE] done

--------------------------------------
[CORRELATION]
Config: era5_mswt/postproc/mean/correlation/config.yaml
--------------------------------------
[CORRELATION] compute
Using device: cpu
=== Temperature correlation postprocessing ===
Spatial domain   : land
Save mask        : True
Metric config   : /srv/data/mohammad.elaabaribao/work/interns/y2026/temp/ds_temp_intern/temp/era5_mswt/postproc/mean/correlation/config.yaml
Main config     : /srv/data/mohammad.elaabaribao/work/interns/y2026/temp/ds_temp_intern/temp/era5_mswt/main/configs/unet/unet1.yaml
Experiment root : /srv/data/mohammad.elaabaribao/work/interns/y2026/temp/ds_temp_intern/temp/era5_mswt/results/unet1
Prediction file : /srv/data/mohammad.elaabaribao/work/interns/y2026/temp/ds_temp_intern/temp/era5_mswt/results/unet1/output_data/unet1_predictions_mswt.nc
Observation file: /home/mohammad.elaabaribao/lustre/climat-um6p-st-iwri-7ksifkvwkuy/users/mohammad.elaabaribao/data/obs/mswep/mswt_1979_2020.nc
Time window     : 2006-01-01 -> 2020-12-31
Window (CORR D) : 31
Min valid       : 10
Seasons         : ['Annual', 'DJF', 'MAM', 'JJA', 'SON']
corr_d data dir : /srv/data/mohammad.elaabaribao/work/interns/y2026/temp/ds_temp_intern/temp/era5_mswt/postproc/results/unet1/metrics/corr_d/data/land
corr_d plot dir : /srv/data/mohammad.elaabaribao/work/interns/y2026/temp/ds_temp_intern/temp/era5_mswt/postproc/results/unet1/metrics/corr_d/plots/land
Prediction units : Unit unknown -> no automatic conversion applied.
Observation units: Already in Celsius.
Aligned shape    : pred=(5479, 160, 180), obs=(5479, 160, 180)
Spatial evaluation domain: land
Valid spatial pixels      : 17616
Computation pixels        : 17616

--- Computing correlations for Annual ---
Saved: /srv/data/mohammad.elaabaribao/work/interns/y2026/temp/ds_temp_intern/temp/era5_mswt/postproc/results/unet1/metrics/corr_d/data/land/corr_d_annual_mean_period.nc
  CORR D mean=0.9257, min=0.6189, max=0.9655

--- Computing correlations for DJF ---
Saved: /srv/data/mohammad.elaabaribao/work/interns/y2026/temp/ds_temp_intern/temp/era5_mswt/postproc/results/unet1/metrics/corr_d/data/land/corr_d_djf_mean_period.nc
  CORR D mean=0.9140, min=0.5579, max=0.9512

--- Computing correlations for MAM ---
Saved: /srv/data/mohammad.elaabaribao/work/interns/y2026/temp/ds_temp_intern/temp/era5_mswt/postproc/results/unet1/metrics/corr_d/data/land/corr_d_mam_mean_period.nc
  CORR D mean=0.9506, min=0.5843, max=0.9794

--- Computing correlations for JJA ---
Saved: /srv/data/mohammad.elaabaribao/work/interns/y2026/temp/ds_temp_intern/temp/era5_mswt/postproc/results/unet1/metrics/corr_d/data/land/corr_d_jja_mean_period.nc
  CORR D mean=0.8936, min=0.4738, max=0.9762

--- Computing correlations for SON ---
Saved: /srv/data/mohammad.elaabaribao/work/interns/y2026/temp/ds_temp_intern/temp/era5_mswt/postproc/results/unet1/metrics/corr_d/data/land/corr_d_son_mean_period.nc
  CORR D mean=0.9163, min=0.6585, max=0.9578

Saved summary CSV: /srv/data/mohammad.elaabaribao/work/interns/y2026/temp/ds_temp_intern/temp/era5_mswt/postproc/results/unet1/metrics/corr_d/data/land/corr_d_summary.csv

All correlation products saved successfully.
[CORRELATION] plot
Using device: cpu
=== Temperature correlation plotting ===
Spatial domain  : land
Display domain  : land
Metric config   : /srv/data/mohammad.elaabaribao/work/interns/y2026/temp/ds_temp_intern/temp/era5_mswt/postproc/mean/correlation/config.yaml
Main config     : /srv/data/mohammad.elaabaribao/work/interns/y2026/temp/ds_temp_intern/temp/era5_mswt/main/configs/unet/unet1.yaml
Experiment root : /srv/data/mohammad.elaabaribao/work/interns/y2026/temp/ds_temp_intern/temp/era5_mswt/results/unet1
Selected seasons: ['Annual', 'DJF', 'MAM', 'JJA', 'SON']

=== Plotting corr_d ===
Spatial domain  : land
Display domain  : land
Input data dir  : /srv/data/mohammad.elaabaribao/work/interns/y2026/temp/ds_temp_intern/temp/era5_mswt/postproc/results/unet1/metrics/corr_d/data/land
Output plot dir : /srv/data/mohammad.elaabaribao/work/interns/y2026/temp/ds_temp_intern/temp/era5_mswt/postproc/results/unet1/metrics/corr_d/plots/land
[STEP] Plotting annual corr_d map
[STEP] Plotting DJF corr_d map
[STEP] Plotting MAM corr_d map
[STEP] Plotting JJA corr_d map
[STEP] Plotting SON corr_d map
[STEP] Plotting seasonal corr_d panel
[STEP] Plotting seasonal corr_d boxplot
[STEP] Plotting annual corr_d boxplot
[SUCCESS] corr_d figures saved to: /srv/data/mohammad.elaabaribao/work/interns/y2026/temp/ds_temp_intern/temp/era5_mswt/postproc/results/unet1/metrics/corr_d/plots/land

All correlation figures saved successfully.
[CORRELATION] done

========== EXTREME METRICS ==========

--------------------------------------
[B02]
Config: era5_mswt/postproc/extreme/b02/config.yaml
--------------------------------------
[B02] compute
Using device: cpu
=== Temperature B-02 postprocessing ===
Spatial domain   : land
Save mask        : True
Metric config   : /srv/data/mohammad.elaabaribao/work/interns/y2026/temp/ds_temp_intern/temp/era5_mswt/postproc/extreme/b02/config.yaml
Main config     : /srv/data/mohammad.elaabaribao/work/interns/y2026/temp/ds_temp_intern/temp/era5_mswt/main/configs/unet/unet1.yaml
Experiment root : /srv/data/mohammad.elaabaribao/work/interns/y2026/temp/ds_temp_intern/temp/era5_mswt/results/unet1
Prediction file : /srv/data/mohammad.elaabaribao/work/interns/y2026/temp/ds_temp_intern/temp/era5_mswt/results/unet1/output_data/unet1_predictions_mswt.nc
Observation file: /home/mohammad.elaabaribao/lustre/climat-um6p-st-iwri-7ksifkvwkuy/users/mohammad.elaabaribao/data/obs/mswep/mswt_1979_2020.nc
Time window     : 2006-01-01 -> 2020-12-31
Quantile        : 0.02
Min valid       : 10
Seasons         : ['Annual', 'DJF', 'MAM', 'JJA', 'SON']
Data output dir : /srv/data/mohammad.elaabaribao/work/interns/y2026/temp/ds_temp_intern/temp/era5_mswt/postproc/results/unet1/metrics/b02/data/land
Plot output dir : /srv/data/mohammad.elaabaribao/work/interns/y2026/temp/ds_temp_intern/temp/era5_mswt/postproc/results/unet1/metrics/b02/plots/land
Prediction units : Unit unknown -> no automatic conversion applied.
Observation units: Already in Celsius.
Aligned shape    : pred=(5479, 160, 180), obs=(5479, 160, 180)
Spatial evaluation domain: land
Valid spatial pixels      : 17616
Computation pixels        : 17616

--- Computing B-02 for Annual ---
Saved: /srv/data/mohammad.elaabaribao/work/interns/y2026/temp/ds_temp_intern/temp/era5_mswt/postproc/results/unet1/metrics/b02/data/land/b02_annual_mean_period.nc
  mean=-0.0473, min=-3.3223, max=7.8711

--- Computing B-02 for DJF ---
Saved: /srv/data/mohammad.elaabaribao/work/interns/y2026/temp/ds_temp_intern/temp/era5_mswt/postproc/results/unet1/metrics/b02/data/land/b02_djf_mean_period.nc
  mean=0.1230, min=-2.6640, max=10.0961

--- Computing B-02 for MAM ---
Saved: /srv/data/mohammad.elaabaribao/work/interns/y2026/temp/ds_temp_intern/temp/era5_mswt/postproc/results/unet1/metrics/b02/data/land/b02_mam_mean_period.nc
  mean=-0.5463, min=-5.2618, max=5.6622

--- Computing B-02 for JJA ---
Saved: /srv/data/mohammad.elaabaribao/work/interns/y2026/temp/ds_temp_intern/temp/era5_mswt/postproc/results/unet1/metrics/b02/data/land/b02_jja_mean_period.nc
  mean=-0.1741, min=-3.8484, max=4.7731

--- Computing B-02 for SON ---
Saved: /srv/data/mohammad.elaabaribao/work/interns/y2026/temp/ds_temp_intern/temp/era5_mswt/postproc/results/unet1/metrics/b02/data/land/b02_son_mean_period.nc
  mean=-0.4850, min=-4.0802, max=6.5822

Saved summary CSV: /srv/data/mohammad.elaabaribao/work/interns/y2026/temp/ds_temp_intern/temp/era5_mswt/postproc/results/unet1/metrics/b02/data/land/b02_summary.csv

All B-02 products saved successfully.
[B02] plot
Using device: cpu
=== Temperature B-02 plotting ===
Spatial domain  : land
Display domain  : land
Metric config   : /srv/data/mohammad.elaabaribao/work/interns/y2026/temp/ds_temp_intern/temp/era5_mswt/postproc/extreme/b02/config.yaml
Main config     : /srv/data/mohammad.elaabaribao/work/interns/y2026/temp/ds_temp_intern/temp/era5_mswt/main/configs/unet/unet1.yaml
Input data dir  : /srv/data/mohammad.elaabaribao/work/interns/y2026/temp/ds_temp_intern/temp/era5_mswt/postproc/results/unet1/metrics/b02/data/land
Output plot dir : /srv/data/mohammad.elaabaribao/work/interns/y2026/temp/ds_temp_intern/temp/era5_mswt/postproc/results/unet1/metrics/b02/plots/land
[STEP] Plotting annual P02 comparison
[STEP] Plotting annual B-02 map
[STEP] Plotting DJF B-02 map
[STEP] Plotting MAM B-02 map
[STEP] Plotting JJA B-02 map
[STEP] Plotting SON B-02 map
[STEP] Plotting grouped seasonal B-02 panel
[STEP] Plotting seasonal B-02 boxplot
[STEP] Plotting annual B-02 boxplot
[SUCCESS] B-02 figures saved to: /srv/data/mohammad.elaabaribao/work/interns/y2026/temp/ds_temp_intern/temp/era5_mswt/postproc/results/unet1/metrics/b02/plots/land
[B02] done

--------------------------------------
[B98]
Config: era5_mswt/postproc/extreme/b98/config.yaml
--------------------------------------
[B98] compute
Using device: cpu
=== Temperature B-98 postprocessing ===
Spatial domain   : land
Save mask        : True
Metric config   : /srv/data/mohammad.elaabaribao/work/interns/y2026/temp/ds_temp_intern/temp/era5_mswt/postproc/extreme/b98/config.yaml
Main config     : /srv/data/mohammad.elaabaribao/work/interns/y2026/temp/ds_temp_intern/temp/era5_mswt/main/configs/unet/unet1.yaml
Experiment root : /srv/data/mohammad.elaabaribao/work/interns/y2026/temp/ds_temp_intern/temp/era5_mswt/results/unet1
Prediction file : /srv/data/mohammad.elaabaribao/work/interns/y2026/temp/ds_temp_intern/temp/era5_mswt/results/unet1/output_data/unet1_predictions_mswt.nc
Observation file: /home/mohammad.elaabaribao/lustre/climat-um6p-st-iwri-7ksifkvwkuy/users/mohammad.elaabaribao/data/obs/mswep/mswt_1979_2020.nc
Time window     : 2006-01-01 -> 2020-12-31
Quantile        : 0.98
Min valid       : 10
Seasons         : ['Annual', 'DJF', 'MAM', 'JJA', 'SON']
Data output dir : /srv/data/mohammad.elaabaribao/work/interns/y2026/temp/ds_temp_intern/temp/era5_mswt/postproc/results/unet1/metrics/b98/data/land
Plot output dir : /srv/data/mohammad.elaabaribao/work/interns/y2026/temp/ds_temp_intern/temp/era5_mswt/postproc/results/unet1/metrics/b98/plots/land
Prediction units : Unit unknown -> no automatic conversion applied.
Observation units: Already in Celsius.
Aligned shape    : pred=(5479, 160, 180), obs=(5479, 160, 180)
Spatial evaluation domain: land
Valid spatial pixels      : 17616
Computation pixels        : 17616

--- Computing B-98 for Annual ---
Saved: /srv/data/mohammad.elaabaribao/work/interns/y2026/temp/ds_temp_intern/temp/era5_mswt/postproc/results/unet1/metrics/b98/data/land/b98_annual_mean_period.nc
  mean=-1.0293, min=-5.6499, max=4.9124

--- Computing B-98 for DJF ---
Saved: /srv/data/mohammad.elaabaribao/work/interns/y2026/temp/ds_temp_intern/temp/era5_mswt/postproc/results/unet1/metrics/b98/data/land/b98_djf_mean_period.nc
  mean=-0.3593, min=-4.5812, max=5.5483

--- Computing B-98 for MAM ---
Saved: /srv/data/mohammad.elaabaribao/work/interns/y2026/temp/ds_temp_intern/temp/era5_mswt/postproc/results/unet1/metrics/b98/data/land/b98_mam_mean_period.nc
  mean=-0.3665, min=-5.3784, max=5.5967

--- Computing B-98 for JJA ---
Saved: /srv/data/mohammad.elaabaribao/work/interns/y2026/temp/ds_temp_intern/temp/era5_mswt/postproc/results/unet1/metrics/b98/data/land/b98_jja_mean_period.nc
  mean=-1.3880, min=-7.2532, max=5.3302

--- Computing B-98 for SON ---
Saved: /srv/data/mohammad.elaabaribao/work/interns/y2026/temp/ds_temp_intern/temp/era5_mswt/postproc/results/unet1/metrics/b98/data/land/b98_son_mean_period.nc
  mean=-0.6252, min=-4.3685, max=4.8817

Saved summary CSV: /srv/data/mohammad.elaabaribao/work/interns/y2026/temp/ds_temp_intern/temp/era5_mswt/postproc/results/unet1/metrics/b98/data/land/b98_summary.csv

All B-98 products saved successfully.
[B98] plot
Using device: cpu
=== Temperature B-98 plotting ===
Spatial domain  : land
Display domain  : land
Metric config   : /srv/data/mohammad.elaabaribao/work/interns/y2026/temp/ds_temp_intern/temp/era5_mswt/postproc/extreme/b98/config.yaml
Main config     : /srv/data/mohammad.elaabaribao/work/interns/y2026/temp/ds_temp_intern/temp/era5_mswt/main/configs/unet/unet1.yaml
Input data dir  : /srv/data/mohammad.elaabaribao/work/interns/y2026/temp/ds_temp_intern/temp/era5_mswt/postproc/results/unet1/metrics/b98/data/land
Output plot dir : /srv/data/mohammad.elaabaribao/work/interns/y2026/temp/ds_temp_intern/temp/era5_mswt/postproc/results/unet1/metrics/b98/plots/land
[STEP] Plotting annual P98 comparison
[STEP] Plotting annual B-98 map
[STEP] Plotting DJF B-98 map
[STEP] Plotting MAM B-98 map
[STEP] Plotting JJA B-98 map
[STEP] Plotting SON B-98 map
[STEP] Plotting grouped seasonal B-98 panel
[STEP] Plotting seasonal B-98 boxplot
[STEP] Plotting annual B-98 boxplot
[SUCCESS] B-98 figures saved to: /srv/data/mohammad.elaabaribao/work/interns/y2026/temp/ds_temp_intern/temp/era5_mswt/postproc/results/unet1/metrics/b98/plots/land
[B98] done

--------------------------------------
[CAMS]
Config: era5_mswt/postproc/extreme/cams/config.yaml
--------------------------------------
[CAMS] compute
Using device: cpu
=== Temperature CAMS postprocessing ===
Spatial domain   : land
Save mask        : True
Metric config     : /srv/data/mohammad.elaabaribao/work/interns/y2026/temp/ds_temp_intern/temp/era5_mswt/postproc/extreme/cams/config.yaml
Main config       : /srv/data/mohammad.elaabaribao/work/interns/y2026/temp/ds_temp_intern/temp/era5_mswt/main/configs/unet/unet1.yaml
Experiment root   : /srv/data/mohammad.elaabaribao/work/interns/y2026/temp/ds_temp_intern/temp/era5_mswt/results/unet1
Prediction file   : /srv/data/mohammad.elaabaribao/work/interns/y2026/temp/ds_temp_intern/temp/era5_mswt/results/unet1/output_data/unet1_predictions_mswt.nc
Observation file  : /home/mohammad.elaabaribao/lustre/climat-um6p-st-iwri-7ksifkvwkuy/users/mohammad.elaabaribao/data/obs/mswep/mswt_1979_2020.nc
Time window       : 2006-01-01 -> 2020-12-31
Threshold quantile: 0.1
Min spell length  : 2
Min valid days    : 10
Min valid years   : 1
Data output dir   : /srv/data/mohammad.elaabaribao/work/interns/y2026/temp/ds_temp_intern/temp/era5_mswt/postproc/results/unet1/metrics/cams/data/land
Plot output dir   : /srv/data/mohammad.elaabaribao/work/interns/y2026/temp/ds_temp_intern/temp/era5_mswt/postproc/results/unet1/metrics/cams/plots/land
Prediction units : Unit unknown -> no automatic conversion applied.
Observation units: Already in Celsius.
Aligned shape    : pred=(5479, 160, 180), obs=(5479, 160, 180)
Spatial evaluation domain: land
Valid spatial pixels      : 17616
Computation pixels        : 17616
Saved summary CSV: /srv/data/mohammad.elaabaribao/work/interns/y2026/temp/ds_temp_intern/temp/era5_mswt/postproc/results/unet1/metrics/cams/data/land/cams_summary.csv
Saved: /srv/data/mohammad.elaabaribao/work/interns/y2026/temp/ds_temp_intern/temp/era5_mswt/postproc/results/unet1/metrics/cams/data/land/cams_annual_mean_period.nc
  bCAMS mean=0.1584, min=-6.0000, max=8.0000

CAMS products saved successfully.
[CAMS] plot
Using device: cpu
=== Temperature CAMS plotting ===
Spatial domain  : land
Display domain  : land
Metric config   : /srv/data/mohammad.elaabaribao/work/interns/y2026/temp/ds_temp_intern/temp/era5_mswt/postproc/extreme/cams/config.yaml
Main config     : /srv/data/mohammad.elaabaribao/work/interns/y2026/temp/ds_temp_intern/temp/era5_mswt/main/configs/unet/unet1.yaml
Input data dir  : /srv/data/mohammad.elaabaribao/work/interns/y2026/temp/ds_temp_intern/temp/era5_mswt/postproc/results/unet1/metrics/cams/data/land
Output plot dir : /srv/data/mohammad.elaabaribao/work/interns/y2026/temp/ds_temp_intern/temp/era5_mswt/postproc/results/unet1/metrics/cams/plots/land
[STEP] Loading CAMS fields
[STEP] Plotting annual CAMS comparison
[STEP] Plotting annual bCAMS map
[STEP] Plotting annual bCAMS boxplot
[SUCCESS] CAMS figures saved to: /srv/data/mohammad.elaabaribao/work/interns/y2026/temp/ds_temp_intern/temp/era5_mswt/postproc/results/unet1/metrics/cams/plots/land
[CAMS] done

--------------------------------------
[WAMS]
Config: era5_mswt/postproc/extreme/wams/config.yaml
--------------------------------------
[WAMS] compute
Using device: cpu
=== Temperature WAMS postprocessing ===
Spatial domain   : land
Save mask        : True
Metric config     : /srv/data/mohammad.elaabaribao/work/interns/y2026/temp/ds_temp_intern/temp/era5_mswt/postproc/extreme/wams/config.yaml
Main config       : /srv/data/mohammad.elaabaribao/work/interns/y2026/temp/ds_temp_intern/temp/era5_mswt/main/configs/unet/unet1.yaml
Experiment root   : /srv/data/mohammad.elaabaribao/work/interns/y2026/temp/ds_temp_intern/temp/era5_mswt/results/unet1
Prediction file   : /srv/data/mohammad.elaabaribao/work/interns/y2026/temp/ds_temp_intern/temp/era5_mswt/results/unet1/output_data/unet1_predictions_mswt.nc
Observation file  : /home/mohammad.elaabaribao/lustre/climat-um6p-st-iwri-7ksifkvwkuy/users/mohammad.elaabaribao/data/obs/mswep/mswt_1979_2020.nc
Time window       : 2006-01-01 -> 2020-12-31
Threshold quantile: 0.9
Min spell length  : 2
Min valid days    : 10
Min valid years   : 1
Data output dir   : /srv/data/mohammad.elaabaribao/work/interns/y2026/temp/ds_temp_intern/temp/era5_mswt/postproc/results/unet1/metrics/wams/data/land
Plot output dir   : /srv/data/mohammad.elaabaribao/work/interns/y2026/temp/ds_temp_intern/temp/era5_mswt/postproc/results/unet1/metrics/wams/plots/land
Prediction units : Unit unknown -> no automatic conversion applied.
Observation units: Already in Celsius.
Aligned shape    : pred=(5479, 160, 180), obs=(5479, 160, 180)
Spatial evaluation domain: land
Valid spatial pixels      : 17616
Computation pixels        : 17616
Saved summary CSV: /srv/data/mohammad.elaabaribao/work/interns/y2026/temp/ds_temp_intern/temp/era5_mswt/postproc/results/unet1/metrics/wams/data/land/wams_summary.csv
Saved: /srv/data/mohammad.elaabaribao/work/interns/y2026/temp/ds_temp_intern/temp/era5_mswt/postproc/results/unet1/metrics/wams/data/land/wams_annual_mean_period.nc
  bWAMS mean=0.6371, min=-7.0000, max=7.0000

WAMS products saved successfully.
[WAMS] plot
Using device: cpu
=== Temperature WAMS plotting ===
Spatial domain  : land
Display domain  : land
Metric config   : /srv/data/mohammad.elaabaribao/work/interns/y2026/temp/ds_temp_intern/temp/era5_mswt/postproc/extreme/wams/config.yaml
Main config     : /srv/data/mohammad.elaabaribao/work/interns/y2026/temp/ds_temp_intern/temp/era5_mswt/main/configs/unet/unet1.yaml
Input data dir  : /srv/data/mohammad.elaabaribao/work/interns/y2026/temp/ds_temp_intern/temp/era5_mswt/postproc/results/unet1/metrics/wams/data/land
Output plot dir : /srv/data/mohammad.elaabaribao/work/interns/y2026/temp/ds_temp_intern/temp/era5_mswt/postproc/results/unet1/metrics/wams/plots/land
[STEP] Loading WAMS fields
[STEP] Plotting annual WAMS comparison
[STEP] Plotting annual bWAMS map
[STEP] Plotting annual bWAMS boxplot
[SUCCESS] WAMS figures saved to: /srv/data/mohammad.elaabaribao/work/interns/y2026/temp/ds_temp_intern/temp/era5_mswt/postproc/results/unet1/metrics/wams/plots/land
[WAMS] done

========== TEMPORAL METRICS ==========

--------------------------------------
[AC1]
Config: era5_mswt/postproc/temporal/ac1/config.yaml
--------------------------------------
[AC1] compute
Using device: cpu
=== Temperature AC1 postprocessing ===
Spatial domain   : land
Save mask        : True
Metric config   : /srv/data/mohammad.elaabaribao/work/interns/y2026/temp/ds_temp_intern/temp/era5_mswt/postproc/temporal/ac1/config.yaml
Main config     : /srv/data/mohammad.elaabaribao/work/interns/y2026/temp/ds_temp_intern/temp/era5_mswt/main/configs/unet/unet1.yaml
Experiment root : /srv/data/mohammad.elaabaribao/work/interns/y2026/temp/ds_temp_intern/temp/era5_mswt/results/unet1
Prediction file : /srv/data/mohammad.elaabaribao/work/interns/y2026/temp/ds_temp_intern/temp/era5_mswt/results/unet1/output_data/unet1_predictions_mswt.nc
Observation file: /home/mohammad.elaabaribao/lustre/climat-um6p-st-iwri-7ksifkvwkuy/users/mohammad.elaabaribao/data/obs/mswep/mswt_1979_2020.nc
Time window     : 2006-01-01 -> 2020-12-31
Min valid pairs : 10
Data output dir : /srv/data/mohammad.elaabaribao/work/interns/y2026/temp/ds_temp_intern/temp/era5_mswt/postproc/results/unet1/metrics/ac1/data/land
Plot output dir : /srv/data/mohammad.elaabaribao/work/interns/y2026/temp/ds_temp_intern/temp/era5_mswt/postproc/results/unet1/metrics/ac1/plots/land
Prediction units : Unit unknown -> no automatic conversion applied.
Observation units: Already in Celsius.
Aligned shape    : pred=(5479, 160, 180), obs=(5479, 160, 180)
Spatial evaluation domain: land
Valid spatial pixels      : 17616
Computation pixels        : 17616
Saved summary CSV: /srv/data/mohammad.elaabaribao/work/interns/y2026/temp/ds_temp_intern/temp/era5_mswt/postproc/results/unet1/metrics/ac1/data/land/ac1_summary.csv
Saved: /srv/data/mohammad.elaabaribao/work/interns/y2026/temp/ds_temp_intern/temp/era5_mswt/postproc/results/unet1/metrics/ac1/data/land/ac1_annual_mean_period.nc
  bAC1 mean=0.0024, min=-0.0351, max=0.0357

AC1 products saved successfully.
[AC1] plot
Using device: cpu
=== Temperature AC1 plotting ===
Spatial domain  : land
Display domain  : land
Metric config   : /srv/data/mohammad.elaabaribao/work/interns/y2026/temp/ds_temp_intern/temp/era5_mswt/postproc/temporal/ac1/config.yaml
Main config     : /srv/data/mohammad.elaabaribao/work/interns/y2026/temp/ds_temp_intern/temp/era5_mswt/main/configs/unet/unet1.yaml
Input data dir  : /srv/data/mohammad.elaabaribao/work/interns/y2026/temp/ds_temp_intern/temp/era5_mswt/postproc/results/unet1/metrics/ac1/data/land
Output plot dir : /srv/data/mohammad.elaabaribao/work/interns/y2026/temp/ds_temp_intern/temp/era5_mswt/postproc/results/unet1/metrics/ac1/plots/land
[STEP] Loading AC1 fields
[STEP] Plotting annual AC1 comparison
[STEP] Plotting annual bAC1 map
[STEP] Plotting annual bAC1 boxplot
[SUCCESS] AC1 figures saved to: /srv/data/mohammad.elaabaribao/work/interns/y2026/temp/ds_temp_intern/temp/era5_mswt/postproc/results/unet1/metrics/ac1/plots/land
[AC1] done

--------------------------------------
[RSTD]
Config: era5_mswt/postproc/temporal/rstd/config.yaml
--------------------------------------
[RSTD] compute
Using device: cpu
=== Temperature RSTD postprocessing ===
Spatial domain   : land
Save mask        : True
Metric config   : /srv/data/mohammad.elaabaribao/work/interns/y2026/temp/ds_temp_intern/temp/era5_mswt/postproc/temporal/rstd/config.yaml
Main config     : /srv/data/mohammad.elaabaribao/work/interns/y2026/temp/ds_temp_intern/temp/era5_mswt/main/configs/unet/unet1.yaml
Experiment root : /srv/data/mohammad.elaabaribao/work/interns/y2026/temp/ds_temp_intern/temp/era5_mswt/results/unet1
Prediction file : /srv/data/mohammad.elaabaribao/work/interns/y2026/temp/ds_temp_intern/temp/era5_mswt/results/unet1/output_data/unet1_predictions_mswt.nc
Observation file: /home/mohammad.elaabaribao/lustre/climat-um6p-st-iwri-7ksifkvwkuy/users/mohammad.elaabaribao/data/obs/mswep/mswt_1979_2020.nc
Time window     : 2006-01-01 -> 2020-12-31
Window          : 31
Min valid       : 10
Data output dir : /srv/data/mohammad.elaabaribao/work/interns/y2026/temp/ds_temp_intern/temp/era5_mswt/postproc/results/unet1/metrics/rstd/data/land
Plot output dir : /srv/data/mohammad.elaabaribao/work/interns/y2026/temp/ds_temp_intern/temp/era5_mswt/postproc/results/unet1/metrics/rstd/plots/land
Prediction units : Unit unknown -> no automatic conversion applied.
Observation units: Already in Celsius.
Aligned shape    : pred=(5479, 160, 180), obs=(5479, 160, 180)
Spatial evaluation domain: land
Valid spatial pixels      : 17616
Computation pixels        : 17616
Saved summary CSV: /srv/data/mohammad.elaabaribao/work/interns/y2026/temp/ds_temp_intern/temp/era5_mswt/postproc/results/unet1/metrics/rstd/data/land/rstd_summary.csv
Saved: /srv/data/mohammad.elaabaribao/work/interns/y2026/temp/ds_temp_intern/temp/era5_mswt/postproc/results/unet1/metrics/rstd/data/land/rstd_annual_mean_period.nc
  RSTD mean=0.9678, min=0.3998, max=1.4017

RSTD products saved successfully.
[RSTD] plot
/srv/data/mohammad.elaabaribao/work/interns/y2026/temp/ds_temp_intern/temp/era5_mswt/postproc/temporal/rstd/plot.py:355: MatplotlibDeprecationWarning: The 'labels' parameter of boxplot() has been renamed 'tick_labels' since Matplotlib 3.9; support for the old name will be dropped in 3.11.
  ax.boxplot(
Using device: cpu
=== Temperature RSTD plotting ===
Spatial domain  : land
Display domain  : land
Metric config   : /srv/data/mohammad.elaabaribao/work/interns/y2026/temp/ds_temp_intern/temp/era5_mswt/postproc/temporal/rstd/config.yaml
Main config     : /srv/data/mohammad.elaabaribao/work/interns/y2026/temp/ds_temp_intern/temp/era5_mswt/main/configs/unet/unet1.yaml
Input data dir  : /srv/data/mohammad.elaabaribao/work/interns/y2026/temp/ds_temp_intern/temp/era5_mswt/postproc/results/unet1/metrics/rstd/data/land
Output plot dir : /srv/data/mohammad.elaabaribao/work/interns/y2026/temp/ds_temp_intern/temp/era5_mswt/postproc/results/unet1/metrics/rstd/plots/land
[STEP] Loading RSTD fields
[STEP] Plotting annual standard deviation comparison
[STEP] Plotting annual RSTD map
[STEP] Plotting annual RSTD boxplot
[SUCCESS] RSTD figures saved to: /srv/data/mohammad.elaabaribao/work/interns/y2026/temp/ds_temp_intern/temp/era5_mswt/postproc/results/unet1/metrics/rstd/plots/land
[RSTD] done

======================================
 Postprocessing finished successfully
======================================
======================================
 Running postprocessing metrics
======================================
[INFO] Current directory:
/srv/data/mohammad.elaabaribao/work/interns/y2026/temp/ds_temp_intern/temp

[INFO] Selected config : config.yaml
[INFO] Selected group  : all


========== MEAN METRICS ==========

--------------------------------------
[BIAS]
Config: era5_mswt/postproc/mean/bias/config.yaml
--------------------------------------
[BIAS] compute
Using device: cpu
=== Temperature bias postprocessing ===
Spatial domain   : land
Save mask        : True
Metric config   : /srv/data/mohammad.elaabaribao/work/interns/y2026/temp/ds_temp_intern/temp/era5_mswt/postproc/mean/bias/config.yaml
Main config     : /srv/data/mohammad.elaabaribao/work/interns/y2026/temp/ds_temp_intern/temp/era5_mswt/main/configs/unet/config_unet1_mse.yaml
Experiment root : /srv/data/mohammad.elaabaribao/work/interns/y2026/temp/ds_temp_intern/temp/era5_mswt/results/unet1_temp_mse
Prediction file : /srv/data/mohammad.elaabaribao/work/interns/y2026/temp/ds_temp_intern/temp/era5_mswt/results/unet1_temp_mse/output_data/unet1_predictions_mswt.nc
Observation file: /home/mohammad.elaabaribao/lustre/climat-um6p-st-iwri-7ksifkvwkuy/users/mohammad.elaabaribao/data/obs/mswep/mswt_1979_2020.nc
Time window     : 2006-01-01 -> 2020-12-31
Strategy        : daily_first
Return by year  : False
Min valid       : 10
Seasons         : ['Annual', 'DJF', 'MAM', 'JJA', 'SON']
Data output dir : /srv/data/mohammad.elaabaribao/work/interns/y2026/temp/ds_temp_intern/temp/era5_mswt/postproc/results/unet1_temp_mse/metrics/bias/data/land
Plot output dir : /srv/data/mohammad.elaabaribao/work/interns/y2026/temp/ds_temp_intern/temp/era5_mswt/postproc/results/unet1_temp_mse/metrics/bias/plots/land
Prediction units : Unit unknown -> no automatic conversion applied.
Observation units: Already in Celsius.
Aligned shape: pred=(5479, 150, 180), obs=(5479, 150, 180)
Spatial evaluation domain: land
Valid spatial pixels      : 17417
Computation pixels        : 17417

--- Computing bias for Annual ---
Saved NetCDF: /srv/data/mohammad.elaabaribao/work/interns/y2026/temp/ds_temp_intern/temp/era5_mswt/postproc/results/unet1_temp_mse/metrics/bias/data/land/bias_annual_daily_first_mean_period.nc
  mean=-0.3605, min=-3.3453, max=3.7280, std=0.4528

--- Computing bias for DJF ---
Saved NetCDF: /srv/data/mohammad.elaabaribao/work/interns/y2026/temp/ds_temp_intern/temp/era5_mswt/postproc/results/unet1_temp_mse/metrics/bias/data/land/bias_djf_daily_first_mean_period.nc
  mean=-0.1308, min=-3.4197, max=6.4171, std=0.5234

--- Computing bias for MAM ---
Saved NetCDF: /srv/data/mohammad.elaabaribao/work/interns/y2026/temp/ds_temp_intern/temp/era5_mswt/postproc/results/unet1_temp_mse/metrics/bias/data/land/bias_mam_daily_first_mean_period.nc
  mean=-0.3485, min=-3.6430, max=3.7484, std=0.5119

--- Computing bias for JJA ---
Saved NetCDF: /srv/data/mohammad.elaabaribao/work/interns/y2026/temp/ds_temp_intern/temp/era5_mswt/postproc/results/unet1_temp_mse/metrics/bias/data/land/bias_jja_daily_first_mean_period.nc
  mean=-0.6799, min=-3.1203, max=2.8632, std=0.4704

--- Computing bias for SON ---
Saved NetCDF: /srv/data/mohammad.elaabaribao/work/interns/y2026/temp/ds_temp_intern/temp/era5_mswt/postproc/results/unet1_temp_mse/metrics/bias/data/land/bias_son_daily_first_mean_period.nc
  mean=-0.2871, min=-3.6612, max=4.1896, std=0.4747

Saved summary CSV: /srv/data/mohammad.elaabaribao/work/interns/y2026/temp/ds_temp_intern/temp/era5_mswt/postproc/results/unet1_temp_mse/metrics/bias/data/land/bias_summary_daily_first.csv

All bias products saved successfully.
[BIAS] plot
Using device: cpu
=== Temperature bias plotting ===
Spatial domain  : land
Display domain  : land
Metric config   : /srv/data/mohammad.elaabaribao/work/interns/y2026/temp/ds_temp_intern/temp/era5_mswt/postproc/mean/bias/config.yaml
Main config     : /srv/data/mohammad.elaabaribao/work/interns/y2026/temp/ds_temp_intern/temp/era5_mswt/main/configs/unet/config_unet1_mse.yaml
Input data dir  : /srv/data/mohammad.elaabaribao/work/interns/y2026/temp/ds_temp_intern/temp/era5_mswt/postproc/results/unet1_temp_mse/metrics/bias/data/land
Output plot dir : /srv/data/mohammad.elaabaribao/work/interns/y2026/temp/ds_temp_intern/temp/era5_mswt/postproc/results/unet1_temp_mse/metrics/bias/plots/land
Strategy        : daily_first
Return by year  : False
[STEP] Plotting annual bias map
[STEP] Plotting DJF bias map
[STEP] Plotting MAM bias map
[STEP] Plotting JJA bias map
[STEP] Plotting SON bias map
[STEP] Plotting grouped seasonal bias panel
[STEP] Plotting seasonal bias boxplot
[STEP] Plotting annual bias boxplot
[SUCCESS] Bias figures saved to: /srv/data/mohammad.elaabaribao/work/interns/y2026/temp/ds_temp_intern/temp/era5_mswt/postproc/results/unet1_temp_mse/metrics/bias/plots/land
[BIAS] done

--------------------------------------
[RMSE]
Config: era5_mswt/postproc/mean/rmse/config.yaml
--------------------------------------
[RMSE] compute
Using device: cpu
=== Temperature RMSE postprocessing ===
Spatial domain   : land
Save mask        : True
Metric config   : /srv/data/mohammad.elaabaribao/work/interns/y2026/temp/ds_temp_intern/temp/era5_mswt/postproc/mean/rmse/config.yaml
Main config     : /srv/data/mohammad.elaabaribao/work/interns/y2026/temp/ds_temp_intern/temp/era5_mswt/main/configs/unet/config_unet1_mse.yaml
Experiment root : /srv/data/mohammad.elaabaribao/work/interns/y2026/temp/ds_temp_intern/temp/era5_mswt/results/unet1_temp_mse
Prediction file : /srv/data/mohammad.elaabaribao/work/interns/y2026/temp/ds_temp_intern/temp/era5_mswt/results/unet1_temp_mse/output_data/unet1_predictions_mswt.nc
Observation file: /home/mohammad.elaabaribao/lustre/climat-um6p-st-iwri-7ksifkvwkuy/users/mohammad.elaabaribao/data/obs/mswep/mswt_1979_2020.nc
Time window     : 2006-01-01 -> 2020-12-31
Strategy        : daily_first
Return by year  : False
Min valid       : 10
Seasons         : ['Annual', 'DJF', 'MAM', 'JJA', 'SON']
Data output dir : /srv/data/mohammad.elaabaribao/work/interns/y2026/temp/ds_temp_intern/temp/era5_mswt/postproc/results/unet1_temp_mse/metrics/rmse/data/land
Plot output dir : /srv/data/mohammad.elaabaribao/work/interns/y2026/temp/ds_temp_intern/temp/era5_mswt/postproc/results/unet1_temp_mse/metrics/rmse/plots/land
Prediction units : Unit unknown -> no automatic conversion applied.
Observation units: Already in Celsius.
Aligned shape: pred=(5479, 150, 180), obs=(5479, 150, 180)
Spatial evaluation domain: land
Valid spatial pixels      : 17417
Computation pixels        : 17417

--- Computing RMSE for Annual ---
Saved NetCDF: /srv/data/mohammad.elaabaribao/work/interns/y2026/temp/ds_temp_intern/temp/era5_mswt/postproc/results/unet1_temp_mse/metrics/rmse/data/land/rmse_annual_daily_first_mean_period.nc
  mean=1.1985, min=0.6361, max=4.4740, std=0.2470

--- Computing RMSE for DJF ---
Saved NetCDF: /srv/data/mohammad.elaabaribao/work/interns/y2026/temp/ds_temp_intern/temp/era5_mswt/postproc/results/unet1_temp_mse/metrics/rmse/data/land/rmse_djf_daily_first_mean_period.nc
  mean=1.2013, min=0.6471, max=6.4739, std=0.2587

--- Computing RMSE for MAM ---
Saved NetCDF: /srv/data/mohammad.elaabaribao/work/interns/y2026/temp/ds_temp_intern/temp/era5_mswt/postproc/results/unet1_temp_mse/metrics/rmse/data/land/rmse_mam_daily_first_mean_period.nc
  mean=1.1323, min=0.6023, max=4.0990, std=0.3166

--- Computing RMSE for JJA ---
Saved NetCDF: /srv/data/mohammad.elaabaribao/work/interns/y2026/temp/ds_temp_intern/temp/era5_mswt/postproc/results/unet1_temp_mse/metrics/rmse/data/land/rmse_jja_daily_first_mean_period.nc
  mean=1.2513, min=0.5985, max=3.2808, std=0.2687

--- Computing RMSE for SON ---
Saved NetCDF: /srv/data/mohammad.elaabaribao/work/interns/y2026/temp/ds_temp_intern/temp/era5_mswt/postproc/results/unet1_temp_mse/metrics/rmse/data/land/rmse_son_daily_first_mean_period.nc
  mean=1.1586, min=0.6270, max=4.4776, std=0.2362

Saved summary CSV: /srv/data/mohammad.elaabaribao/work/interns/y2026/temp/ds_temp_intern/temp/era5_mswt/postproc/results/unet1_temp_mse/metrics/rmse/data/land/rmse_summary_daily_first.csv

All RMSE products saved successfully.
[RMSE] plot
Using device: cpu
=== Temperature RMSE plotting ===
Spatial domain  : land
Display domain  : land
Metric config   : /srv/data/mohammad.elaabaribao/work/interns/y2026/temp/ds_temp_intern/temp/era5_mswt/postproc/mean/rmse/config.yaml
Main config     : /srv/data/mohammad.elaabaribao/work/interns/y2026/temp/ds_temp_intern/temp/era5_mswt/main/configs/unet/config_unet1_mse.yaml
Input data dir  : /srv/data/mohammad.elaabaribao/work/interns/y2026/temp/ds_temp_intern/temp/era5_mswt/postproc/results/unet1_temp_mse/metrics/rmse/data/land
Output plot dir : /srv/data/mohammad.elaabaribao/work/interns/y2026/temp/ds_temp_intern/temp/era5_mswt/postproc/results/unet1_temp_mse/metrics/rmse/plots/land
Strategy        : daily_first
Return by year  : False
[STEP] Plotting annual RMSE map
[STEP] Plotting DJF RMSE map
[STEP] Plotting MAM RMSE map
[STEP] Plotting JJA RMSE map
[STEP] Plotting SON RMSE map
[STEP] Plotting grouped seasonal RMSE panel
[STEP] Plotting seasonal RMSE boxplot
[STEP] Plotting annual RMSE boxplot
[SUCCESS] RMSE figures saved to: /srv/data/mohammad.elaabaribao/work/interns/y2026/temp/ds_temp_intern/temp/era5_mswt/postproc/results/unet1_temp_mse/metrics/rmse/plots/land
[RMSE] done

--------------------------------------
[CORRELATION]
Config: era5_mswt/postproc/mean/correlation/config.yaml
--------------------------------------
[CORRELATION] compute
Using device: cpu
=== Temperature correlation postprocessing ===
Spatial domain   : land
Save mask        : True
Metric config   : /srv/data/mohammad.elaabaribao/work/interns/y2026/temp/ds_temp_intern/temp/era5_mswt/postproc/mean/correlation/config.yaml
Main config     : /srv/data/mohammad.elaabaribao/work/interns/y2026/temp/ds_temp_intern/temp/era5_mswt/main/configs/unet/config_unet1_mse.yaml
Experiment root : /srv/data/mohammad.elaabaribao/work/interns/y2026/temp/ds_temp_intern/temp/era5_mswt/results/unet1_temp_mse
Prediction file : /srv/data/mohammad.elaabaribao/work/interns/y2026/temp/ds_temp_intern/temp/era5_mswt/results/unet1_temp_mse/output_data/unet1_predictions_mswt.nc
Observation file: /home/mohammad.elaabaribao/lustre/climat-um6p-st-iwri-7ksifkvwkuy/users/mohammad.elaabaribao/data/obs/mswep/mswt_1979_2020.nc
Time window     : 2006-01-01 -> 2020-12-31
Window (CORR D) : 31
Min valid       : 10
Seasons         : ['Annual', 'DJF', 'MAM', 'JJA', 'SON']
corr_d data dir : /srv/data/mohammad.elaabaribao/work/interns/y2026/temp/ds_temp_intern/temp/era5_mswt/postproc/results/unet1_temp_mse/metrics/corr_d/data/land
corr_d plot dir : /srv/data/mohammad.elaabaribao/work/interns/y2026/temp/ds_temp_intern/temp/era5_mswt/postproc/results/unet1_temp_mse/metrics/corr_d/plots/land
Prediction units : Unit unknown -> no automatic conversion applied.
Observation units: Already in Celsius.
Aligned shape    : pred=(5479, 150, 180), obs=(5479, 150, 180)
Spatial evaluation domain: land
Valid spatial pixels      : 17417
Computation pixels        : 17417

--- Computing correlations for Annual ---
Saved: /srv/data/mohammad.elaabaribao/work/interns/y2026/temp/ds_temp_intern/temp/era5_mswt/postproc/results/unet1_temp_mse/metrics/corr_d/data/land/corr_d_annual_mean_period.nc
  CORR D mean=0.9212, min=0.6352, max=0.9604

--- Computing correlations for DJF ---
Saved: /srv/data/mohammad.elaabaribao/work/interns/y2026/temp/ds_temp_intern/temp/era5_mswt/postproc/results/unet1_temp_mse/metrics/corr_d/data/land/corr_d_djf_mean_period.nc
  CORR D mean=0.9048, min=0.7060, max=0.9411

--- Computing correlations for MAM ---
Saved: /srv/data/mohammad.elaabaribao/work/interns/y2026/temp/ds_temp_intern/temp/era5_mswt/postproc/results/unet1_temp_mse/metrics/corr_d/data/land/corr_d_mam_mean_period.nc
  CORR D mean=0.9495, min=0.6156, max=0.9775

--- Computing correlations for JJA ---
Saved: /srv/data/mohammad.elaabaribao/work/interns/y2026/temp/ds_temp_intern/temp/era5_mswt/postproc/results/unet1_temp_mse/metrics/corr_d/data/land/corr_d_jja_mean_period.nc
  CORR D mean=0.8884, min=0.4144, max=0.9714

--- Computing correlations for SON ---
Saved: /srv/data/mohammad.elaabaribao/work/interns/y2026/temp/ds_temp_intern/temp/era5_mswt/postproc/results/unet1_temp_mse/metrics/corr_d/data/land/corr_d_son_mean_period.nc
  CORR D mean=0.9118, min=0.6160, max=0.9489

Saved summary CSV: /srv/data/mohammad.elaabaribao/work/interns/y2026/temp/ds_temp_intern/temp/era5_mswt/postproc/results/unet1_temp_mse/metrics/corr_d/data/land/corr_d_summary.csv

All correlation products saved successfully.
[CORRELATION] plot
Using device: cpu
=== Temperature correlation plotting ===
Spatial domain  : land
Display domain  : land
Metric config   : /srv/data/mohammad.elaabaribao/work/interns/y2026/temp/ds_temp_intern/temp/era5_mswt/postproc/mean/correlation/config.yaml
Main config     : /srv/data/mohammad.elaabaribao/work/interns/y2026/temp/ds_temp_intern/temp/era5_mswt/main/configs/unet/config_unet1_mse.yaml
Experiment root : /srv/data/mohammad.elaabaribao/work/interns/y2026/temp/ds_temp_intern/temp/era5_mswt/results/unet1_temp_mse
Selected seasons: ['Annual', 'DJF', 'MAM', 'JJA', 'SON']

=== Plotting corr_d ===
Spatial domain  : land
Display domain  : land
Input data dir  : /srv/data/mohammad.elaabaribao/work/interns/y2026/temp/ds_temp_intern/temp/era5_mswt/postproc/results/unet1_temp_mse/metrics/corr_d/data/land
Output plot dir : /srv/data/mohammad.elaabaribao/work/interns/y2026/temp/ds_temp_intern/temp/era5_mswt/postproc/results/unet1_temp_mse/metrics/corr_d/plots/land
[STEP] Plotting annual corr_d map
[STEP] Plotting DJF corr_d map
[STEP] Plotting MAM corr_d map
[STEP] Plotting JJA corr_d map
[STEP] Plotting SON corr_d map
[STEP] Plotting seasonal corr_d panel
[STEP] Plotting seasonal corr_d boxplot
[STEP] Plotting annual corr_d boxplot
[SUCCESS] corr_d figures saved to: /srv/data/mohammad.elaabaribao/work/interns/y2026/temp/ds_temp_intern/temp/era5_mswt/postproc/results/unet1_temp_mse/metrics/corr_d/plots/land

All correlation figures saved successfully.
[CORRELATION] done

========== EXTREME METRICS ==========

--------------------------------------
[B02]
Config: era5_mswt/postproc/extreme/b02/config.yaml
--------------------------------------
[B02] compute
Using device: cpu
=== Temperature B-02 postprocessing ===
Spatial domain   : land
Save mask        : True
Metric config   : /srv/data/mohammad.elaabaribao/work/interns/y2026/temp/ds_temp_intern/temp/era5_mswt/postproc/extreme/b02/config.yaml
Main config     : /srv/data/mohammad.elaabaribao/work/interns/y2026/temp/ds_temp_intern/temp/era5_mswt/main/configs/unet/config_unet1_mse.yaml
Experiment root : /srv/data/mohammad.elaabaribao/work/interns/y2026/temp/ds_temp_intern/temp/era5_mswt/results/unet1_temp_mse
Prediction file : /srv/data/mohammad.elaabaribao/work/interns/y2026/temp/ds_temp_intern/temp/era5_mswt/results/unet1_temp_mse/output_data/unet1_predictions_mswt.nc
Observation file: /home/mohammad.elaabaribao/lustre/climat-um6p-st-iwri-7ksifkvwkuy/users/mohammad.elaabaribao/data/obs/mswep/mswt_1979_2020.nc
Time window     : 2006-01-01 -> 2020-12-31
Quantile        : 0.02
Min valid       : 10
Seasons         : ['Annual', 'DJF', 'MAM', 'JJA', 'SON']
Data output dir : /srv/data/mohammad.elaabaribao/work/interns/y2026/temp/ds_temp_intern/temp/era5_mswt/postproc/results/unet1_temp_mse/metrics/b02/data/land
Plot output dir : /srv/data/mohammad.elaabaribao/work/interns/y2026/temp/ds_temp_intern/temp/era5_mswt/postproc/results/unet1_temp_mse/metrics/b02/plots/land
Prediction units : Unit unknown -> no automatic conversion applied.
Observation units: Already in Celsius.
Aligned shape    : pred=(5479, 150, 180), obs=(5479, 150, 180)
Spatial evaluation domain: land
Valid spatial pixels      : 17417
Computation pixels        : 17417

--- Computing B-02 for Annual ---
Saved: /srv/data/mohammad.elaabaribao/work/interns/y2026/temp/ds_temp_intern/temp/era5_mswt/postproc/results/unet1_temp_mse/metrics/b02/data/land/b02_annual_mean_period.nc
  mean=0.0110, min=-3.0682, max=6.4049

--- Computing B-02 for DJF ---
Saved: /srv/data/mohammad.elaabaribao/work/interns/y2026/temp/ds_temp_intern/temp/era5_mswt/postproc/results/unet1_temp_mse/metrics/b02/data/land/b02_djf_mean_period.nc
  mean=0.2077, min=-2.8951, max=6.9426

--- Computing B-02 for MAM ---
Saved: /srv/data/mohammad.elaabaribao/work/interns/y2026/temp/ds_temp_intern/temp/era5_mswt/postproc/results/unet1_temp_mse/metrics/b02/data/land/b02_mam_mean_period.nc
  mean=-0.5179, min=-4.1379, max=5.5100

--- Computing B-02 for JJA ---
Saved: /srv/data/mohammad.elaabaribao/work/interns/y2026/temp/ds_temp_intern/temp/era5_mswt/postproc/results/unet1_temp_mse/metrics/b02/data/land/b02_jja_mean_period.nc
  mean=-0.2659, min=-3.3059, max=3.9602

--- Computing B-02 for SON ---
Saved: /srv/data/mohammad.elaabaribao/work/interns/y2026/temp/ds_temp_intern/temp/era5_mswt/postproc/results/unet1_temp_mse/metrics/b02/data/land/b02_son_mean_period.nc
  mean=-0.4299, min=-3.4456, max=6.0348

Saved summary CSV: /srv/data/mohammad.elaabaribao/work/interns/y2026/temp/ds_temp_intern/temp/era5_mswt/postproc/results/unet1_temp_mse/metrics/b02/data/land/b02_summary.csv

All B-02 products saved successfully.
[B02] plot
Using device: cpu
=== Temperature B-02 plotting ===
Spatial domain  : land
Display domain  : land
Metric config   : /srv/data/mohammad.elaabaribao/work/interns/y2026/temp/ds_temp_intern/temp/era5_mswt/postproc/extreme/b02/config.yaml
Main config     : /srv/data/mohammad.elaabaribao/work/interns/y2026/temp/ds_temp_intern/temp/era5_mswt/main/configs/unet/config_unet1_mse.yaml
Input data dir  : /srv/data/mohammad.elaabaribao/work/interns/y2026/temp/ds_temp_intern/temp/era5_mswt/postproc/results/unet1_temp_mse/metrics/b02/data/land
Output plot dir : /srv/data/mohammad.elaabaribao/work/interns/y2026/temp/ds_temp_intern/temp/era5_mswt/postproc/results/unet1_temp_mse/metrics/b02/plots/land
[STEP] Plotting annual P02 comparison
[STEP] Plotting annual B-02 map
[STEP] Plotting DJF B-02 map
[STEP] Plotting MAM B-02 map
[STEP] Plotting JJA B-02 map
[STEP] Plotting SON B-02 map
[STEP] Plotting grouped seasonal B-02 panel
[STEP] Plotting seasonal B-02 boxplot
[STEP] Plotting annual B-02 boxplot
[SUCCESS] B-02 figures saved to: /srv/data/mohammad.elaabaribao/work/interns/y2026/temp/ds_temp_intern/temp/era5_mswt/postproc/results/unet1_temp_mse/metrics/b02/plots/land
[B02] done

--------------------------------------
[B98]
Config: era5_mswt/postproc/extreme/b98/config.yaml
--------------------------------------
[B98] compute
Using device: cpu
=== Temperature B-98 postprocessing ===
Spatial domain   : land
Save mask        : True
Metric config   : /srv/data/mohammad.elaabaribao/work/interns/y2026/temp/ds_temp_intern/temp/era5_mswt/postproc/extreme/b98/config.yaml
Main config     : /srv/data/mohammad.elaabaribao/work/interns/y2026/temp/ds_temp_intern/temp/era5_mswt/main/configs/unet/config_unet1_mse.yaml
Experiment root : /srv/data/mohammad.elaabaribao/work/interns/y2026/temp/ds_temp_intern/temp/era5_mswt/results/unet1_temp_mse
Prediction file : /srv/data/mohammad.elaabaribao/work/interns/y2026/temp/ds_temp_intern/temp/era5_mswt/results/unet1_temp_mse/output_data/unet1_predictions_mswt.nc
Observation file: /home/mohammad.elaabaribao/lustre/climat-um6p-st-iwri-7ksifkvwkuy/users/mohammad.elaabaribao/data/obs/mswep/mswt_1979_2020.nc
Time window     : 2006-01-01 -> 2020-12-31
Quantile        : 0.98
Min valid       : 10
Seasons         : ['Annual', 'DJF', 'MAM', 'JJA', 'SON']
Data output dir : /srv/data/mohammad.elaabaribao/work/interns/y2026/temp/ds_temp_intern/temp/era5_mswt/postproc/results/unet1_temp_mse/metrics/b98/data/land
Plot output dir : /srv/data/mohammad.elaabaribao/work/interns/y2026/temp/ds_temp_intern/temp/era5_mswt/postproc/results/unet1_temp_mse/metrics/b98/plots/land
Prediction units : Unit unknown -> no automatic conversion applied.
Observation units: Already in Celsius.
Aligned shape    : pred=(5479, 150, 180), obs=(5479, 150, 180)
Spatial evaluation domain: land
Valid spatial pixels      : 17417
Computation pixels        : 17417

--- Computing B-98 for Annual ---
Saved: /srv/data/mohammad.elaabaribao/work/interns/y2026/temp/ds_temp_intern/temp/era5_mswt/postproc/results/unet1_temp_mse/metrics/b98/data/land/b98_annual_mean_period.nc
  mean=-1.1091, min=-4.5219, max=2.8162

--- Computing B-98 for DJF ---
Saved: /srv/data/mohammad.elaabaribao/work/interns/y2026/temp/ds_temp_intern/temp/era5_mswt/postproc/results/unet1_temp_mse/metrics/b98/data/land/b98_djf_mean_period.nc
  mean=-0.1332, min=-4.2889, max=5.4654

--- Computing B-98 for MAM ---
Saved: /srv/data/mohammad.elaabaribao/work/interns/y2026/temp/ds_temp_intern/temp/era5_mswt/postproc/results/unet1_temp_mse/metrics/b98/data/land/b98_mam_mean_period.nc
  mean=-0.4557, min=-4.2327, max=3.8164

--- Computing B-98 for JJA ---
Saved: /srv/data/mohammad.elaabaribao/work/interns/y2026/temp/ds_temp_intern/temp/era5_mswt/postproc/results/unet1_temp_mse/metrics/b98/data/land/b98_jja_mean_period.nc
  mean=-1.4372, min=-5.7130, max=3.1673

--- Computing B-98 for SON ---
Saved: /srv/data/mohammad.elaabaribao/work/interns/y2026/temp/ds_temp_intern/temp/era5_mswt/postproc/results/unet1_temp_mse/metrics/b98/data/land/b98_son_mean_period.nc
  mean=-0.8396, min=-4.4038, max=3.0123

Saved summary CSV: /srv/data/mohammad.elaabaribao/work/interns/y2026/temp/ds_temp_intern/temp/era5_mswt/postproc/results/unet1_temp_mse/metrics/b98/data/land/b98_summary.csv

All B-98 products saved successfully.
[B98] plot
Using device: cpu
=== Temperature B-98 plotting ===
Spatial domain  : land
Display domain  : land
Metric config   : /srv/data/mohammad.elaabaribao/work/interns/y2026/temp/ds_temp_intern/temp/era5_mswt/postproc/extreme/b98/config.yaml
Main config     : /srv/data/mohammad.elaabaribao/work/interns/y2026/temp/ds_temp_intern/temp/era5_mswt/main/configs/unet/config_unet1_mse.yaml
Input data dir  : /srv/data/mohammad.elaabaribao/work/interns/y2026/temp/ds_temp_intern/temp/era5_mswt/postproc/results/unet1_temp_mse/metrics/b98/data/land
Output plot dir : /srv/data/mohammad.elaabaribao/work/interns/y2026/temp/ds_temp_intern/temp/era5_mswt/postproc/results/unet1_temp_mse/metrics/b98/plots/land
[STEP] Plotting annual P98 comparison
[STEP] Plotting annual B-98 map
[STEP] Plotting DJF B-98 map
[STEP] Plotting MAM B-98 map
[STEP] Plotting JJA B-98 map
[STEP] Plotting SON B-98 map
[STEP] Plotting grouped seasonal B-98 panel
[STEP] Plotting seasonal B-98 boxplot
[STEP] Plotting annual B-98 boxplot
[SUCCESS] B-98 figures saved to: /srv/data/mohammad.elaabaribao/work/interns/y2026/temp/ds_temp_intern/temp/era5_mswt/postproc/results/unet1_temp_mse/metrics/b98/plots/land
[B98] done

--------------------------------------
[CAMS]
Config: era5_mswt/postproc/extreme/cams/config.yaml
--------------------------------------
[CAMS] compute
Using device: cpu
=== Temperature CAMS postprocessing ===
Spatial domain   : land
Save mask        : True
Metric config     : /srv/data/mohammad.elaabaribao/work/interns/y2026/temp/ds_temp_intern/temp/era5_mswt/postproc/extreme/cams/config.yaml
Main config       : /srv/data/mohammad.elaabaribao/work/interns/y2026/temp/ds_temp_intern/temp/era5_mswt/main/configs/unet/config_unet1_mse.yaml
Experiment root   : /srv/data/mohammad.elaabaribao/work/interns/y2026/temp/ds_temp_intern/temp/era5_mswt/results/unet1_temp_mse
Prediction file   : /srv/data/mohammad.elaabaribao/work/interns/y2026/temp/ds_temp_intern/temp/era5_mswt/results/unet1_temp_mse/output_data/unet1_predictions_mswt.nc
Observation file  : /home/mohammad.elaabaribao/lustre/climat-um6p-st-iwri-7ksifkvwkuy/users/mohammad.elaabaribao/data/obs/mswep/mswt_1979_2020.nc
Time window       : 2006-01-01 -> 2020-12-31
Threshold quantile: 0.1
Min spell length  : 2
Min valid days    : 10
Min valid years   : 1
Data output dir   : /srv/data/mohammad.elaabaribao/work/interns/y2026/temp/ds_temp_intern/temp/era5_mswt/postproc/results/unet1_temp_mse/metrics/cams/data/land
Plot output dir   : /srv/data/mohammad.elaabaribao/work/interns/y2026/temp/ds_temp_intern/temp/era5_mswt/postproc/results/unet1_temp_mse/metrics/cams/plots/land
Prediction units : Unit unknown -> no automatic conversion applied.
Observation units: Already in Celsius.
Aligned shape    : pred=(5479, 150, 180), obs=(5479, 150, 180)
Spatial evaluation domain: land
Valid spatial pixels      : 17417
Computation pixels        : 17417
Saved summary CSV: /srv/data/mohammad.elaabaribao/work/interns/y2026/temp/ds_temp_intern/temp/era5_mswt/postproc/results/unet1_temp_mse/metrics/cams/data/land/cams_summary.csv
Saved: /srv/data/mohammad.elaabaribao/work/interns/y2026/temp/ds_temp_intern/temp/era5_mswt/postproc/results/unet1_temp_mse/metrics/cams/data/land/cams_annual_mean_period.nc
  bCAMS mean=-0.8777, min=-7.0000, max=7.0000

CAMS products saved successfully.
[CAMS] plot
Using device: cpu
=== Temperature CAMS plotting ===
Spatial domain  : land
Display domain  : land
Metric config   : /srv/data/mohammad.elaabaribao/work/interns/y2026/temp/ds_temp_intern/temp/era5_mswt/postproc/extreme/cams/config.yaml
Main config     : /srv/data/mohammad.elaabaribao/work/interns/y2026/temp/ds_temp_intern/temp/era5_mswt/main/configs/unet/config_unet1_mse.yaml
Input data dir  : /srv/data/mohammad.elaabaribao/work/interns/y2026/temp/ds_temp_intern/temp/era5_mswt/postproc/results/unet1_temp_mse/metrics/cams/data/land
Output plot dir : /srv/data/mohammad.elaabaribao/work/interns/y2026/temp/ds_temp_intern/temp/era5_mswt/postproc/results/unet1_temp_mse/metrics/cams/plots/land
[STEP] Loading CAMS fields
[STEP] Plotting annual CAMS comparison
[STEP] Plotting annual bCAMS map
[STEP] Plotting annual bCAMS boxplot
[SUCCESS] CAMS figures saved to: /srv/data/mohammad.elaabaribao/work/interns/y2026/temp/ds_temp_intern/temp/era5_mswt/postproc/results/unet1_temp_mse/metrics/cams/plots/land
[CAMS] done

--------------------------------------
[WAMS]
Config: era5_mswt/postproc/extreme/wams/config.yaml
--------------------------------------
[WAMS] compute
Using device: cpu
=== Temperature WAMS postprocessing ===
Spatial domain   : land
Save mask        : True
Metric config     : /srv/data/mohammad.elaabaribao/work/interns/y2026/temp/ds_temp_intern/temp/era5_mswt/postproc/extreme/wams/config.yaml
Main config       : /srv/data/mohammad.elaabaribao/work/interns/y2026/temp/ds_temp_intern/temp/era5_mswt/main/configs/unet/config_unet1_mse.yaml
Experiment root   : /srv/data/mohammad.elaabaribao/work/interns/y2026/temp/ds_temp_intern/temp/era5_mswt/results/unet1_temp_mse
Prediction file   : /srv/data/mohammad.elaabaribao/work/interns/y2026/temp/ds_temp_intern/temp/era5_mswt/results/unet1_temp_mse/output_data/unet1_predictions_mswt.nc
Observation file  : /home/mohammad.elaabaribao/lustre/climat-um6p-st-iwri-7ksifkvwkuy/users/mohammad.elaabaribao/data/obs/mswep/mswt_1979_2020.nc
Time window       : 2006-01-01 -> 2020-12-31
Threshold quantile: 0.9
Min spell length  : 2
Min valid days    : 10
Min valid years   : 1
Data output dir   : /srv/data/mohammad.elaabaribao/work/interns/y2026/temp/ds_temp_intern/temp/era5_mswt/postproc/results/unet1_temp_mse/metrics/wams/data/land
Plot output dir   : /srv/data/mohammad.elaabaribao/work/interns/y2026/temp/ds_temp_intern/temp/era5_mswt/postproc/results/unet1_temp_mse/metrics/wams/plots/land
Prediction units : Unit unknown -> no automatic conversion applied.
Observation units: Already in Celsius.
Aligned shape    : pred=(5479, 150, 180), obs=(5479, 150, 180)
Spatial evaluation domain: land
Valid spatial pixels      : 17417
Computation pixels        : 17417
Saved summary CSV: /srv/data/mohammad.elaabaribao/work/interns/y2026/temp/ds_temp_intern/temp/era5_mswt/postproc/results/unet1_temp_mse/metrics/wams/data/land/wams_summary.csv
Saved: /srv/data/mohammad.elaabaribao/work/interns/y2026/temp/ds_temp_intern/temp/era5_mswt/postproc/results/unet1_temp_mse/metrics/wams/data/land/wams_annual_mean_period.nc
  bWAMS mean=1.0212, min=-8.0000, max=9.0000

WAMS products saved successfully.
[WAMS] plot
Using device: cpu
=== Temperature WAMS plotting ===
Spatial domain  : land
Display domain  : land
Metric config   : /srv/data/mohammad.elaabaribao/work/interns/y2026/temp/ds_temp_intern/temp/era5_mswt/postproc/extreme/wams/config.yaml
Main config     : /srv/data/mohammad.elaabaribao/work/interns/y2026/temp/ds_temp_intern/temp/era5_mswt/main/configs/unet/config_unet1_mse.yaml
Input data dir  : /srv/data/mohammad.elaabaribao/work/interns/y2026/temp/ds_temp_intern/temp/era5_mswt/postproc/results/unet1_temp_mse/metrics/wams/data/land
Output plot dir : /srv/data/mohammad.elaabaribao/work/interns/y2026/temp/ds_temp_intern/temp/era5_mswt/postproc/results/unet1_temp_mse/metrics/wams/plots/land
[STEP] Loading WAMS fields
[STEP] Plotting annual WAMS comparison
[STEP] Plotting annual bWAMS map
[STEP] Plotting annual bWAMS boxplot
[SUCCESS] WAMS figures saved to: /srv/data/mohammad.elaabaribao/work/interns/y2026/temp/ds_temp_intern/temp/era5_mswt/postproc/results/unet1_temp_mse/metrics/wams/plots/land
[WAMS] done

========== TEMPORAL METRICS ==========

--------------------------------------
[AC1]
Config: era5_mswt/postproc/temporal/ac1/config.yaml
--------------------------------------
[AC1] compute
Using device: cpu
=== Temperature AC1 postprocessing ===
Spatial domain   : land
Save mask        : True
Metric config   : /srv/data/mohammad.elaabaribao/work/interns/y2026/temp/ds_temp_intern/temp/era5_mswt/postproc/temporal/ac1/config.yaml
Main config     : /srv/data/mohammad.elaabaribao/work/interns/y2026/temp/ds_temp_intern/temp/era5_mswt/main/configs/unet/config_unet1_mse.yaml
Experiment root : /srv/data/mohammad.elaabaribao/work/interns/y2026/temp/ds_temp_intern/temp/era5_mswt/results/unet1_temp_mse
Prediction file : /srv/data/mohammad.elaabaribao/work/interns/y2026/temp/ds_temp_intern/temp/era5_mswt/results/unet1_temp_mse/output_data/unet1_predictions_mswt.nc
Observation file: /home/mohammad.elaabaribao/lustre/climat-um6p-st-iwri-7ksifkvwkuy/users/mohammad.elaabaribao/data/obs/mswep/mswt_1979_2020.nc
Time window     : 2006-01-01 -> 2020-12-31
Min valid pairs : 10
Data output dir : /srv/data/mohammad.elaabaribao/work/interns/y2026/temp/ds_temp_intern/temp/era5_mswt/postproc/results/unet1_temp_mse/metrics/ac1/data/land
Plot output dir : /srv/data/mohammad.elaabaribao/work/interns/y2026/temp/ds_temp_intern/temp/era5_mswt/postproc/results/unet1_temp_mse/metrics/ac1/plots/land
Prediction units : Unit unknown -> no automatic conversion applied.
Observation units: Already in Celsius.
Aligned shape    : pred=(5479, 150, 180), obs=(5479, 150, 180)
Spatial evaluation domain: land
Valid spatial pixels      : 17417
Computation pixels        : 17417
Saved summary CSV: /srv/data/mohammad.elaabaribao/work/interns/y2026/temp/ds_temp_intern/temp/era5_mswt/postproc/results/unet1_temp_mse/metrics/ac1/data/land/ac1_summary.csv
Saved: /srv/data/mohammad.elaabaribao/work/interns/y2026/temp/ds_temp_intern/temp/era5_mswt/postproc/results/unet1_temp_mse/metrics/ac1/data/land/ac1_annual_mean_period.nc
  bAC1 mean=0.0008, min=-0.0616, max=0.0471

AC1 products saved successfully.
[AC1] plot
Using device: cpu
=== Temperature AC1 plotting ===
Spatial domain  : land
Display domain  : land
Metric config   : /srv/data/mohammad.elaabaribao/work/interns/y2026/temp/ds_temp_intern/temp/era5_mswt/postproc/temporal/ac1/config.yaml
Main config     : /srv/data/mohammad.elaabaribao/work/interns/y2026/temp/ds_temp_intern/temp/era5_mswt/main/configs/unet/config_unet1_mse.yaml
Input data dir  : /srv/data/mohammad.elaabaribao/work/interns/y2026/temp/ds_temp_intern/temp/era5_mswt/postproc/results/unet1_temp_mse/metrics/ac1/data/land
Output plot dir : /srv/data/mohammad.elaabaribao/work/interns/y2026/temp/ds_temp_intern/temp/era5_mswt/postproc/results/unet1_temp_mse/metrics/ac1/plots/land
[STEP] Loading AC1 fields
[STEP] Plotting annual AC1 comparison
[STEP] Plotting annual bAC1 map
[STEP] Plotting annual bAC1 boxplot
[SUCCESS] AC1 figures saved to: /srv/data/mohammad.elaabaribao/work/interns/y2026/temp/ds_temp_intern/temp/era5_mswt/postproc/results/unet1_temp_mse/metrics/ac1/plots/land
[AC1] done

--------------------------------------
[RSTD]
Config: era5_mswt/postproc/temporal/rstd/config.yaml
--------------------------------------
[RSTD] compute
Using device: cpu
=== Temperature RSTD postprocessing ===
Spatial domain   : land
Save mask        : True
Metric config   : /srv/data/mohammad.elaabaribao/work/interns/y2026/temp/ds_temp_intern/temp/era5_mswt/postproc/temporal/rstd/config.yaml
Main config     : /srv/data/mohammad.elaabaribao/work/interns/y2026/temp/ds_temp_intern/temp/era5_mswt/main/configs/unet/config_unet1_mse.yaml
Experiment root : /srv/data/mohammad.elaabaribao/work/interns/y2026/temp/ds_temp_intern/temp/era5_mswt/results/unet1_temp_mse
Prediction file : /srv/data/mohammad.elaabaribao/work/interns/y2026/temp/ds_temp_intern/temp/era5_mswt/results/unet1_temp_mse/output_data/unet1_predictions_mswt.nc
Observation file: /home/mohammad.elaabaribao/lustre/climat-um6p-st-iwri-7ksifkvwkuy/users/mohammad.elaabaribao/data/obs/mswep/mswt_1979_2020.nc
Time window     : 2006-01-01 -> 2020-12-31
Window          : 31
Min valid       : 10
Data output dir : /srv/data/mohammad.elaabaribao/work/interns/y2026/temp/ds_temp_intern/temp/era5_mswt/postproc/results/unet1_temp_mse/metrics/rstd/data/land
Plot output dir : /srv/data/mohammad.elaabaribao/work/interns/y2026/temp/ds_temp_intern/temp/era5_mswt/postproc/results/unet1_temp_mse/metrics/rstd/plots/land
Prediction units : Unit unknown -> no automatic conversion applied.
Observation units: Already in Celsius.
Aligned shape    : pred=(5479, 150, 180), obs=(5479, 150, 180)
Spatial evaluation domain: land
Valid spatial pixels      : 17417
Computation pixels        : 17417
Saved summary CSV: /srv/data/mohammad.elaabaribao/work/interns/y2026/temp/ds_temp_intern/temp/era5_mswt/postproc/results/unet1_temp_mse/metrics/rstd/data/land/rstd_summary.csv
Saved: /srv/data/mohammad.elaabaribao/work/interns/y2026/temp/ds_temp_intern/temp/era5_mswt/postproc/results/unet1_temp_mse/metrics/rstd/data/land/rstd_annual_mean_period.nc
  RSTD mean=0.9748, min=0.3695, max=1.5080

RSTD products saved successfully.
[RSTD] plot
/srv/data/mohammad.elaabaribao/work/interns/y2026/temp/ds_temp_intern/temp/era5_mswt/postproc/temporal/rstd/plot.py:355: MatplotlibDeprecationWarning: The 'labels' parameter of boxplot() has been renamed 'tick_labels' since Matplotlib 3.9; support for the old name will be dropped in 3.11.
  ax.boxplot(
Using device: cpu
=== Temperature RSTD plotting ===
Spatial domain  : land
Display domain  : land
Metric config   : /srv/data/mohammad.elaabaribao/work/interns/y2026/temp/ds_temp_intern/temp/era5_mswt/postproc/temporal/rstd/config.yaml
Main config     : /srv/data/mohammad.elaabaribao/work/interns/y2026/temp/ds_temp_intern/temp/era5_mswt/main/configs/unet/config_unet1_mse.yaml
Input data dir  : /srv/data/mohammad.elaabaribao/work/interns/y2026/temp/ds_temp_intern/temp/era5_mswt/postproc/results/unet1_temp_mse/metrics/rstd/data/land
Output plot dir : /srv/data/mohammad.elaabaribao/work/interns/y2026/temp/ds_temp_intern/temp/era5_mswt/postproc/results/unet1_temp_mse/metrics/rstd/plots/land
[STEP] Loading RSTD fields
[STEP] Plotting annual standard deviation comparison
[STEP] Plotting annual RSTD map
[STEP] Plotting annual RSTD boxplot
[SUCCESS] RSTD figures saved to: /srv/data/mohammad.elaabaribao/work/interns/y2026/temp/ds_temp_intern/temp/era5_mswt/postproc/results/unet1_temp_mse/metrics/rstd/plots/land
[RSTD] done

======================================
 Postprocessing finished successfully
======================================
======================================
 Running postprocessing metrics
======================================
[INFO] Current directory:
/srv/data/mohammad.elaabaribao/work/interns/y2026/temp/ds_temp_intern/temp

[INFO] Selected config : config.yaml
[INFO] Selected group  : all


========== MEAN METRICS ==========

--------------------------------------
[BIAS]
Config: era5_mswt/postproc/mean/bias/config.yaml
--------------------------------------
[BIAS] compute
Traceback (most recent call last):
  File "/home/mohammad.elaabaribao/.conda/envs/clean_env_Pytorch/lib/python3.9/runpy.py", line 197, in _run_module_as_main
    return _run_code(code, main_globals, None,
  File "/home/mohammad.elaabaribao/.conda/envs/clean_env_Pytorch/lib/python3.9/runpy.py", line 87, in _run_code
    exec(code, run_globals)
  File "/srv/data/mohammad.elaabaribao/work/interns/y2026/temp/ds_temp_intern/temp/era5_mswt/postproc/mean/bias/bias.py", line 509, in <module>
    main()
  File "/srv/data/mohammad.elaabaribao/work/interns/y2026/temp/ds_temp_intern/temp/era5_mswt/postproc/mean/bias/bias.py", line 319, in main
    cfg = load_config(train_mode=False, path=str(main_cfg_path))
  File "/srv/data/mohammad.elaabaribao/work/interns/y2026/temp/ds_temp_intern/temp/era5_mswt/main/src/core/config.py", line 344, in load_config
    return Config(cfg_dict, train_mode=train_mode)
  File "/srv/data/mohammad.elaabaribao/work/interns/y2026/temp/ds_temp_intern/temp/era5_mswt/main/src/core/config.py", line 98, in __init__
    raise ValueError(
ValueError: Unsupported model_type 'unet2'. Expected one of: ['cnn', 'glm', 'unet', 'unet1']
Using device: cpu
======================================
 Running postprocessing metrics
======================================
[INFO] Current directory:
/srv/data/mohammad.elaabaribao/work/interns/y2026/temp/ds_temp_intern/temp

[INFO] Selected config : config.yaml
[INFO] Selected group  : all


========== MEAN METRICS ==========

--------------------------------------
[BIAS]
Config: era5_mswt/postproc/mean/bias/config.yaml
--------------------------------------
[BIAS] compute
Traceback (most recent call last):
  File "/home/mohammad.elaabaribao/.conda/envs/clean_env_Pytorch/lib/python3.9/runpy.py", line 197, in _run_module_as_main
    return _run_code(code, main_globals, None,
  File "/home/mohammad.elaabaribao/.conda/envs/clean_env_Pytorch/lib/python3.9/runpy.py", line 87, in _run_code
    exec(code, run_globals)
  File "/srv/data/mohammad.elaabaribao/work/interns/y2026/temp/ds_temp_intern/temp/era5_mswt/postproc/mean/bias/bias.py", line 509, in <module>
    main()
  File "/srv/data/mohammad.elaabaribao/work/interns/y2026/temp/ds_temp_intern/temp/era5_mswt/postproc/mean/bias/bias.py", line 348, in main
    pred_path, obs_path = get_prediction_and_reference_paths(metric_cfg, cfg)
  File "/srv/data/mohammad.elaabaribao/work/interns/y2026/temp/ds_temp_intern/temp/era5_mswt/postproc/mean/bias/bias.py", line 297, in get_prediction_and_reference_paths
    pred_path = pred_override if pred_override is not None else build_prediction_path(cfg)
  File "/srv/data/mohammad.elaabaribao/work/interns/y2026/temp/ds_temp_intern/temp/era5_mswt/postproc/mean/bias/bias.py", line 151, in build_prediction_path
    raise FileNotFoundError(
FileNotFoundError: No prediction file found. Tried:
temp/era5_mswt/results/unet_temperature/output_data/unet_predictions_unet_temperature.nc
temp/era5_mswt/results/unet_temperature/output_data/unet_predictions_era5_to_mswt.nc
temp/era5_mswt/results/unet_temperature/output_data/unet_predictions_mswt.nc
temp/era5_mswt/results/unet_temperature/output_data/unet_predictions_era5_to_mswt.nc
Using device: cpu
======================================
 Running postprocessing metrics
======================================
[INFO] Current directory:
/srv/data/mohammad.elaabaribao/work/interns/y2026/temp/ds_temp_intern/temp

[INFO] Selected config : config.yaml
[INFO] Selected group  : all


========== MEAN METRICS ==========

--------------------------------------
[BIAS]
Config: era5_mswt/postproc/mean/bias/config.yaml
--------------------------------------
[BIAS] compute
Using device: cpu
=== Temperature bias postprocessing ===
Spatial domain   : land
Save mask        : True
Metric config   : /srv/data/mohammad.elaabaribao/work/interns/y2026/temp/ds_temp_intern/temp/era5_mswt/postproc/mean/bias/config.yaml
Main config     : /srv/data/mohammad.elaabaribao/work/interns/y2026/temp/ds_temp_intern/temp/era5_mswt/main/configs/unet/unet1_loss_gaussian.yaml
Experiment root : /srv/data/mohammad.elaabaribao/work/interns/y2026/temp/ds_temp_intern/temp/era5_mswt/results/unet1_loss_gaussian
Prediction file : /srv/data/mohammad.elaabaribao/work/interns/y2026/temp/ds_temp_intern/temp/era5_mswt/results/unet1_loss_gaussian/output_data/unet1_predictions_mswt.nc
Observation file: /home/mohammad.elaabaribao/lustre/climat-um6p-st-iwri-7ksifkvwkuy/users/mohammad.elaabaribao/data/obs/mswep/mswt_1979_2020.nc
Time window     : 2006-01-01 -> 2020-12-31
Strategy        : daily_first
Return by year  : False
Min valid       : 10
Seasons         : ['Annual', 'DJF', 'MAM', 'JJA', 'SON']
Data output dir : /srv/data/mohammad.elaabaribao/work/interns/y2026/temp/ds_temp_intern/temp/era5_mswt/postproc/results/unet1_loss_gaussian/metrics/bias/data/land
Plot output dir : /srv/data/mohammad.elaabaribao/work/interns/y2026/temp/ds_temp_intern/temp/era5_mswt/postproc/results/unet1_loss_gaussian/metrics/bias/plots/land
Prediction units : Unit unknown -> no automatic conversion applied.
Observation units: Already in Celsius.
Aligned shape: pred=(5479, 160, 180), obs=(5479, 160, 180)
Spatial evaluation domain: land
Valid spatial pixels      : 17616
Computation pixels        : 17616

--- Computing bias for Annual ---
Saved NetCDF: /srv/data/mohammad.elaabaribao/work/interns/y2026/temp/ds_temp_intern/temp/era5_mswt/postproc/results/unet1_loss_gaussian/metrics/bias/data/land/bias_annual_daily_first_mean_period.nc
  mean=-0.2884, min=-3.6023, max=3.9821, std=0.5301

--- Computing bias for DJF ---
Saved NetCDF: /srv/data/mohammad.elaabaribao/work/interns/y2026/temp/ds_temp_intern/temp/era5_mswt/postproc/results/unet1_loss_gaussian/metrics/bias/data/land/bias_djf_daily_first_mean_period.nc
  mean=-0.2016, min=-4.0343, max=6.3060, std=0.5756

--- Computing bias for MAM ---
Saved NetCDF: /srv/data/mohammad.elaabaribao/work/interns/y2026/temp/ds_temp_intern/temp/era5_mswt/postproc/results/unet1_loss_gaussian/metrics/bias/data/land/bias_mam_daily_first_mean_period.nc
  mean=-0.2789, min=-4.2399, max=4.0924, std=0.5814

--- Computing bias for JJA ---
Saved NetCDF: /srv/data/mohammad.elaabaribao/work/interns/y2026/temp/ds_temp_intern/temp/era5_mswt/postproc/results/unet1_loss_gaussian/metrics/bias/data/land/bias_jja_daily_first_mean_period.nc
  mean=-0.4672, min=-3.4323, max=3.5519, std=0.5475

--- Computing bias for SON ---
Saved NetCDF: /srv/data/mohammad.elaabaribao/work/interns/y2026/temp/ds_temp_intern/temp/era5_mswt/postproc/results/unet1_loss_gaussian/metrics/bias/data/land/bias_son_daily_first_mean_period.nc
  mean=-0.2131, min=-3.5067, max=4.3774, std=0.5429

Saved summary CSV: /srv/data/mohammad.elaabaribao/work/interns/y2026/temp/ds_temp_intern/temp/era5_mswt/postproc/results/unet1_loss_gaussian/metrics/bias/data/land/bias_summary_daily_first.csv

All bias products saved successfully.
[BIAS] plot
Using device: cpu
=== Temperature bias plotting ===
Spatial domain  : land
Display domain  : land
Metric config   : /srv/data/mohammad.elaabaribao/work/interns/y2026/temp/ds_temp_intern/temp/era5_mswt/postproc/mean/bias/config.yaml
Main config     : /srv/data/mohammad.elaabaribao/work/interns/y2026/temp/ds_temp_intern/temp/era5_mswt/main/configs/unet/unet1_loss_gaussian.yaml
Input data dir  : /srv/data/mohammad.elaabaribao/work/interns/y2026/temp/ds_temp_intern/temp/era5_mswt/postproc/results/unet1_loss_gaussian/metrics/bias/data/land
Output plot dir : /srv/data/mohammad.elaabaribao/work/interns/y2026/temp/ds_temp_intern/temp/era5_mswt/postproc/results/unet1_loss_gaussian/metrics/bias/plots/land
Strategy        : daily_first
Return by year  : False
[STEP] Plotting annual bias map
[STEP] Plotting DJF bias map
[STEP] Plotting MAM bias map
[STEP] Plotting JJA bias map
[STEP] Plotting SON bias map
[STEP] Plotting grouped seasonal bias panel
[STEP] Plotting seasonal bias boxplot
[STEP] Plotting annual bias boxplot
[SUCCESS] Bias figures saved to: /srv/data/mohammad.elaabaribao/work/interns/y2026/temp/ds_temp_intern/temp/era5_mswt/postproc/results/unet1_loss_gaussian/metrics/bias/plots/land
[BIAS] done

--------------------------------------
[RMSE]
Config: era5_mswt/postproc/mean/rmse/config.yaml
--------------------------------------
[RMSE] compute
Using device: cpu
=== Temperature RMSE postprocessing ===
Spatial domain   : land
Save mask        : True
Metric config   : /srv/data/mohammad.elaabaribao/work/interns/y2026/temp/ds_temp_intern/temp/era5_mswt/postproc/mean/rmse/config.yaml
Main config     : /srv/data/mohammad.elaabaribao/work/interns/y2026/temp/ds_temp_intern/temp/era5_mswt/main/configs/unet/unet1_loss_gaussian.yaml
Experiment root : /srv/data/mohammad.elaabaribao/work/interns/y2026/temp/ds_temp_intern/temp/era5_mswt/results/unet1_loss_gaussian
Prediction file : /srv/data/mohammad.elaabaribao/work/interns/y2026/temp/ds_temp_intern/temp/era5_mswt/results/unet1_loss_gaussian/output_data/unet1_predictions_mswt.nc
Observation file: /home/mohammad.elaabaribao/lustre/climat-um6p-st-iwri-7ksifkvwkuy/users/mohammad.elaabaribao/data/obs/mswep/mswt_1979_2020.nc
Time window     : 2006-01-01 -> 2020-12-31
Strategy        : daily_first
Return by year  : False
Min valid       : 10
Seasons         : ['Annual', 'DJF', 'MAM', 'JJA', 'SON']
Data output dir : /srv/data/mohammad.elaabaribao/work/interns/y2026/temp/ds_temp_intern/temp/era5_mswt/postproc/results/unet1_loss_gaussian/metrics/rmse/data/land
Plot output dir : /srv/data/mohammad.elaabaribao/work/interns/y2026/temp/ds_temp_intern/temp/era5_mswt/postproc/results/unet1_loss_gaussian/metrics/rmse/plots/land
Prediction units : Unit unknown -> no automatic conversion applied.
Observation units: Already in Celsius.
Aligned shape: pred=(5479, 160, 180), obs=(5479, 160, 180)
Spatial evaluation domain: land
Valid spatial pixels      : 17616
Computation pixels        : 17616

--- Computing RMSE for Annual ---
Saved NetCDF: /srv/data/mohammad.elaabaribao/work/interns/y2026/temp/ds_temp_intern/temp/era5_mswt/postproc/results/unet1_loss_gaussian/metrics/rmse/data/land/rmse_annual_daily_first_mean_period.nc
  mean=1.1239, min=0.5664, max=4.5287, std=0.3300

--- Computing RMSE for DJF ---
Saved NetCDF: /srv/data/mohammad.elaabaribao/work/interns/y2026/temp/ds_temp_intern/temp/era5_mswt/postproc/results/unet1_loss_gaussian/metrics/rmse/data/land/rmse_djf_daily_first_mean_period.nc
  mean=1.1336, min=0.5572, max=6.3366, std=0.3651

--- Computing RMSE for MAM ---
Saved NetCDF: /srv/data/mohammad.elaabaribao/work/interns/y2026/temp/ds_temp_intern/temp/era5_mswt/postproc/results/unet1_loss_gaussian/metrics/rmse/data/land/rmse_mam_daily_first_mean_period.nc
  mean=1.0951, min=0.5301, max=4.5082, std=0.3639

--- Computing RMSE for JJA ---
Saved NetCDF: /srv/data/mohammad.elaabaribao/work/interns/y2026/temp/ds_temp_intern/temp/era5_mswt/postproc/results/unet1_loss_gaussian/metrics/rmse/data/land/rmse_jja_daily_first_mean_period.nc
  mean=1.1247, min=0.5711, max=3.7563, std=0.3393

--- Computing RMSE for SON ---
Saved NetCDF: /srv/data/mohammad.elaabaribao/work/interns/y2026/temp/ds_temp_intern/temp/era5_mswt/postproc/results/unet1_loss_gaussian/metrics/rmse/data/land/rmse_son_daily_first_mean_period.nc
  mean=1.0970, min=0.5496, max=4.6206, std=0.3080

Saved summary CSV: /srv/data/mohammad.elaabaribao/work/interns/y2026/temp/ds_temp_intern/temp/era5_mswt/postproc/results/unet1_loss_gaussian/metrics/rmse/data/land/rmse_summary_daily_first.csv

All RMSE products saved successfully.
[RMSE] plot
Using device: cpu
=== Temperature RMSE plotting ===
Spatial domain  : land
Display domain  : land
Metric config   : /srv/data/mohammad.elaabaribao/work/interns/y2026/temp/ds_temp_intern/temp/era5_mswt/postproc/mean/rmse/config.yaml
Main config     : /srv/data/mohammad.elaabaribao/work/interns/y2026/temp/ds_temp_intern/temp/era5_mswt/main/configs/unet/unet1_loss_gaussian.yaml
Input data dir  : /srv/data/mohammad.elaabaribao/work/interns/y2026/temp/ds_temp_intern/temp/era5_mswt/postproc/results/unet1_loss_gaussian/metrics/rmse/data/land
Output plot dir : /srv/data/mohammad.elaabaribao/work/interns/y2026/temp/ds_temp_intern/temp/era5_mswt/postproc/results/unet1_loss_gaussian/metrics/rmse/plots/land
Strategy        : daily_first
Return by year  : False
[STEP] Plotting annual RMSE map
[STEP] Plotting DJF RMSE map
[STEP] Plotting MAM RMSE map
[STEP] Plotting JJA RMSE map
[STEP] Plotting SON RMSE map
[STEP] Plotting grouped seasonal RMSE panel
[STEP] Plotting seasonal RMSE boxplot
[STEP] Plotting annual RMSE boxplot
[SUCCESS] RMSE figures saved to: /srv/data/mohammad.elaabaribao/work/interns/y2026/temp/ds_temp_intern/temp/era5_mswt/postproc/results/unet1_loss_gaussian/metrics/rmse/plots/land
[RMSE] done

--------------------------------------
[CORRELATION]
Config: era5_mswt/postproc/mean/correlation/config.yaml
--------------------------------------
[CORRELATION] compute
Using device: cpu
=== Temperature correlation postprocessing ===
Spatial domain   : land
Save mask        : True
Metric config   : /srv/data/mohammad.elaabaribao/work/interns/y2026/temp/ds_temp_intern/temp/era5_mswt/postproc/mean/correlation/config.yaml
Main config     : /srv/data/mohammad.elaabaribao/work/interns/y2026/temp/ds_temp_intern/temp/era5_mswt/main/configs/unet/unet1_loss_gaussian.yaml
Experiment root : /srv/data/mohammad.elaabaribao/work/interns/y2026/temp/ds_temp_intern/temp/era5_mswt/results/unet1_loss_gaussian
Prediction file : /srv/data/mohammad.elaabaribao/work/interns/y2026/temp/ds_temp_intern/temp/era5_mswt/results/unet1_loss_gaussian/output_data/unet1_predictions_mswt.nc
Observation file: /home/mohammad.elaabaribao/lustre/climat-um6p-st-iwri-7ksifkvwkuy/users/mohammad.elaabaribao/data/obs/mswep/mswt_1979_2020.nc
Time window     : 2006-01-01 -> 2020-12-31
Window (CORR D) : 31
Min valid       : 10
Seasons         : ['Annual', 'DJF', 'MAM', 'JJA', 'SON']
corr_d data dir : /srv/data/mohammad.elaabaribao/work/interns/y2026/temp/ds_temp_intern/temp/era5_mswt/postproc/results/unet1_loss_gaussian/metrics/corr_d/data/land
corr_d plot dir : /srv/data/mohammad.elaabaribao/work/interns/y2026/temp/ds_temp_intern/temp/era5_mswt/postproc/results/unet1_loss_gaussian/metrics/corr_d/plots/land
Prediction units : Unit unknown -> no automatic conversion applied.
Observation units: Already in Celsius.
Aligned shape    : pred=(5479, 160, 180), obs=(5479, 160, 180)
Spatial evaluation domain: land
Valid spatial pixels      : 17616
Computation pixels        : 17616

--- Computing correlations for Annual ---
Saved: /srv/data/mohammad.elaabaribao/work/interns/y2026/temp/ds_temp_intern/temp/era5_mswt/postproc/results/unet1_loss_gaussian/metrics/corr_d/data/land/corr_d_annual_mean_period.nc
  CORR D mean=0.9287, min=0.6188, max=0.9679

--- Computing correlations for DJF ---
Saved: /srv/data/mohammad.elaabaribao/work/interns/y2026/temp/ds_temp_intern/temp/era5_mswt/postproc/results/unet1_loss_gaussian/metrics/corr_d/data/land/corr_d_djf_mean_period.nc
  CORR D mean=0.9164, min=0.4076, max=0.9553

--- Computing correlations for MAM ---
Saved: /srv/data/mohammad.elaabaribao/work/interns/y2026/temp/ds_temp_intern/temp/era5_mswt/postproc/results/unet1_loss_gaussian/metrics/corr_d/data/land/corr_d_mam_mean_period.nc
  CORR D mean=0.9529, min=0.5884, max=0.9798

--- Computing correlations for JJA ---
Saved: /srv/data/mohammad.elaabaribao/work/interns/y2026/temp/ds_temp_intern/temp/era5_mswt/postproc/results/unet1_loss_gaussian/metrics/corr_d/data/land/corr_d_jja_mean_period.nc
  CORR D mean=0.8995, min=0.4936, max=0.9773

--- Computing correlations for SON ---
Saved: /srv/data/mohammad.elaabaribao/work/interns/y2026/temp/ds_temp_intern/temp/era5_mswt/postproc/results/unet1_loss_gaussian/metrics/corr_d/data/land/corr_d_son_mean_period.nc
  CORR D mean=0.9206, min=0.6576, max=0.9621

Saved summary CSV: /srv/data/mohammad.elaabaribao/work/interns/y2026/temp/ds_temp_intern/temp/era5_mswt/postproc/results/unet1_loss_gaussian/metrics/corr_d/data/land/corr_d_summary.csv

All correlation products saved successfully.
[CORRELATION] plot
Using device: cpu
=== Temperature correlation plotting ===
Spatial domain  : land
Display domain  : land
Metric config   : /srv/data/mohammad.elaabaribao/work/interns/y2026/temp/ds_temp_intern/temp/era5_mswt/postproc/mean/correlation/config.yaml
Main config     : /srv/data/mohammad.elaabaribao/work/interns/y2026/temp/ds_temp_intern/temp/era5_mswt/main/configs/unet/unet1_loss_gaussian.yaml
Experiment root : /srv/data/mohammad.elaabaribao/work/interns/y2026/temp/ds_temp_intern/temp/era5_mswt/results/unet1_loss_gaussian
Selected seasons: ['Annual', 'DJF', 'MAM', 'JJA', 'SON']

=== Plotting corr_d ===
Spatial domain  : land
Display domain  : land
Input data dir  : /srv/data/mohammad.elaabaribao/work/interns/y2026/temp/ds_temp_intern/temp/era5_mswt/postproc/results/unet1_loss_gaussian/metrics/corr_d/data/land
Output plot dir : /srv/data/mohammad.elaabaribao/work/interns/y2026/temp/ds_temp_intern/temp/era5_mswt/postproc/results/unet1_loss_gaussian/metrics/corr_d/plots/land
[STEP] Plotting annual corr_d map
[STEP] Plotting DJF corr_d map
[STEP] Plotting MAM corr_d map
[STEP] Plotting JJA corr_d map
[STEP] Plotting SON corr_d map
[STEP] Plotting seasonal corr_d panel
[STEP] Plotting seasonal corr_d boxplot
[STEP] Plotting annual corr_d boxplot
[SUCCESS] corr_d figures saved to: /srv/data/mohammad.elaabaribao/work/interns/y2026/temp/ds_temp_intern/temp/era5_mswt/postproc/results/unet1_loss_gaussian/metrics/corr_d/plots/land

All correlation figures saved successfully.
[CORRELATION] done

========== EXTREME METRICS ==========

--------------------------------------
[B02]
Config: era5_mswt/postproc/extreme/b02/config.yaml
--------------------------------------
[B02] compute
Using device: cpu
=== Temperature B-02 postprocessing ===
Spatial domain   : land
Save mask        : True
Metric config   : /srv/data/mohammad.elaabaribao/work/interns/y2026/temp/ds_temp_intern/temp/era5_mswt/postproc/extreme/b02/config.yaml
Main config     : /srv/data/mohammad.elaabaribao/work/interns/y2026/temp/ds_temp_intern/temp/era5_mswt/main/configs/unet/unet1_loss_gaussian.yaml
Experiment root : /srv/data/mohammad.elaabaribao/work/interns/y2026/temp/ds_temp_intern/temp/era5_mswt/results/unet1_loss_gaussian
Prediction file : /srv/data/mohammad.elaabaribao/work/interns/y2026/temp/ds_temp_intern/temp/era5_mswt/results/unet1_loss_gaussian/output_data/unet1_predictions_mswt.nc
Observation file: /home/mohammad.elaabaribao/lustre/climat-um6p-st-iwri-7ksifkvwkuy/users/mohammad.elaabaribao/data/obs/mswep/mswt_1979_2020.nc
Time window     : 2006-01-01 -> 2020-12-31
Quantile        : 0.02
Min valid       : 10
Seasons         : ['Annual', 'DJF', 'MAM', 'JJA', 'SON']
Data output dir : /srv/data/mohammad.elaabaribao/work/interns/y2026/temp/ds_temp_intern/temp/era5_mswt/postproc/results/unet1_loss_gaussian/metrics/b02/data/land
Plot output dir : /srv/data/mohammad.elaabaribao/work/interns/y2026/temp/ds_temp_intern/temp/era5_mswt/postproc/results/unet1_loss_gaussian/metrics/b02/plots/land
Prediction units : Unit unknown -> no automatic conversion applied.
Observation units: Already in Celsius.
Aligned shape    : pred=(5479, 160, 180), obs=(5479, 160, 180)
Spatial evaluation domain: land
Valid spatial pixels      : 17616
Computation pixels        : 17616

--- Computing B-02 for Annual ---
Saved: /srv/data/mohammad.elaabaribao/work/interns/y2026/temp/ds_temp_intern/temp/era5_mswt/postproc/results/unet1_loss_gaussian/metrics/b02/data/land/b02_annual_mean_period.nc
  mean=-0.0986, min=-3.1544, max=8.3826

--- Computing B-02 for DJF ---
Saved: /srv/data/mohammad.elaabaribao/work/interns/y2026/temp/ds_temp_intern/temp/era5_mswt/postproc/results/unet1_loss_gaussian/metrics/b02/data/land/b02_djf_mean_period.nc
  mean=0.0589, min=-3.2927, max=9.8791

--- Computing B-02 for MAM ---
Saved: /srv/data/mohammad.elaabaribao/work/interns/y2026/temp/ds_temp_intern/temp/era5_mswt/postproc/results/unet1_loss_gaussian/metrics/b02/data/land/b02_mam_mean_period.nc
  mean=-0.4915, min=-4.3588, max=5.6358

--- Computing B-02 for JJA ---
Saved: /srv/data/mohammad.elaabaribao/work/interns/y2026/temp/ds_temp_intern/temp/era5_mswt/postproc/results/unet1_loss_gaussian/metrics/b02/data/land/b02_jja_mean_period.nc
  mean=-0.0570, min=-3.7463, max=4.2579

--- Computing B-02 for SON ---
Saved: /srv/data/mohammad.elaabaribao/work/interns/y2026/temp/ds_temp_intern/temp/era5_mswt/postproc/results/unet1_loss_gaussian/metrics/b02/data/land/b02_son_mean_period.nc
  mean=-0.4342, min=-4.3620, max=6.6087

Saved summary CSV: /srv/data/mohammad.elaabaribao/work/interns/y2026/temp/ds_temp_intern/temp/era5_mswt/postproc/results/unet1_loss_gaussian/metrics/b02/data/land/b02_summary.csv

All B-02 products saved successfully.
[B02] plot
Using device: cpu
=== Temperature B-02 plotting ===
Spatial domain  : land
Display domain  : land
Metric config   : /srv/data/mohammad.elaabaribao/work/interns/y2026/temp/ds_temp_intern/temp/era5_mswt/postproc/extreme/b02/config.yaml
Main config     : /srv/data/mohammad.elaabaribao/work/interns/y2026/temp/ds_temp_intern/temp/era5_mswt/main/configs/unet/unet1_loss_gaussian.yaml
Input data dir  : /srv/data/mohammad.elaabaribao/work/interns/y2026/temp/ds_temp_intern/temp/era5_mswt/postproc/results/unet1_loss_gaussian/metrics/b02/data/land
Output plot dir : /srv/data/mohammad.elaabaribao/work/interns/y2026/temp/ds_temp_intern/temp/era5_mswt/postproc/results/unet1_loss_gaussian/metrics/b02/plots/land
[STEP] Plotting annual P02 comparison
[STEP] Plotting annual B-02 map
[STEP] Plotting DJF B-02 map
[STEP] Plotting MAM B-02 map
[STEP] Plotting JJA B-02 map
[STEP] Plotting SON B-02 map
[STEP] Plotting grouped seasonal B-02 panel
[STEP] Plotting seasonal B-02 boxplot
[STEP] Plotting annual B-02 boxplot
[SUCCESS] B-02 figures saved to: /srv/data/mohammad.elaabaribao/work/interns/y2026/temp/ds_temp_intern/temp/era5_mswt/postproc/results/unet1_loss_gaussian/metrics/b02/plots/land
[B02] done

--------------------------------------
[B98]
Config: era5_mswt/postproc/extreme/b98/config.yaml
--------------------------------------
[B98] compute
Using device: cpu
=== Temperature B-98 postprocessing ===
Spatial domain   : land
Save mask        : True
Metric config   : /srv/data/mohammad.elaabaribao/work/interns/y2026/temp/ds_temp_intern/temp/era5_mswt/postproc/extreme/b98/config.yaml
Main config     : /srv/data/mohammad.elaabaribao/work/interns/y2026/temp/ds_temp_intern/temp/era5_mswt/main/configs/unet/unet1_loss_gaussian.yaml
Experiment root : /srv/data/mohammad.elaabaribao/work/interns/y2026/temp/ds_temp_intern/temp/era5_mswt/results/unet1_loss_gaussian
Prediction file : /srv/data/mohammad.elaabaribao/work/interns/y2026/temp/ds_temp_intern/temp/era5_mswt/results/unet1_loss_gaussian/output_data/unet1_predictions_mswt.nc
Observation file: /home/mohammad.elaabaribao/lustre/climat-um6p-st-iwri-7ksifkvwkuy/users/mohammad.elaabaribao/data/obs/mswep/mswt_1979_2020.nc
Time window     : 2006-01-01 -> 2020-12-31
Quantile        : 0.98
Min valid       : 10
Seasons         : ['Annual', 'DJF', 'MAM', 'JJA', 'SON']
Data output dir : /srv/data/mohammad.elaabaribao/work/interns/y2026/temp/ds_temp_intern/temp/era5_mswt/postproc/results/unet1_loss_gaussian/metrics/b98/data/land
Plot output dir : /srv/data/mohammad.elaabaribao/work/interns/y2026/temp/ds_temp_intern/temp/era5_mswt/postproc/results/unet1_loss_gaussian/metrics/b98/plots/land
Prediction units : Unit unknown -> no automatic conversion applied.
Observation units: Already in Celsius.
Aligned shape    : pred=(5479, 160, 180), obs=(5479, 160, 180)
Spatial evaluation domain: land
Valid spatial pixels      : 17616
Computation pixels        : 17616

--- Computing B-98 for Annual ---
Saved: /srv/data/mohammad.elaabaribao/work/interns/y2026/temp/ds_temp_intern/temp/era5_mswt/postproc/results/unet1_loss_gaussian/metrics/b98/data/land/b98_annual_mean_period.nc
  mean=-0.9119, min=-5.1024, max=3.4091

--- Computing B-98 for DJF ---
Saved: /srv/data/mohammad.elaabaribao/work/interns/y2026/temp/ds_temp_intern/temp/era5_mswt/postproc/results/unet1_loss_gaussian/metrics/b98/data/land/b98_djf_mean_period.nc
  mean=-0.1888, min=-5.4105, max=5.7051

--- Computing B-98 for MAM ---
Saved: /srv/data/mohammad.elaabaribao/work/interns/y2026/temp/ds_temp_intern/temp/era5_mswt/postproc/results/unet1_loss_gaussian/metrics/b98/data/land/b98_mam_mean_period.nc
  mean=-0.3065, min=-4.7385, max=3.9744

--- Computing B-98 for JJA ---
Saved: /srv/data/mohammad.elaabaribao/work/interns/y2026/temp/ds_temp_intern/temp/era5_mswt/postproc/results/unet1_loss_gaussian/metrics/b98/data/land/b98_jja_mean_period.nc
  mean=-1.2274, min=-6.4200, max=3.8268

--- Computing B-98 for SON ---
Saved: /srv/data/mohammad.elaabaribao/work/interns/y2026/temp/ds_temp_intern/temp/era5_mswt/postproc/results/unet1_loss_gaussian/metrics/b98/data/land/b98_son_mean_period.nc
  mean=-0.5667, min=-4.0112, max=3.5333

Saved summary CSV: /srv/data/mohammad.elaabaribao/work/interns/y2026/temp/ds_temp_intern/temp/era5_mswt/postproc/results/unet1_loss_gaussian/metrics/b98/data/land/b98_summary.csv

All B-98 products saved successfully.
[B98] plot
Using device: cpu
=== Temperature B-98 plotting ===
Spatial domain  : land
Display domain  : land
Metric config   : /srv/data/mohammad.elaabaribao/work/interns/y2026/temp/ds_temp_intern/temp/era5_mswt/postproc/extreme/b98/config.yaml
Main config     : /srv/data/mohammad.elaabaribao/work/interns/y2026/temp/ds_temp_intern/temp/era5_mswt/main/configs/unet/unet1_loss_gaussian.yaml
Input data dir  : /srv/data/mohammad.elaabaribao/work/interns/y2026/temp/ds_temp_intern/temp/era5_mswt/postproc/results/unet1_loss_gaussian/metrics/b98/data/land
Output plot dir : /srv/data/mohammad.elaabaribao/work/interns/y2026/temp/ds_temp_intern/temp/era5_mswt/postproc/results/unet1_loss_gaussian/metrics/b98/plots/land
[STEP] Plotting annual P98 comparison
[STEP] Plotting annual B-98 map
[STEP] Plotting DJF B-98 map
[STEP] Plotting MAM B-98 map
[STEP] Plotting JJA B-98 map
[STEP] Plotting SON B-98 map
[STEP] Plotting grouped seasonal B-98 panel
[STEP] Plotting seasonal B-98 boxplot
[STEP] Plotting annual B-98 boxplot
[SUCCESS] B-98 figures saved to: /srv/data/mohammad.elaabaribao/work/interns/y2026/temp/ds_temp_intern/temp/era5_mswt/postproc/results/unet1_loss_gaussian/metrics/b98/plots/land
[B98] done

--------------------------------------
[CAMS]
Config: era5_mswt/postproc/extreme/cams/config.yaml
--------------------------------------
[CAMS] compute
Using device: cpu
=== Temperature CAMS postprocessing ===
Spatial domain   : land
Save mask        : True
Metric config     : /srv/data/mohammad.elaabaribao/work/interns/y2026/temp/ds_temp_intern/temp/era5_mswt/postproc/extreme/cams/config.yaml
Main config       : /srv/data/mohammad.elaabaribao/work/interns/y2026/temp/ds_temp_intern/temp/era5_mswt/main/configs/unet/unet1_loss_gaussian.yaml
Experiment root   : /srv/data/mohammad.elaabaribao/work/interns/y2026/temp/ds_temp_intern/temp/era5_mswt/results/unet1_loss_gaussian
Prediction file   : /srv/data/mohammad.elaabaribao/work/interns/y2026/temp/ds_temp_intern/temp/era5_mswt/results/unet1_loss_gaussian/output_data/unet1_predictions_mswt.nc
Observation file  : /home/mohammad.elaabaribao/lustre/climat-um6p-st-iwri-7ksifkvwkuy/users/mohammad.elaabaribao/data/obs/mswep/mswt_1979_2020.nc
Time window       : 2006-01-01 -> 2020-12-31
Threshold quantile: 0.1
Min spell length  : 2
Min valid days    : 10
Min valid years   : 1
Data output dir   : /srv/data/mohammad.elaabaribao/work/interns/y2026/temp/ds_temp_intern/temp/era5_mswt/postproc/results/unet1_loss_gaussian/metrics/cams/data/land
Plot output dir   : /srv/data/mohammad.elaabaribao/work/interns/y2026/temp/ds_temp_intern/temp/era5_mswt/postproc/results/unet1_loss_gaussian/metrics/cams/plots/land
Prediction units : Unit unknown -> no automatic conversion applied.
Observation units: Already in Celsius.
Aligned shape    : pred=(5479, 160, 180), obs=(5479, 160, 180)
Spatial evaluation domain: land
Valid spatial pixels      : 17616
Computation pixels        : 17616
Saved summary CSV: /srv/data/mohammad.elaabaribao/work/interns/y2026/temp/ds_temp_intern/temp/era5_mswt/postproc/results/unet1_loss_gaussian/metrics/cams/data/land/cams_summary.csv
Saved: /srv/data/mohammad.elaabaribao/work/interns/y2026/temp/ds_temp_intern/temp/era5_mswt/postproc/results/unet1_loss_gaussian/metrics/cams/data/land/cams_annual_mean_period.nc
  bCAMS mean=0.4996, min=-6.0000, max=8.0000

CAMS products saved successfully.
[CAMS] plot
Using device: cpu
=== Temperature CAMS plotting ===
Spatial domain  : land
Display domain  : land
Metric config   : /srv/data/mohammad.elaabaribao/work/interns/y2026/temp/ds_temp_intern/temp/era5_mswt/postproc/extreme/cams/config.yaml
Main config     : /srv/data/mohammad.elaabaribao/work/interns/y2026/temp/ds_temp_intern/temp/era5_mswt/main/configs/unet/unet1_loss_gaussian.yaml
Input data dir  : /srv/data/mohammad.elaabaribao/work/interns/y2026/temp/ds_temp_intern/temp/era5_mswt/postproc/results/unet1_loss_gaussian/metrics/cams/data/land
Output plot dir : /srv/data/mohammad.elaabaribao/work/interns/y2026/temp/ds_temp_intern/temp/era5_mswt/postproc/results/unet1_loss_gaussian/metrics/cams/plots/land
[STEP] Loading CAMS fields
[STEP] Plotting annual CAMS comparison
[STEP] Plotting annual bCAMS map
[STEP] Plotting annual bCAMS boxplot
[SUCCESS] CAMS figures saved to: /srv/data/mohammad.elaabaribao/work/interns/y2026/temp/ds_temp_intern/temp/era5_mswt/postproc/results/unet1_loss_gaussian/metrics/cams/plots/land
[CAMS] done

--------------------------------------
[WAMS]
Config: era5_mswt/postproc/extreme/wams/config.yaml
--------------------------------------
[WAMS] compute
Using device: cpu
=== Temperature WAMS postprocessing ===
Spatial domain   : land
Save mask        : True
Metric config     : /srv/data/mohammad.elaabaribao/work/interns/y2026/temp/ds_temp_intern/temp/era5_mswt/postproc/extreme/wams/config.yaml
Main config       : /srv/data/mohammad.elaabaribao/work/interns/y2026/temp/ds_temp_intern/temp/era5_mswt/main/configs/unet/unet1_loss_gaussian.yaml
Experiment root   : /srv/data/mohammad.elaabaribao/work/interns/y2026/temp/ds_temp_intern/temp/era5_mswt/results/unet1_loss_gaussian
Prediction file   : /srv/data/mohammad.elaabaribao/work/interns/y2026/temp/ds_temp_intern/temp/era5_mswt/results/unet1_loss_gaussian/output_data/unet1_predictions_mswt.nc
Observation file  : /home/mohammad.elaabaribao/lustre/climat-um6p-st-iwri-7ksifkvwkuy/users/mohammad.elaabaribao/data/obs/mswep/mswt_1979_2020.nc
Time window       : 2006-01-01 -> 2020-12-31
Threshold quantile: 0.9
Min spell length  : 2
Min valid days    : 10
Min valid years   : 1
Data output dir   : /srv/data/mohammad.elaabaribao/work/interns/y2026/temp/ds_temp_intern/temp/era5_mswt/postproc/results/unet1_loss_gaussian/metrics/wams/data/land
Plot output dir   : /srv/data/mohammad.elaabaribao/work/interns/y2026/temp/ds_temp_intern/temp/era5_mswt/postproc/results/unet1_loss_gaussian/metrics/wams/plots/land
Prediction units : Unit unknown -> no automatic conversion applied.
Observation units: Already in Celsius.
Aligned shape    : pred=(5479, 160, 180), obs=(5479, 160, 180)
Spatial evaluation domain: land
Valid spatial pixels      : 17616
Computation pixels        : 17616
Saved summary CSV: /srv/data/mohammad.elaabaribao/work/interns/y2026/temp/ds_temp_intern/temp/era5_mswt/postproc/results/unet1_loss_gaussian/metrics/wams/data/land/wams_summary.csv
Saved: /srv/data/mohammad.elaabaribao/work/interns/y2026/temp/ds_temp_intern/temp/era5_mswt/postproc/results/unet1_loss_gaussian/metrics/wams/data/land/wams_annual_mean_period.nc
  bWAMS mean=0.8642, min=-7.0000, max=9.0000

WAMS products saved successfully.
[WAMS] plot
Using device: cpu
=== Temperature WAMS plotting ===
Spatial domain  : land
Display domain  : land
Metric config   : /srv/data/mohammad.elaabaribao/work/interns/y2026/temp/ds_temp_intern/temp/era5_mswt/postproc/extreme/wams/config.yaml
Main config     : /srv/data/mohammad.elaabaribao/work/interns/y2026/temp/ds_temp_intern/temp/era5_mswt/main/configs/unet/unet1_loss_gaussian.yaml
Input data dir  : /srv/data/mohammad.elaabaribao/work/interns/y2026/temp/ds_temp_intern/temp/era5_mswt/postproc/results/unet1_loss_gaussian/metrics/wams/data/land
Output plot dir : /srv/data/mohammad.elaabaribao/work/interns/y2026/temp/ds_temp_intern/temp/era5_mswt/postproc/results/unet1_loss_gaussian/metrics/wams/plots/land
[STEP] Loading WAMS fields
[STEP] Plotting annual WAMS comparison
[STEP] Plotting annual bWAMS map
[STEP] Plotting annual bWAMS boxplot
[SUCCESS] WAMS figures saved to: /srv/data/mohammad.elaabaribao/work/interns/y2026/temp/ds_temp_intern/temp/era5_mswt/postproc/results/unet1_loss_gaussian/metrics/wams/plots/land
[WAMS] done

========== TEMPORAL METRICS ==========

--------------------------------------
[AC1]
Config: era5_mswt/postproc/temporal/ac1/config.yaml
--------------------------------------
[AC1] compute
Using device: cpu
=== Temperature AC1 postprocessing ===
Spatial domain   : land
Save mask        : True
Metric config   : /srv/data/mohammad.elaabaribao/work/interns/y2026/temp/ds_temp_intern/temp/era5_mswt/postproc/temporal/ac1/config.yaml
Main config     : /srv/data/mohammad.elaabaribao/work/interns/y2026/temp/ds_temp_intern/temp/era5_mswt/main/configs/unet/unet1_loss_gaussian.yaml
Experiment root : /srv/data/mohammad.elaabaribao/work/interns/y2026/temp/ds_temp_intern/temp/era5_mswt/results/unet1_loss_gaussian
Prediction file : /srv/data/mohammad.elaabaribao/work/interns/y2026/temp/ds_temp_intern/temp/era5_mswt/results/unet1_loss_gaussian/output_data/unet1_predictions_mswt.nc
Observation file: /home/mohammad.elaabaribao/lustre/climat-um6p-st-iwri-7ksifkvwkuy/users/mohammad.elaabaribao/data/obs/mswep/mswt_1979_2020.nc
Time window     : 2006-01-01 -> 2020-12-31
Min valid pairs : 10
Data output dir : /srv/data/mohammad.elaabaribao/work/interns/y2026/temp/ds_temp_intern/temp/era5_mswt/postproc/results/unet1_loss_gaussian/metrics/ac1/data/land
Plot output dir : /srv/data/mohammad.elaabaribao/work/interns/y2026/temp/ds_temp_intern/temp/era5_mswt/postproc/results/unet1_loss_gaussian/metrics/ac1/plots/land
Prediction units : Unit unknown -> no automatic conversion applied.
Observation units: Already in Celsius.
Aligned shape    : pred=(5479, 160, 180), obs=(5479, 160, 180)
Spatial evaluation domain: land
Valid spatial pixels      : 17616
Computation pixels        : 17616
Saved summary CSV: /srv/data/mohammad.elaabaribao/work/interns/y2026/temp/ds_temp_intern/temp/era5_mswt/postproc/results/unet1_loss_gaussian/metrics/ac1/data/land/ac1_summary.csv
Saved: /srv/data/mohammad.elaabaribao/work/interns/y2026/temp/ds_temp_intern/temp/era5_mswt/postproc/results/unet1_loss_gaussian/metrics/ac1/data/land/ac1_annual_mean_period.nc
  bAC1 mean=0.0023, min=-0.0432, max=0.0348

AC1 products saved successfully.
[AC1] plot
Using device: cpu
=== Temperature AC1 plotting ===
Spatial domain  : land
Display domain  : land
Metric config   : /srv/data/mohammad.elaabaribao/work/interns/y2026/temp/ds_temp_intern/temp/era5_mswt/postproc/temporal/ac1/config.yaml
Main config     : /srv/data/mohammad.elaabaribao/work/interns/y2026/temp/ds_temp_intern/temp/era5_mswt/main/configs/unet/unet1_loss_gaussian.yaml
Input data dir  : /srv/data/mohammad.elaabaribao/work/interns/y2026/temp/ds_temp_intern/temp/era5_mswt/postproc/results/unet1_loss_gaussian/metrics/ac1/data/land
Output plot dir : /srv/data/mohammad.elaabaribao/work/interns/y2026/temp/ds_temp_intern/temp/era5_mswt/postproc/results/unet1_loss_gaussian/metrics/ac1/plots/land
[STEP] Loading AC1 fields
[STEP] Plotting annual AC1 comparison
[STEP] Plotting annual bAC1 map
[STEP] Plotting annual bAC1 boxplot
[SUCCESS] AC1 figures saved to: /srv/data/mohammad.elaabaribao/work/interns/y2026/temp/ds_temp_intern/temp/era5_mswt/postproc/results/unet1_loss_gaussian/metrics/ac1/plots/land
[AC1] done

--------------------------------------
[RSTD]
Config: era5_mswt/postproc/temporal/rstd/config.yaml
--------------------------------------
[RSTD] compute
Using device: cpu
=== Temperature RSTD postprocessing ===
Spatial domain   : land
Save mask        : True
Metric config   : /srv/data/mohammad.elaabaribao/work/interns/y2026/temp/ds_temp_intern/temp/era5_mswt/postproc/temporal/rstd/config.yaml
Main config     : /srv/data/mohammad.elaabaribao/work/interns/y2026/temp/ds_temp_intern/temp/era5_mswt/main/configs/unet/unet1_loss_gaussian.yaml
Experiment root : /srv/data/mohammad.elaabaribao/work/interns/y2026/temp/ds_temp_intern/temp/era5_mswt/results/unet1_loss_gaussian
Prediction file : /srv/data/mohammad.elaabaribao/work/interns/y2026/temp/ds_temp_intern/temp/era5_mswt/results/unet1_loss_gaussian/output_data/unet1_predictions_mswt.nc
Observation file: /home/mohammad.elaabaribao/lustre/climat-um6p-st-iwri-7ksifkvwkuy/users/mohammad.elaabaribao/data/obs/mswep/mswt_1979_2020.nc
Time window     : 2006-01-01 -> 2020-12-31
Window          : 31
Min valid       : 10
Data output dir : /srv/data/mohammad.elaabaribao/work/interns/y2026/temp/ds_temp_intern/temp/era5_mswt/postproc/results/unet1_loss_gaussian/metrics/rstd/data/land
Plot output dir : /srv/data/mohammad.elaabaribao/work/interns/y2026/temp/ds_temp_intern/temp/era5_mswt/postproc/results/unet1_loss_gaussian/metrics/rstd/plots/land
Prediction units : Unit unknown -> no automatic conversion applied.
Observation units: Already in Celsius.
Aligned shape    : pred=(5479, 160, 180), obs=(5479, 160, 180)
Spatial evaluation domain: land
Valid spatial pixels      : 17616
Computation pixels        : 17616
Saved summary CSV: /srv/data/mohammad.elaabaribao/work/interns/y2026/temp/ds_temp_intern/temp/era5_mswt/postproc/results/unet1_loss_gaussian/metrics/rstd/data/land/rstd_summary.csv
Saved: /srv/data/mohammad.elaabaribao/work/interns/y2026/temp/ds_temp_intern/temp/era5_mswt/postproc/results/unet1_loss_gaussian/metrics/rstd/data/land/rstd_annual_mean_period.nc
  RSTD mean=0.9761, min=0.4044, max=1.4815

RSTD products saved successfully.
[RSTD] plot
/srv/data/mohammad.elaabaribao/work/interns/y2026/temp/ds_temp_intern/temp/era5_mswt/postproc/temporal/rstd/plot.py:355: MatplotlibDeprecationWarning: The 'labels' parameter of boxplot() has been renamed 'tick_labels' since Matplotlib 3.9; support for the old name will be dropped in 3.11.
  ax.boxplot(
Using device: cpu
=== Temperature RSTD plotting ===
Spatial domain  : land
Display domain  : land
Metric config   : /srv/data/mohammad.elaabaribao/work/interns/y2026/temp/ds_temp_intern/temp/era5_mswt/postproc/temporal/rstd/config.yaml
Main config     : /srv/data/mohammad.elaabaribao/work/interns/y2026/temp/ds_temp_intern/temp/era5_mswt/main/configs/unet/unet1_loss_gaussian.yaml
Input data dir  : /srv/data/mohammad.elaabaribao/work/interns/y2026/temp/ds_temp_intern/temp/era5_mswt/postproc/results/unet1_loss_gaussian/metrics/rstd/data/land
Output plot dir : /srv/data/mohammad.elaabaribao/work/interns/y2026/temp/ds_temp_intern/temp/era5_mswt/postproc/results/unet1_loss_gaussian/metrics/rstd/plots/land
[STEP] Loading RSTD fields
[STEP] Plotting annual standard deviation comparison
[STEP] Plotting annual RSTD map
[STEP] Plotting annual RSTD boxplot
[SUCCESS] RSTD figures saved to: /srv/data/mohammad.elaabaribao/work/interns/y2026/temp/ds_temp_intern/temp/era5_mswt/postproc/results/unet1_loss_gaussian/metrics/rstd/plots/land
[RSTD] done

======================================
 Postprocessing finished successfully
======================================
======================================
 Running postprocessing metrics
======================================
[INFO] Current directory:
/srv/data/mohammad.elaabaribao/work/interns/y2026/temp/ds_temp_intern/temp

[INFO] Selected config : config.yaml
[INFO] Selected group  : all


========== MEAN METRICS ==========

--------------------------------------
[BIAS]
Config: era5_mswt/postproc/mean/bias/config.yaml
--------------------------------------
[BIAS] compute
Using device: cpu
=== Temperature bias postprocessing ===
Spatial domain   : land
Save mask        : True
Metric config   : /srv/data/mohammad.elaabaribao/work/interns/y2026/temp/ds_temp_intern/temp/era5_mswt/postproc/mean/bias/config.yaml
Main config     : /srv/data/mohammad.elaabaribao/work/interns/y2026/temp/ds_temp_intern/temp/era5_mswt/main/configs/unet/config_unet1_reg.yaml
Experiment root : /srv/data/mohammad.elaabaribao/work/interns/y2026/temp/ds_temp_intern/temp/era5_mswt/results/unet1_temp_reg
Prediction file : /srv/data/mohammad.elaabaribao/work/interns/y2026/temp/ds_temp_intern/temp/era5_mswt/results/unet1_temp_reg/output_data/unet1_predictions_mswt.nc
Observation file: /home/mohammad.elaabaribao/lustre/climat-um6p-st-iwri-7ksifkvwkuy/users/mohammad.elaabaribao/data/obs/mswep/mswt_1979_2020.nc
Time window     : 2006-01-01 -> 2020-12-31
Strategy        : daily_first
Return by year  : False
Min valid       : 10
Seasons         : ['Annual', 'DJF', 'MAM', 'JJA', 'SON']
Data output dir : /srv/data/mohammad.elaabaribao/work/interns/y2026/temp/ds_temp_intern/temp/era5_mswt/postproc/results/unet1_temp_reg/metrics/bias/data/land
Plot output dir : /srv/data/mohammad.elaabaribao/work/interns/y2026/temp/ds_temp_intern/temp/era5_mswt/postproc/results/unet1_temp_reg/metrics/bias/plots/land
Prediction units : Unit unknown -> no automatic conversion applied.
Observation units: Already in Celsius.
Aligned shape: pred=(5479, 150, 180), obs=(5479, 150, 180)
Spatial evaluation domain: land
Valid spatial pixels      : 17417
Computation pixels        : 17417

--- Computing bias for Annual ---
Saved NetCDF: /srv/data/mohammad.elaabaribao/work/interns/y2026/temp/ds_temp_intern/temp/era5_mswt/postproc/results/unet1_temp_reg/metrics/bias/data/land/bias_annual_daily_first_mean_period.nc
  mean=-0.2980, min=-5.1451, max=6.5396, std=0.7991

--- Computing bias for DJF ---
Saved NetCDF: /srv/data/mohammad.elaabaribao/work/interns/y2026/temp/ds_temp_intern/temp/era5_mswt/postproc/results/unet1_temp_reg/metrics/bias/data/land/bias_djf_daily_first_mean_period.nc
  mean=-0.0529, min=-5.7889, max=7.6156, std=0.8889

--- Computing bias for MAM ---
Saved NetCDF: /srv/data/mohammad.elaabaribao/work/interns/y2026/temp/ds_temp_intern/temp/era5_mswt/postproc/results/unet1_temp_reg/metrics/bias/data/land/bias_mam_daily_first_mean_period.nc
  mean=-0.2894, min=-5.3514, max=6.7333, std=0.8405

--- Computing bias for JJA ---
Saved NetCDF: /srv/data/mohammad.elaabaribao/work/interns/y2026/temp/ds_temp_intern/temp/era5_mswt/postproc/results/unet1_temp_reg/metrics/bias/data/land/bias_jja_daily_first_mean_period.nc
  mean=-0.5045, min=-4.6098, max=5.6920, std=0.8083

--- Computing bias for SON ---
Saved NetCDF: /srv/data/mohammad.elaabaribao/work/interns/y2026/temp/ds_temp_intern/temp/era5_mswt/postproc/results/unet1_temp_reg/metrics/bias/data/land/bias_son_daily_first_mean_period.nc
  mean=-0.3405, min=-5.3616, max=6.6782, std=0.8539

Saved summary CSV: /srv/data/mohammad.elaabaribao/work/interns/y2026/temp/ds_temp_intern/temp/era5_mswt/postproc/results/unet1_temp_reg/metrics/bias/data/land/bias_summary_daily_first.csv

All bias products saved successfully.
[BIAS] plot
Using device: cpu
=== Temperature bias plotting ===
Spatial domain  : land
Display domain  : land
Metric config   : /srv/data/mohammad.elaabaribao/work/interns/y2026/temp/ds_temp_intern/temp/era5_mswt/postproc/mean/bias/config.yaml
Main config     : /srv/data/mohammad.elaabaribao/work/interns/y2026/temp/ds_temp_intern/temp/era5_mswt/main/configs/unet/config_unet1_reg.yaml
Input data dir  : /srv/data/mohammad.elaabaribao/work/interns/y2026/temp/ds_temp_intern/temp/era5_mswt/postproc/results/unet1_temp_reg/metrics/bias/data/land
Output plot dir : /srv/data/mohammad.elaabaribao/work/interns/y2026/temp/ds_temp_intern/temp/era5_mswt/postproc/results/unet1_temp_reg/metrics/bias/plots/land
Strategy        : daily_first
Return by year  : False
[STEP] Plotting annual bias map
[STEP] Plotting DJF bias map
[STEP] Plotting MAM bias map
[STEP] Plotting JJA bias map
[STEP] Plotting SON bias map
[STEP] Plotting grouped seasonal bias panel
[STEP] Plotting seasonal bias boxplot
[STEP] Plotting annual bias boxplot
[SUCCESS] Bias figures saved to: /srv/data/mohammad.elaabaribao/work/interns/y2026/temp/ds_temp_intern/temp/era5_mswt/postproc/results/unet1_temp_reg/metrics/bias/plots/land
[BIAS] done

--------------------------------------
[RMSE]
Config: era5_mswt/postproc/mean/rmse/config.yaml
--------------------------------------
[RMSE] compute
Using device: cpu
=== Temperature RMSE postprocessing ===
Spatial domain   : land
Save mask        : True
Metric config   : /srv/data/mohammad.elaabaribao/work/interns/y2026/temp/ds_temp_intern/temp/era5_mswt/postproc/mean/rmse/config.yaml
Main config     : /srv/data/mohammad.elaabaribao/work/interns/y2026/temp/ds_temp_intern/temp/era5_mswt/main/configs/unet/config_unet1_reg.yaml
Experiment root : /srv/data/mohammad.elaabaribao/work/interns/y2026/temp/ds_temp_intern/temp/era5_mswt/results/unet1_temp_reg
Prediction file : /srv/data/mohammad.elaabaribao/work/interns/y2026/temp/ds_temp_intern/temp/era5_mswt/results/unet1_temp_reg/output_data/unet1_predictions_mswt.nc
Observation file: /home/mohammad.elaabaribao/lustre/climat-um6p-st-iwri-7ksifkvwkuy/users/mohammad.elaabaribao/data/obs/mswep/mswt_1979_2020.nc
Time window     : 2006-01-01 -> 2020-12-31
Strategy        : daily_first
Return by year  : False
Min valid       : 10
Seasons         : ['Annual', 'DJF', 'MAM', 'JJA', 'SON']
Data output dir : /srv/data/mohammad.elaabaribao/work/interns/y2026/temp/ds_temp_intern/temp/era5_mswt/postproc/results/unet1_temp_reg/metrics/rmse/data/land
Plot output dir : /srv/data/mohammad.elaabaribao/work/interns/y2026/temp/ds_temp_intern/temp/era5_mswt/postproc/results/unet1_temp_reg/metrics/rmse/plots/land
Prediction units : Unit unknown -> no automatic conversion applied.
Observation units: Already in Celsius.
Aligned shape: pred=(5479, 150, 180), obs=(5479, 150, 180)
Spatial evaluation domain: land
Valid spatial pixels      : 17417
Computation pixels        : 17417

--- Computing RMSE for Annual ---
Saved NetCDF: /srv/data/mohammad.elaabaribao/work/interns/y2026/temp/ds_temp_intern/temp/era5_mswt/postproc/results/unet1_temp_reg/metrics/rmse/data/land/rmse_annual_daily_first_mean_period.nc
  mean=1.5456, min=0.7355, max=6.7604, std=0.4608

--- Computing RMSE for DJF ---
Saved NetCDF: /srv/data/mohammad.elaabaribao/work/interns/y2026/temp/ds_temp_intern/temp/era5_mswt/postproc/results/unet1_temp_reg/metrics/rmse/data/land/rmse_djf_daily_first_mean_period.nc
  mean=1.4717, min=0.7058, max=7.9178, std=0.5817

--- Computing RMSE for MAM ---
Saved NetCDF: /srv/data/mohammad.elaabaribao/work/interns/y2026/temp/ds_temp_intern/temp/era5_mswt/postproc/results/unet1_temp_reg/metrics/rmse/data/land/rmse_mam_daily_first_mean_period.nc
  mean=1.4988, min=0.6016, max=6.8983, std=0.4867

--- Computing RMSE for JJA ---
Saved NetCDF: /srv/data/mohammad.elaabaribao/work/interns/y2026/temp/ds_temp_intern/temp/era5_mswt/postproc/results/unet1_temp_reg/metrics/rmse/data/land/rmse_jja_daily_first_mean_period.nc
  mean=1.5874, min=0.6975, max=5.8330, std=0.3815

--- Computing RMSE for SON ---
Saved NetCDF: /srv/data/mohammad.elaabaribao/work/interns/y2026/temp/ds_temp_intern/temp/era5_mswt/postproc/results/unet1_temp_reg/metrics/rmse/data/land/rmse_son_daily_first_mean_period.nc
  mean=1.5482, min=0.6795, max=6.8457, std=0.4695

Saved summary CSV: /srv/data/mohammad.elaabaribao/work/interns/y2026/temp/ds_temp_intern/temp/era5_mswt/postproc/results/unet1_temp_reg/metrics/rmse/data/land/rmse_summary_daily_first.csv

All RMSE products saved successfully.
[RMSE] plot
Using device: cpu
=== Temperature RMSE plotting ===
Spatial domain  : land
Display domain  : land
Metric config   : /srv/data/mohammad.elaabaribao/work/interns/y2026/temp/ds_temp_intern/temp/era5_mswt/postproc/mean/rmse/config.yaml
Main config     : /srv/data/mohammad.elaabaribao/work/interns/y2026/temp/ds_temp_intern/temp/era5_mswt/main/configs/unet/config_unet1_reg.yaml
Input data dir  : /srv/data/mohammad.elaabaribao/work/interns/y2026/temp/ds_temp_intern/temp/era5_mswt/postproc/results/unet1_temp_reg/metrics/rmse/data/land
Output plot dir : /srv/data/mohammad.elaabaribao/work/interns/y2026/temp/ds_temp_intern/temp/era5_mswt/postproc/results/unet1_temp_reg/metrics/rmse/plots/land
Strategy        : daily_first
Return by year  : False
[STEP] Plotting annual RMSE map
[STEP] Plotting DJF RMSE map
[STEP] Plotting MAM RMSE map
[STEP] Plotting JJA RMSE map
[STEP] Plotting SON RMSE map
[STEP] Plotting grouped seasonal RMSE panel
[STEP] Plotting seasonal RMSE boxplot
[STEP] Plotting annual RMSE boxplot
[SUCCESS] RMSE figures saved to: /srv/data/mohammad.elaabaribao/work/interns/y2026/temp/ds_temp_intern/temp/era5_mswt/postproc/results/unet1_temp_reg/metrics/rmse/plots/land
[RMSE] done

--------------------------------------
[CORRELATION]
Config: era5_mswt/postproc/mean/correlation/config.yaml
--------------------------------------
[CORRELATION] compute
Using device: cpu
=== Temperature correlation postprocessing ===
Spatial domain   : land
Save mask        : True
Metric config   : /srv/data/mohammad.elaabaribao/work/interns/y2026/temp/ds_temp_intern/temp/era5_mswt/postproc/mean/correlation/config.yaml
Main config     : /srv/data/mohammad.elaabaribao/work/interns/y2026/temp/ds_temp_intern/temp/era5_mswt/main/configs/unet/config_unet1_reg.yaml
Experiment root : /srv/data/mohammad.elaabaribao/work/interns/y2026/temp/ds_temp_intern/temp/era5_mswt/results/unet1_temp_reg
Prediction file : /srv/data/mohammad.elaabaribao/work/interns/y2026/temp/ds_temp_intern/temp/era5_mswt/results/unet1_temp_reg/output_data/unet1_predictions_mswt.nc
Observation file: /home/mohammad.elaabaribao/lustre/climat-um6p-st-iwri-7ksifkvwkuy/users/mohammad.elaabaribao/data/obs/mswep/mswt_1979_2020.nc
Time window     : 2006-01-01 -> 2020-12-31
Window (CORR D) : 31
Min valid       : 10
Seasons         : ['Annual', 'DJF', 'MAM', 'JJA', 'SON']
corr_d data dir : /srv/data/mohammad.elaabaribao/work/interns/y2026/temp/ds_temp_intern/temp/era5_mswt/postproc/results/unet1_temp_reg/metrics/corr_d/data/land
corr_d plot dir : /srv/data/mohammad.elaabaribao/work/interns/y2026/temp/ds_temp_intern/temp/era5_mswt/postproc/results/unet1_temp_reg/metrics/corr_d/plots/land
Prediction units : Unit unknown -> no automatic conversion applied.
Observation units: Already in Celsius.
Aligned shape    : pred=(5479, 150, 180), obs=(5479, 150, 180)
Spatial evaluation domain: land
Valid spatial pixels      : 17417
Computation pixels        : 17417

--- Computing correlations for Annual ---
Saved: /srv/data/mohammad.elaabaribao/work/interns/y2026/temp/ds_temp_intern/temp/era5_mswt/postproc/results/unet1_temp_reg/metrics/corr_d/data/land/corr_d_annual_mean_period.nc
  CORR D mean=0.8694, min=0.5674, max=0.9349

--- Computing correlations for DJF ---
Saved: /srv/data/mohammad.elaabaribao/work/interns/y2026/temp/ds_temp_intern/temp/era5_mswt/postproc/results/unet1_temp_reg/metrics/corr_d/data/land/corr_d_djf_mean_period.nc
  CORR D mean=0.8596, min=0.5376, max=0.9184

--- Computing correlations for MAM ---
Saved: /srv/data/mohammad.elaabaribao/work/interns/y2026/temp/ds_temp_intern/temp/era5_mswt/postproc/results/unet1_temp_reg/metrics/corr_d/data/land/corr_d_mam_mean_period.nc
  CORR D mean=0.9134, min=0.5940, max=0.9606

--- Computing correlations for JJA ---
Saved: /srv/data/mohammad.elaabaribao/work/interns/y2026/temp/ds_temp_intern/temp/era5_mswt/postproc/results/unet1_temp_reg/metrics/corr_d/data/land/corr_d_jja_mean_period.nc
  CORR D mean=0.7955, min=0.3876, max=0.9543

--- Computing correlations for SON ---
Saved: /srv/data/mohammad.elaabaribao/work/interns/y2026/temp/ds_temp_intern/temp/era5_mswt/postproc/results/unet1_temp_reg/metrics/corr_d/data/land/corr_d_son_mean_period.nc
  CORR D mean=0.8490, min=0.5694, max=0.9237

Saved summary CSV: /srv/data/mohammad.elaabaribao/work/interns/y2026/temp/ds_temp_intern/temp/era5_mswt/postproc/results/unet1_temp_reg/metrics/corr_d/data/land/corr_d_summary.csv

All correlation products saved successfully.
[CORRELATION] plot
Using device: cpu
=== Temperature correlation plotting ===
Spatial domain  : land
Display domain  : land
Metric config   : /srv/data/mohammad.elaabaribao/work/interns/y2026/temp/ds_temp_intern/temp/era5_mswt/postproc/mean/correlation/config.yaml
Main config     : /srv/data/mohammad.elaabaribao/work/interns/y2026/temp/ds_temp_intern/temp/era5_mswt/main/configs/unet/config_unet1_reg.yaml
Experiment root : /srv/data/mohammad.elaabaribao/work/interns/y2026/temp/ds_temp_intern/temp/era5_mswt/results/unet1_temp_reg
Selected seasons: ['Annual', 'DJF', 'MAM', 'JJA', 'SON']

=== Plotting corr_d ===
Spatial domain  : land
Display domain  : land
Input data dir  : /srv/data/mohammad.elaabaribao/work/interns/y2026/temp/ds_temp_intern/temp/era5_mswt/postproc/results/unet1_temp_reg/metrics/corr_d/data/land
Output plot dir : /srv/data/mohammad.elaabaribao/work/interns/y2026/temp/ds_temp_intern/temp/era5_mswt/postproc/results/unet1_temp_reg/metrics/corr_d/plots/land
[STEP] Plotting annual corr_d map
[STEP] Plotting DJF corr_d map
[STEP] Plotting MAM corr_d map
[STEP] Plotting JJA corr_d map
[STEP] Plotting SON corr_d map
[STEP] Plotting seasonal corr_d panel
[STEP] Plotting seasonal corr_d boxplot
[STEP] Plotting annual corr_d boxplot
[SUCCESS] corr_d figures saved to: /srv/data/mohammad.elaabaribao/work/interns/y2026/temp/ds_temp_intern/temp/era5_mswt/postproc/results/unet1_temp_reg/metrics/corr_d/plots/land

All correlation figures saved successfully.
[CORRELATION] done

========== EXTREME METRICS ==========

--------------------------------------
[B02]
Config: era5_mswt/postproc/extreme/b02/config.yaml
--------------------------------------
[B02] compute
Using device: cpu
=== Temperature B-02 postprocessing ===
Spatial domain   : land
Save mask        : True
Metric config   : /srv/data/mohammad.elaabaribao/work/interns/y2026/temp/ds_temp_intern/temp/era5_mswt/postproc/extreme/b02/config.yaml
Main config     : /srv/data/mohammad.elaabaribao/work/interns/y2026/temp/ds_temp_intern/temp/era5_mswt/main/configs/unet/config_unet1_reg.yaml
Experiment root : /srv/data/mohammad.elaabaribao/work/interns/y2026/temp/ds_temp_intern/temp/era5_mswt/results/unet1_temp_reg
Prediction file : /srv/data/mohammad.elaabaribao/work/interns/y2026/temp/ds_temp_intern/temp/era5_mswt/results/unet1_temp_reg/output_data/unet1_predictions_mswt.nc
Observation file: /home/mohammad.elaabaribao/lustre/climat-um6p-st-iwri-7ksifkvwkuy/users/mohammad.elaabaribao/data/obs/mswep/mswt_1979_2020.nc
Time window     : 2006-01-01 -> 2020-12-31
Quantile        : 0.02
Min valid       : 10
Seasons         : ['Annual', 'DJF', 'MAM', 'JJA', 'SON']
Data output dir : /srv/data/mohammad.elaabaribao/work/interns/y2026/temp/ds_temp_intern/temp/era5_mswt/postproc/results/unet1_temp_reg/metrics/b02/data/land
Plot output dir : /srv/data/mohammad.elaabaribao/work/interns/y2026/temp/ds_temp_intern/temp/era5_mswt/postproc/results/unet1_temp_reg/metrics/b02/plots/land
Prediction units : Unit unknown -> no automatic conversion applied.
Observation units: Already in Celsius.
Aligned shape    : pred=(5479, 150, 180), obs=(5479, 150, 180)
Spatial evaluation domain: land
Valid spatial pixels      : 17417
Computation pixels        : 17417

--- Computing B-02 for Annual ---
Saved: /srv/data/mohammad.elaabaribao/work/interns/y2026/temp/ds_temp_intern/temp/era5_mswt/postproc/results/unet1_temp_reg/metrics/b02/data/land/b02_annual_mean_period.nc
  mean=0.5167, min=-4.7965, max=11.4318

--- Computing B-02 for DJF ---
Saved: /srv/data/mohammad.elaabaribao/work/interns/y2026/temp/ds_temp_intern/temp/era5_mswt/postproc/results/unet1_temp_reg/metrics/b02/data/land/b02_djf_mean_period.nc
  mean=1.3139, min=-3.8698, max=13.7117

--- Computing B-02 for MAM ---
Saved: /srv/data/mohammad.elaabaribao/work/interns/y2026/temp/ds_temp_intern/temp/era5_mswt/postproc/results/unet1_temp_reg/metrics/b02/data/land/b02_mam_mean_period.nc
  mean=-0.0844, min=-5.1496, max=8.3047

--- Computing B-02 for JJA ---
Saved: /srv/data/mohammad.elaabaribao/work/interns/y2026/temp/ds_temp_intern/temp/era5_mswt/postproc/results/unet1_temp_reg/metrics/b02/data/land/b02_jja_mean_period.nc
  mean=0.0250, min=-5.0985, max=6.5833

--- Computing B-02 for SON ---
Saved: /srv/data/mohammad.elaabaribao/work/interns/y2026/temp/ds_temp_intern/temp/era5_mswt/postproc/results/unet1_temp_reg/metrics/b02/data/land/b02_son_mean_period.nc
  mean=0.1498, min=-5.7974, max=9.5069

Saved summary CSV: /srv/data/mohammad.elaabaribao/work/interns/y2026/temp/ds_temp_intern/temp/era5_mswt/postproc/results/unet1_temp_reg/metrics/b02/data/land/b02_summary.csv

All B-02 products saved successfully.
[B02] plot
Using device: cpu
=== Temperature B-02 plotting ===
Spatial domain  : land
Display domain  : land
Metric config   : /srv/data/mohammad.elaabaribao/work/interns/y2026/temp/ds_temp_intern/temp/era5_mswt/postproc/extreme/b02/config.yaml
Main config     : /srv/data/mohammad.elaabaribao/work/interns/y2026/temp/ds_temp_intern/temp/era5_mswt/main/configs/unet/config_unet1_reg.yaml
Input data dir  : /srv/data/mohammad.elaabaribao/work/interns/y2026/temp/ds_temp_intern/temp/era5_mswt/postproc/results/unet1_temp_reg/metrics/b02/data/land
Output plot dir : /srv/data/mohammad.elaabaribao/work/interns/y2026/temp/ds_temp_intern/temp/era5_mswt/postproc/results/unet1_temp_reg/metrics/b02/plots/land
[STEP] Plotting annual P02 comparison
[STEP] Plotting annual B-02 map
[STEP] Plotting DJF B-02 map
[STEP] Plotting MAM B-02 map
[STEP] Plotting JJA B-02 map
[STEP] Plotting SON B-02 map
[STEP] Plotting grouped seasonal B-02 panel
[STEP] Plotting seasonal B-02 boxplot
[STEP] Plotting annual B-02 boxplot
[SUCCESS] B-02 figures saved to: /srv/data/mohammad.elaabaribao/work/interns/y2026/temp/ds_temp_intern/temp/era5_mswt/postproc/results/unet1_temp_reg/metrics/b02/plots/land
[B02] done

--------------------------------------
[B98]
Config: era5_mswt/postproc/extreme/b98/config.yaml
--------------------------------------
[B98] compute
Using device: cpu
=== Temperature B-98 postprocessing ===
Spatial domain   : land
Save mask        : True
Metric config   : /srv/data/mohammad.elaabaribao/work/interns/y2026/temp/ds_temp_intern/temp/era5_mswt/postproc/extreme/b98/config.yaml
Main config     : /srv/data/mohammad.elaabaribao/work/interns/y2026/temp/ds_temp_intern/temp/era5_mswt/main/configs/unet/config_unet1_reg.yaml
Experiment root : /srv/data/mohammad.elaabaribao/work/interns/y2026/temp/ds_temp_intern/temp/era5_mswt/results/unet1_temp_reg
Prediction file : /srv/data/mohammad.elaabaribao/work/interns/y2026/temp/ds_temp_intern/temp/era5_mswt/results/unet1_temp_reg/output_data/unet1_predictions_mswt.nc
Observation file: /home/mohammad.elaabaribao/lustre/climat-um6p-st-iwri-7ksifkvwkuy/users/mohammad.elaabaribao/data/obs/mswep/mswt_1979_2020.nc
Time window     : 2006-01-01 -> 2020-12-31
Quantile        : 0.98
Min valid       : 10
Seasons         : ['Annual', 'DJF', 'MAM', 'JJA', 'SON']
Data output dir : /srv/data/mohammad.elaabaribao/work/interns/y2026/temp/ds_temp_intern/temp/era5_mswt/postproc/results/unet1_temp_reg/metrics/b98/data/land
Plot output dir : /srv/data/mohammad.elaabaribao/work/interns/y2026/temp/ds_temp_intern/temp/era5_mswt/postproc/results/unet1_temp_reg/metrics/b98/plots/land
Prediction units : Unit unknown -> no automatic conversion applied.
Observation units: Already in Celsius.
Aligned shape    : pred=(5479, 150, 180), obs=(5479, 150, 180)
Spatial evaluation domain: land
Valid spatial pixels      : 17417
Computation pixels        : 17417

--- Computing B-98 for Annual ---
Saved: /srv/data/mohammad.elaabaribao/work/interns/y2026/temp/ds_temp_intern/temp/era5_mswt/postproc/results/unet1_temp_reg/metrics/b98/data/land/b98_annual_mean_period.nc
  mean=-1.6780, min=-6.3122, max=5.0541

--- Computing B-98 for DJF ---
Saved: /srv/data/mohammad.elaabaribao/work/interns/y2026/temp/ds_temp_intern/temp/era5_mswt/postproc/results/unet1_temp_reg/metrics/b98/data/land/b98_djf_mean_period.nc
  mean=-0.2831, min=-5.8023, max=6.2429

--- Computing B-98 for MAM ---
Saved: /srv/data/mohammad.elaabaribao/work/interns/y2026/temp/ds_temp_intern/temp/era5_mswt/postproc/results/unet1_temp_reg/metrics/b98/data/land/b98_mam_mean_period.nc
  mean=-0.3773, min=-5.4162, max=6.9216

--- Computing B-98 for JJA ---
Saved: /srv/data/mohammad.elaabaribao/work/interns/y2026/temp/ds_temp_intern/temp/era5_mswt/postproc/results/unet1_temp_reg/metrics/b98/data/land/b98_jja_mean_period.nc
  mean=-2.2753, min=-8.2924, max=4.7053

--- Computing B-98 for SON ---
Saved: /srv/data/mohammad.elaabaribao/work/interns/y2026/temp/ds_temp_intern/temp/era5_mswt/postproc/results/unet1_temp_reg/metrics/b98/data/land/b98_son_mean_period.nc
  mean=-0.2888, min=-6.6512, max=6.5591

Saved summary CSV: /srv/data/mohammad.elaabaribao/work/interns/y2026/temp/ds_temp_intern/temp/era5_mswt/postproc/results/unet1_temp_reg/metrics/b98/data/land/b98_summary.csv

All B-98 products saved successfully.
[B98] plot
Using device: cpu
=== Temperature B-98 plotting ===
Spatial domain  : land
Display domain  : land
Metric config   : /srv/data/mohammad.elaabaribao/work/interns/y2026/temp/ds_temp_intern/temp/era5_mswt/postproc/extreme/b98/config.yaml
Main config     : /srv/data/mohammad.elaabaribao/work/interns/y2026/temp/ds_temp_intern/temp/era5_mswt/main/configs/unet/config_unet1_reg.yaml
Input data dir  : /srv/data/mohammad.elaabaribao/work/interns/y2026/temp/ds_temp_intern/temp/era5_mswt/postproc/results/unet1_temp_reg/metrics/b98/data/land
Output plot dir : /srv/data/mohammad.elaabaribao/work/interns/y2026/temp/ds_temp_intern/temp/era5_mswt/postproc/results/unet1_temp_reg/metrics/b98/plots/land
[STEP] Plotting annual P98 comparison
[STEP] Plotting annual B-98 map
[STEP] Plotting DJF B-98 map
[STEP] Plotting MAM B-98 map
[STEP] Plotting JJA B-98 map
[STEP] Plotting SON B-98 map
[STEP] Plotting grouped seasonal B-98 panel
[STEP] Plotting seasonal B-98 boxplot
[STEP] Plotting annual B-98 boxplot
[SUCCESS] B-98 figures saved to: /srv/data/mohammad.elaabaribao/work/interns/y2026/temp/ds_temp_intern/temp/era5_mswt/postproc/results/unet1_temp_reg/metrics/b98/plots/land
[B98] done

--------------------------------------
[CAMS]
Config: era5_mswt/postproc/extreme/cams/config.yaml
--------------------------------------
[CAMS] compute
Using device: cpu
=== Temperature CAMS postprocessing ===
Spatial domain   : land
Save mask        : True
Metric config     : /srv/data/mohammad.elaabaribao/work/interns/y2026/temp/ds_temp_intern/temp/era5_mswt/postproc/extreme/cams/config.yaml
Main config       : /srv/data/mohammad.elaabaribao/work/interns/y2026/temp/ds_temp_intern/temp/era5_mswt/main/configs/unet/config_unet1_reg.yaml
Experiment root   : /srv/data/mohammad.elaabaribao/work/interns/y2026/temp/ds_temp_intern/temp/era5_mswt/results/unet1_temp_reg
Prediction file   : /srv/data/mohammad.elaabaribao/work/interns/y2026/temp/ds_temp_intern/temp/era5_mswt/results/unet1_temp_reg/output_data/unet1_predictions_mswt.nc
Observation file  : /home/mohammad.elaabaribao/lustre/climat-um6p-st-iwri-7ksifkvwkuy/users/mohammad.elaabaribao/data/obs/mswep/mswt_1979_2020.nc
Time window       : 2006-01-01 -> 2020-12-31
Threshold quantile: 0.1
Min spell length  : 2
Min valid days    : 10
Min valid years   : 1
Data output dir   : /srv/data/mohammad.elaabaribao/work/interns/y2026/temp/ds_temp_intern/temp/era5_mswt/postproc/results/unet1_temp_reg/metrics/cams/data/land
Plot output dir   : /srv/data/mohammad.elaabaribao/work/interns/y2026/temp/ds_temp_intern/temp/era5_mswt/postproc/results/unet1_temp_reg/metrics/cams/plots/land
Prediction units : Unit unknown -> no automatic conversion applied.
Observation units: Already in Celsius.
Aligned shape    : pred=(5479, 150, 180), obs=(5479, 150, 180)
Spatial evaluation domain: land
Valid spatial pixels      : 17417
Computation pixels        : 17417
Saved summary CSV: /srv/data/mohammad.elaabaribao/work/interns/y2026/temp/ds_temp_intern/temp/era5_mswt/postproc/results/unet1_temp_reg/metrics/cams/data/land/cams_summary.csv
Saved: /srv/data/mohammad.elaabaribao/work/interns/y2026/temp/ds_temp_intern/temp/era5_mswt/postproc/results/unet1_temp_reg/metrics/cams/data/land/cams_annual_mean_period.nc
  bCAMS mean=0.9319, min=-5.0000, max=9.0000

CAMS products saved successfully.
[CAMS] plot
Using device: cpu
=== Temperature CAMS plotting ===
Spatial domain  : land
Display domain  : land
Metric config   : /srv/data/mohammad.elaabaribao/work/interns/y2026/temp/ds_temp_intern/temp/era5_mswt/postproc/extreme/cams/config.yaml
Main config     : /srv/data/mohammad.elaabaribao/work/interns/y2026/temp/ds_temp_intern/temp/era5_mswt/main/configs/unet/config_unet1_reg.yaml
Input data dir  : /srv/data/mohammad.elaabaribao/work/interns/y2026/temp/ds_temp_intern/temp/era5_mswt/postproc/results/unet1_temp_reg/metrics/cams/data/land
Output plot dir : /srv/data/mohammad.elaabaribao/work/interns/y2026/temp/ds_temp_intern/temp/era5_mswt/postproc/results/unet1_temp_reg/metrics/cams/plots/land
[STEP] Loading CAMS fields
[STEP] Plotting annual CAMS comparison
[STEP] Plotting annual bCAMS map
[STEP] Plotting annual bCAMS boxplot
[SUCCESS] CAMS figures saved to: /srv/data/mohammad.elaabaribao/work/interns/y2026/temp/ds_temp_intern/temp/era5_mswt/postproc/results/unet1_temp_reg/metrics/cams/plots/land
[CAMS] done

--------------------------------------
[WAMS]
Config: era5_mswt/postproc/extreme/wams/config.yaml
--------------------------------------
[WAMS] compute
Using device: cpu
=== Temperature WAMS postprocessing ===
Spatial domain   : land
Save mask        : True
Metric config     : /srv/data/mohammad.elaabaribao/work/interns/y2026/temp/ds_temp_intern/temp/era5_mswt/postproc/extreme/wams/config.yaml
Main config       : /srv/data/mohammad.elaabaribao/work/interns/y2026/temp/ds_temp_intern/temp/era5_mswt/main/configs/unet/config_unet1_reg.yaml
Experiment root   : /srv/data/mohammad.elaabaribao/work/interns/y2026/temp/ds_temp_intern/temp/era5_mswt/results/unet1_temp_reg
Prediction file   : /srv/data/mohammad.elaabaribao/work/interns/y2026/temp/ds_temp_intern/temp/era5_mswt/results/unet1_temp_reg/output_data/unet1_predictions_mswt.nc
Observation file  : /home/mohammad.elaabaribao/lustre/climat-um6p-st-iwri-7ksifkvwkuy/users/mohammad.elaabaribao/data/obs/mswep/mswt_1979_2020.nc
Time window       : 2006-01-01 -> 2020-12-31
Threshold quantile: 0.9
Min spell length  : 2
Min valid days    : 10
Min valid years   : 1
Data output dir   : /srv/data/mohammad.elaabaribao/work/interns/y2026/temp/ds_temp_intern/temp/era5_mswt/postproc/results/unet1_temp_reg/metrics/wams/data/land
Plot output dir   : /srv/data/mohammad.elaabaribao/work/interns/y2026/temp/ds_temp_intern/temp/era5_mswt/postproc/results/unet1_temp_reg/metrics/wams/plots/land
Prediction units : Unit unknown -> no automatic conversion applied.
Observation units: Already in Celsius.
Aligned shape    : pred=(5479, 150, 180), obs=(5479, 150, 180)
Spatial evaluation domain: land
Valid spatial pixels      : 17417
Computation pixels        : 17417
Saved summary CSV: /srv/data/mohammad.elaabaribao/work/interns/y2026/temp/ds_temp_intern/temp/era5_mswt/postproc/results/unet1_temp_reg/metrics/wams/data/land/wams_summary.csv
Saved: /srv/data/mohammad.elaabaribao/work/interns/y2026/temp/ds_temp_intern/temp/era5_mswt/postproc/results/unet1_temp_reg/metrics/wams/data/land/wams_annual_mean_period.nc
  bWAMS mean=-0.3630, min=-7.0000, max=6.0000

WAMS products saved successfully.
[WAMS] plot
Using device: cpu
=== Temperature WAMS plotting ===
Spatial domain  : land
Display domain  : land
Metric config   : /srv/data/mohammad.elaabaribao/work/interns/y2026/temp/ds_temp_intern/temp/era5_mswt/postproc/extreme/wams/config.yaml
Main config     : /srv/data/mohammad.elaabaribao/work/interns/y2026/temp/ds_temp_intern/temp/era5_mswt/main/configs/unet/config_unet1_reg.yaml
Input data dir  : /srv/data/mohammad.elaabaribao/work/interns/y2026/temp/ds_temp_intern/temp/era5_mswt/postproc/results/unet1_temp_reg/metrics/wams/data/land
Output plot dir : /srv/data/mohammad.elaabaribao/work/interns/y2026/temp/ds_temp_intern/temp/era5_mswt/postproc/results/unet1_temp_reg/metrics/wams/plots/land
[STEP] Loading WAMS fields
[STEP] Plotting annual WAMS comparison
[STEP] Plotting annual bWAMS map
[STEP] Plotting annual bWAMS boxplot
[SUCCESS] WAMS figures saved to: /srv/data/mohammad.elaabaribao/work/interns/y2026/temp/ds_temp_intern/temp/era5_mswt/postproc/results/unet1_temp_reg/metrics/wams/plots/land
[WAMS] done

========== TEMPORAL METRICS ==========

--------------------------------------
[AC1]
Config: era5_mswt/postproc/temporal/ac1/config.yaml
--------------------------------------
[AC1] compute
Using device: cpu
=== Temperature AC1 postprocessing ===
Spatial domain   : land
Save mask        : True
Metric config   : /srv/data/mohammad.elaabaribao/work/interns/y2026/temp/ds_temp_intern/temp/era5_mswt/postproc/temporal/ac1/config.yaml
Main config     : /srv/data/mohammad.elaabaribao/work/interns/y2026/temp/ds_temp_intern/temp/era5_mswt/main/configs/unet/config_unet1_reg.yaml
Experiment root : /srv/data/mohammad.elaabaribao/work/interns/y2026/temp/ds_temp_intern/temp/era5_mswt/results/unet1_temp_reg
Prediction file : /srv/data/mohammad.elaabaribao/work/interns/y2026/temp/ds_temp_intern/temp/era5_mswt/results/unet1_temp_reg/output_data/unet1_predictions_mswt.nc
Observation file: /home/mohammad.elaabaribao/lustre/climat-um6p-st-iwri-7ksifkvwkuy/users/mohammad.elaabaribao/data/obs/mswep/mswt_1979_2020.nc
Time window     : 2006-01-01 -> 2020-12-31
Min valid pairs : 10
Data output dir : /srv/data/mohammad.elaabaribao/work/interns/y2026/temp/ds_temp_intern/temp/era5_mswt/postproc/results/unet1_temp_reg/metrics/ac1/data/land
Plot output dir : /srv/data/mohammad.elaabaribao/work/interns/y2026/temp/ds_temp_intern/temp/era5_mswt/postproc/results/unet1_temp_reg/metrics/ac1/plots/land
Prediction units : Unit unknown -> no automatic conversion applied.
Observation units: Already in Celsius.
Aligned shape    : pred=(5479, 150, 180), obs=(5479, 150, 180)
Spatial evaluation domain: land
Valid spatial pixels      : 17417
Computation pixels        : 17417
Saved summary CSV: /srv/data/mohammad.elaabaribao/work/interns/y2026/temp/ds_temp_intern/temp/era5_mswt/postproc/results/unet1_temp_reg/metrics/ac1/data/land/ac1_summary.csv
Saved: /srv/data/mohammad.elaabaribao/work/interns/y2026/temp/ds_temp_intern/temp/era5_mswt/postproc/results/unet1_temp_reg/metrics/ac1/data/land/ac1_annual_mean_period.nc
  bAC1 mean=0.0068, min=-0.0243, max=0.0673

AC1 products saved successfully.
[AC1] plot
Using device: cpu
=== Temperature AC1 plotting ===
Spatial domain  : land
Display domain  : land
Metric config   : /srv/data/mohammad.elaabaribao/work/interns/y2026/temp/ds_temp_intern/temp/era5_mswt/postproc/temporal/ac1/config.yaml
Main config     : /srv/data/mohammad.elaabaribao/work/interns/y2026/temp/ds_temp_intern/temp/era5_mswt/main/configs/unet/config_unet1_reg.yaml
Input data dir  : /srv/data/mohammad.elaabaribao/work/interns/y2026/temp/ds_temp_intern/temp/era5_mswt/postproc/results/unet1_temp_reg/metrics/ac1/data/land
Output plot dir : /srv/data/mohammad.elaabaribao/work/interns/y2026/temp/ds_temp_intern/temp/era5_mswt/postproc/results/unet1_temp_reg/metrics/ac1/plots/land
[STEP] Loading AC1 fields
[STEP] Plotting annual AC1 comparison
[STEP] Plotting annual bAC1 map
[STEP] Plotting annual bAC1 boxplot
[SUCCESS] AC1 figures saved to: /srv/data/mohammad.elaabaribao/work/interns/y2026/temp/ds_temp_intern/temp/era5_mswt/postproc/results/unet1_temp_reg/metrics/ac1/plots/land
[AC1] done

--------------------------------------
[RSTD]
Config: era5_mswt/postproc/temporal/rstd/config.yaml
--------------------------------------
[RSTD] compute
Using device: cpu
=== Temperature RSTD postprocessing ===
Spatial domain   : land
Save mask        : True
Metric config   : /srv/data/mohammad.elaabaribao/work/interns/y2026/temp/ds_temp_intern/temp/era5_mswt/postproc/temporal/rstd/config.yaml
Main config     : /srv/data/mohammad.elaabaribao/work/interns/y2026/temp/ds_temp_intern/temp/era5_mswt/main/configs/unet/config_unet1_reg.yaml
Experiment root : /srv/data/mohammad.elaabaribao/work/interns/y2026/temp/ds_temp_intern/temp/era5_mswt/results/unet1_temp_reg
Prediction file : /srv/data/mohammad.elaabaribao/work/interns/y2026/temp/ds_temp_intern/temp/era5_mswt/results/unet1_temp_reg/output_data/unet1_predictions_mswt.nc
Observation file: /home/mohammad.elaabaribao/lustre/climat-um6p-st-iwri-7ksifkvwkuy/users/mohammad.elaabaribao/data/obs/mswep/mswt_1979_2020.nc
Time window     : 2006-01-01 -> 2020-12-31
Window          : 31
Min valid       : 10
Data output dir : /srv/data/mohammad.elaabaribao/work/interns/y2026/temp/ds_temp_intern/temp/era5_mswt/postproc/results/unet1_temp_reg/metrics/rstd/data/land
Plot output dir : /srv/data/mohammad.elaabaribao/work/interns/y2026/temp/ds_temp_intern/temp/era5_mswt/postproc/results/unet1_temp_reg/metrics/rstd/plots/land
Prediction units : Unit unknown -> no automatic conversion applied.
Observation units: Already in Celsius.
Aligned shape    : pred=(5479, 150, 180), obs=(5479, 150, 180)
Spatial evaluation domain: land
Valid spatial pixels      : 17417
Computation pixels        : 17417
Saved summary CSV: /srv/data/mohammad.elaabaribao/work/interns/y2026/temp/ds_temp_intern/temp/era5_mswt/postproc/results/unet1_temp_reg/metrics/rstd/data/land/rstd_summary.csv
Saved: /srv/data/mohammad.elaabaribao/work/interns/y2026/temp/ds_temp_intern/temp/era5_mswt/postproc/results/unet1_temp_reg/metrics/rstd/data/land/rstd_annual_mean_period.nc
  RSTD mean=0.9075, min=0.3416, max=1.3473

RSTD products saved successfully.
[RSTD] plot
/srv/data/mohammad.elaabaribao/work/interns/y2026/temp/ds_temp_intern/temp/era5_mswt/postproc/temporal/rstd/plot.py:355: MatplotlibDeprecationWarning: The 'labels' parameter of boxplot() has been renamed 'tick_labels' since Matplotlib 3.9; support for the old name will be dropped in 3.11.
  ax.boxplot(
Using device: cpu
=== Temperature RSTD plotting ===
Spatial domain  : land
Display domain  : land
Metric config   : /srv/data/mohammad.elaabaribao/work/interns/y2026/temp/ds_temp_intern/temp/era5_mswt/postproc/temporal/rstd/config.yaml
Main config     : /srv/data/mohammad.elaabaribao/work/interns/y2026/temp/ds_temp_intern/temp/era5_mswt/main/configs/unet/config_unet1_reg.yaml
Input data dir  : /srv/data/mohammad.elaabaribao/work/interns/y2026/temp/ds_temp_intern/temp/era5_mswt/postproc/results/unet1_temp_reg/metrics/rstd/data/land
Output plot dir : /srv/data/mohammad.elaabaribao/work/interns/y2026/temp/ds_temp_intern/temp/era5_mswt/postproc/results/unet1_temp_reg/metrics/rstd/plots/land
[STEP] Loading RSTD fields
[STEP] Plotting annual standard deviation comparison
[STEP] Plotting annual RSTD map
[STEP] Plotting annual RSTD boxplot
[SUCCESS] RSTD figures saved to: /srv/data/mohammad.elaabaribao/work/interns/y2026/temp/ds_temp_intern/temp/era5_mswt/postproc/results/unet1_temp_reg/metrics/rstd/plots/land
[RSTD] done

======================================
 Postprocessing finished successfully
======================================
======================================
 Running postprocessing metrics
======================================
[INFO] Current directory:
/srv/data/mohammad.elaabaribao/work/interns/y2026/temp/ds_temp_intern/temp

[INFO] Selected config : config.yaml
[INFO] Selected group  : all


========== MEAN METRICS ==========

--------------------------------------
[BIAS]
Config: era5_mswt/postproc/mean/bias/config.yaml
--------------------------------------
[BIAS] compute
Traceback (most recent call last):
  File "/home/mohammad.elaabaribao/.conda/envs/clean_env_Pytorch/lib/python3.9/runpy.py", line 197, in _run_module_as_main
    return _run_code(code, main_globals, None,
  File "/home/mohammad.elaabaribao/.conda/envs/clean_env_Pytorch/lib/python3.9/runpy.py", line 87, in _run_code
    exec(code, run_globals)
  File "/srv/data/mohammad.elaabaribao/work/interns/y2026/temp/ds_temp_intern/temp/era5_mswt/postproc/mean/bias/bias.py", line 509, in <module>
    main()
  File "/srv/data/mohammad.elaabaribao/work/interns/y2026/temp/ds_temp_intern/temp/era5_mswt/postproc/mean/bias/bias.py", line 348, in main
    pred_path, obs_path = get_prediction_and_reference_paths(metric_cfg, cfg)
  File "/srv/data/mohammad.elaabaribao/work/interns/y2026/temp/ds_temp_intern/temp/era5_mswt/postproc/mean/bias/bias.py", line 297, in get_prediction_and_reference_paths
    pred_path = pred_override if pred_override is not None else build_prediction_path(cfg)
  File "/srv/data/mohammad.elaabaribao/work/interns/y2026/temp/ds_temp_intern/temp/era5_mswt/postproc/mean/bias/bias.py", line 151, in build_prediction_path
    raise FileNotFoundError(
FileNotFoundError: No prediction file found. Tried:
/srv/data/mohammad.elaabaribao/work/interns/y2026/temp/ds_temp_intern/temp/results_test/unet_temperature/output_data/unet1_predictions_unet_temperature.nc
/srv/data/mohammad.elaabaribao/work/interns/y2026/temp/ds_temp_intern/temp/results_test/unet_temperature/output_data/unet1_predictions_era5_to_mswt.nc
/srv/data/mohammad.elaabaribao/work/interns/y2026/temp/ds_temp_intern/temp/results_test/unet_temperature/output_data/unet1_predictions_mswt.nc
/srv/data/mohammad.elaabaribao/work/interns/y2026/temp/ds_temp_intern/temp/results_test/unet_temperature/output_data/unet1_predictions_era5_to_mswt.nc
Using device: cpu
======================================
 Running postprocessing metrics
======================================
[INFO] Current directory:
/srv/data/mohammad.elaabaribao/work/interns/y2026/temp/ds_temp_intern/temp

[INFO] Selected config : config.yaml
[INFO] Selected group  : all


========== MEAN METRICS ==========

--------------------------------------
[BIAS]
Config: era5_mswt/postproc/mean/bias/config.yaml
--------------------------------------
[BIAS] compute
Using device: cpu
=== Temperature bias postprocessing ===
Spatial domain   : land
Save mask        : True
Metric config   : /srv/data/mohammad.elaabaribao/work/interns/y2026/temp/ds_temp_intern/temp/era5_mswt/postproc/mean/bias/config.yaml
Main config     : /srv/data/mohammad.elaabaribao/work/interns/y2026/temp/ds_temp_intern/temp/era5_mswt/main/configs/unet/unet_weight_decay_1e3.yaml
Experiment root : /srv/data/mohammad.elaabaribao/work/interns/y2026/temp/ds_temp_intern/temp/era5_mswt/results/unet_weight_decay_1e3
Prediction file : /srv/data/mohammad.elaabaribao/work/interns/y2026/temp/ds_temp_intern/temp/era5_mswt/results/unet_weight_decay_1e3/output_data/unet1_predictions_mswt.nc
Observation file: /home/mohammad.elaabaribao/lustre/climat-um6p-st-iwri-7ksifkvwkuy/users/mohammad.elaabaribao/data/obs/mswep/mswt_1979_2020.nc
Time window     : 2006-01-01 -> 2020-12-31
Strategy        : daily_first
Return by year  : False
Min valid       : 10
Seasons         : ['Annual', 'DJF', 'MAM', 'JJA', 'SON']
Data output dir : /srv/data/mohammad.elaabaribao/work/interns/y2026/temp/ds_temp_intern/temp/era5_mswt/postproc/results/unet_weight_decay_1e3/metrics/bias/data/land
Plot output dir : /srv/data/mohammad.elaabaribao/work/interns/y2026/temp/ds_temp_intern/temp/era5_mswt/postproc/results/unet_weight_decay_1e3/metrics/bias/plots/land
Prediction units : Unit unknown -> no automatic conversion applied.
Observation units: Already in Celsius.
Aligned shape: pred=(5479, 160, 180), obs=(5479, 160, 180)
Spatial evaluation domain: land
Valid spatial pixels      : 17616
Computation pixels        : 17616

--- Computing bias for Annual ---
Saved NetCDF: /srv/data/mohammad.elaabaribao/work/interns/y2026/temp/ds_temp_intern/temp/era5_mswt/postproc/results/unet_weight_decay_1e3/metrics/bias/data/land/bias_annual_daily_first_mean_period.nc
  mean=-0.2701, min=-3.7948, max=4.5991, std=0.5554

--- Computing bias for DJF ---
Saved NetCDF: /srv/data/mohammad.elaabaribao/work/interns/y2026/temp/ds_temp_intern/temp/era5_mswt/postproc/results/unet_weight_decay_1e3/metrics/bias/data/land/bias_djf_daily_first_mean_period.nc
  mean=-0.1148, min=-4.1870, max=6.1915, std=0.6027

--- Computing bias for MAM ---
Saved NetCDF: /srv/data/mohammad.elaabaribao/work/interns/y2026/temp/ds_temp_intern/temp/era5_mswt/postproc/results/unet_weight_decay_1e3/metrics/bias/data/land/bias_mam_daily_first_mean_period.nc
  mean=-0.2465, min=-4.3620, max=4.7593, std=0.6071

--- Computing bias for JJA ---
Saved NetCDF: /srv/data/mohammad.elaabaribao/work/interns/y2026/temp/ds_temp_intern/temp/era5_mswt/postproc/results/unet_weight_decay_1e3/metrics/bias/data/land/bias_jja_daily_first_mean_period.nc
  mean=-0.5197, min=-4.2643, max=4.2588, std=0.5763

--- Computing bias for SON ---
Saved NetCDF: /srv/data/mohammad.elaabaribao/work/interns/y2026/temp/ds_temp_intern/temp/era5_mswt/postproc/results/unet_weight_decay_1e3/metrics/bias/data/land/bias_son_daily_first_mean_period.nc
  mean=-0.2123, min=-3.8914, max=4.7908, std=0.5702

Saved summary CSV: /srv/data/mohammad.elaabaribao/work/interns/y2026/temp/ds_temp_intern/temp/era5_mswt/postproc/results/unet_weight_decay_1e3/metrics/bias/data/land/bias_summary_daily_first.csv

All bias products saved successfully.
[BIAS] plot
Using device: cpu
=== Temperature bias plotting ===
Spatial domain  : land
Display domain  : land
Metric config   : /srv/data/mohammad.elaabaribao/work/interns/y2026/temp/ds_temp_intern/temp/era5_mswt/postproc/mean/bias/config.yaml
Main config     : /srv/data/mohammad.elaabaribao/work/interns/y2026/temp/ds_temp_intern/temp/era5_mswt/main/configs/unet/unet_weight_decay_1e3.yaml
Input data dir  : /srv/data/mohammad.elaabaribao/work/interns/y2026/temp/ds_temp_intern/temp/era5_mswt/postproc/results/unet_weight_decay_1e3/metrics/bias/data/land
Output plot dir : /srv/data/mohammad.elaabaribao/work/interns/y2026/temp/ds_temp_intern/temp/era5_mswt/postproc/results/unet_weight_decay_1e3/metrics/bias/plots/land
Strategy        : daily_first
Return by year  : False
[STEP] Plotting annual bias map
[STEP] Plotting DJF bias map
[STEP] Plotting MAM bias map
[STEP] Plotting JJA bias map
[STEP] Plotting SON bias map
[STEP] Plotting grouped seasonal bias panel
[STEP] Plotting seasonal bias boxplot
[STEP] Plotting annual bias boxplot
[SUCCESS] Bias figures saved to: /srv/data/mohammad.elaabaribao/work/interns/y2026/temp/ds_temp_intern/temp/era5_mswt/postproc/results/unet_weight_decay_1e3/metrics/bias/plots/land
[BIAS] done

--------------------------------------
[RMSE]
Config: era5_mswt/postproc/mean/rmse/config.yaml
--------------------------------------
[RMSE] compute
Using device: cpu
=== Temperature RMSE postprocessing ===
Spatial domain   : land
Save mask        : True
Metric config   : /srv/data/mohammad.elaabaribao/work/interns/y2026/temp/ds_temp_intern/temp/era5_mswt/postproc/mean/rmse/config.yaml
Main config     : /srv/data/mohammad.elaabaribao/work/interns/y2026/temp/ds_temp_intern/temp/era5_mswt/main/configs/unet/unet_weight_decay_1e3.yaml
Experiment root : /srv/data/mohammad.elaabaribao/work/interns/y2026/temp/ds_temp_intern/temp/era5_mswt/results/unet_weight_decay_1e3
Prediction file : /srv/data/mohammad.elaabaribao/work/interns/y2026/temp/ds_temp_intern/temp/era5_mswt/results/unet_weight_decay_1e3/output_data/unet1_predictions_mswt.nc
Observation file: /home/mohammad.elaabaribao/lustre/climat-um6p-st-iwri-7ksifkvwkuy/users/mohammad.elaabaribao/data/obs/mswep/mswt_1979_2020.nc
Time window     : 2006-01-01 -> 2020-12-31
Strategy        : daily_first
Return by year  : False
Min valid       : 10
Seasons         : ['Annual', 'DJF', 'MAM', 'JJA', 'SON']
Data output dir : /srv/data/mohammad.elaabaribao/work/interns/y2026/temp/ds_temp_intern/temp/era5_mswt/postproc/results/unet_weight_decay_1e3/metrics/rmse/data/land
Plot output dir : /srv/data/mohammad.elaabaribao/work/interns/y2026/temp/ds_temp_intern/temp/era5_mswt/postproc/results/unet_weight_decay_1e3/metrics/rmse/plots/land
Prediction units : Unit unknown -> no automatic conversion applied.
Observation units: Already in Celsius.
Aligned shape: pred=(5479, 160, 180), obs=(5479, 160, 180)
Spatial evaluation domain: land
Valid spatial pixels      : 17616
Computation pixels        : 17616

--- Computing RMSE for Annual ---
Saved NetCDF: /srv/data/mohammad.elaabaribao/work/interns/y2026/temp/ds_temp_intern/temp/era5_mswt/postproc/results/unet_weight_decay_1e3/metrics/rmse/data/land/rmse_annual_daily_first_mean_period.nc
  mean=1.2176, min=0.6382, max=4.8270, std=0.3273

--- Computing RMSE for DJF ---
Saved NetCDF: /srv/data/mohammad.elaabaribao/work/interns/y2026/temp/ds_temp_intern/temp/era5_mswt/postproc/results/unet_weight_decay_1e3/metrics/rmse/data/land/rmse_djf_daily_first_mean_period.nc
  mean=1.2453, min=0.6243, max=6.2261, std=0.3598

--- Computing RMSE for MAM ---
Saved NetCDF: /srv/data/mohammad.elaabaribao/work/interns/y2026/temp/ds_temp_intern/temp/era5_mswt/postproc/results/unet_weight_decay_1e3/metrics/rmse/data/land/rmse_mam_daily_first_mean_period.nc
  mean=1.1933, min=0.6382, max=4.9939, std=0.3587

--- Computing RMSE for JJA ---
Saved NetCDF: /srv/data/mohammad.elaabaribao/work/interns/y2026/temp/ds_temp_intern/temp/era5_mswt/postproc/results/unet_weight_decay_1e3/metrics/rmse/data/land/rmse_jja_daily_first_mean_period.nc
  mean=1.2163, min=0.6349, max=4.4672, std=0.3428

--- Computing RMSE for SON ---
Saved NetCDF: /srv/data/mohammad.elaabaribao/work/interns/y2026/temp/ds_temp_intern/temp/era5_mswt/postproc/results/unet_weight_decay_1e3/metrics/rmse/data/land/rmse_son_daily_first_mean_period.nc
  mean=1.1709, min=0.5793, max=4.9614, std=0.3128

Saved summary CSV: /srv/data/mohammad.elaabaribao/work/interns/y2026/temp/ds_temp_intern/temp/era5_mswt/postproc/results/unet_weight_decay_1e3/metrics/rmse/data/land/rmse_summary_daily_first.csv

All RMSE products saved successfully.
[RMSE] plot
Using device: cpu
=== Temperature RMSE plotting ===
Spatial domain  : land
Display domain  : land
Metric config   : /srv/data/mohammad.elaabaribao/work/interns/y2026/temp/ds_temp_intern/temp/era5_mswt/postproc/mean/rmse/config.yaml
Main config     : /srv/data/mohammad.elaabaribao/work/interns/y2026/temp/ds_temp_intern/temp/era5_mswt/main/configs/unet/unet_weight_decay_1e3.yaml
Input data dir  : /srv/data/mohammad.elaabaribao/work/interns/y2026/temp/ds_temp_intern/temp/era5_mswt/postproc/results/unet_weight_decay_1e3/metrics/rmse/data/land
Output plot dir : /srv/data/mohammad.elaabaribao/work/interns/y2026/temp/ds_temp_intern/temp/era5_mswt/postproc/results/unet_weight_decay_1e3/metrics/rmse/plots/land
Strategy        : daily_first
Return by year  : False
[STEP] Plotting annual RMSE map
[STEP] Plotting DJF RMSE map
[STEP] Plotting MAM RMSE map
[STEP] Plotting JJA RMSE map
[STEP] Plotting SON RMSE map
[STEP] Plotting grouped seasonal RMSE panel
[STEP] Plotting seasonal RMSE boxplot
[STEP] Plotting annual RMSE boxplot
[SUCCESS] RMSE figures saved to: /srv/data/mohammad.elaabaribao/work/interns/y2026/temp/ds_temp_intern/temp/era5_mswt/postproc/results/unet_weight_decay_1e3/metrics/rmse/plots/land
[RMSE] done

--------------------------------------
[CORRELATION]
Config: era5_mswt/postproc/mean/correlation/config.yaml
--------------------------------------
[CORRELATION] compute
Using device: cpu
=== Temperature correlation postprocessing ===
Spatial domain   : land
Save mask        : True
Metric config   : /srv/data/mohammad.elaabaribao/work/interns/y2026/temp/ds_temp_intern/temp/era5_mswt/postproc/mean/correlation/config.yaml
Main config     : /srv/data/mohammad.elaabaribao/work/interns/y2026/temp/ds_temp_intern/temp/era5_mswt/main/configs/unet/unet_weight_decay_1e3.yaml
Experiment root : /srv/data/mohammad.elaabaribao/work/interns/y2026/temp/ds_temp_intern/temp/era5_mswt/results/unet_weight_decay_1e3
Prediction file : /srv/data/mohammad.elaabaribao/work/interns/y2026/temp/ds_temp_intern/temp/era5_mswt/results/unet_weight_decay_1e3/output_data/unet1_predictions_mswt.nc
Observation file: /home/mohammad.elaabaribao/lustre/climat-um6p-st-iwri-7ksifkvwkuy/users/mohammad.elaabaribao/data/obs/mswep/mswt_1979_2020.nc
Time window     : 2006-01-01 -> 2020-12-31
Window (CORR D) : 31
Min valid       : 10
Seasons         : ['Annual', 'DJF', 'MAM', 'JJA', 'SON']
corr_d data dir : /srv/data/mohammad.elaabaribao/work/interns/y2026/temp/ds_temp_intern/temp/era5_mswt/postproc/results/unet_weight_decay_1e3/metrics/corr_d/data/land
corr_d plot dir : /srv/data/mohammad.elaabaribao/work/interns/y2026/temp/ds_temp_intern/temp/era5_mswt/postproc/results/unet_weight_decay_1e3/metrics/corr_d/plots/land
Prediction units : Unit unknown -> no automatic conversion applied.
Observation units: Already in Celsius.
Aligned shape    : pred=(5479, 160, 180), obs=(5479, 160, 180)
Spatial evaluation domain: land
Valid spatial pixels      : 17616
Computation pixels        : 17616

--- Computing correlations for Annual ---
Saved: /srv/data/mohammad.elaabaribao/work/interns/y2026/temp/ds_temp_intern/temp/era5_mswt/postproc/results/unet_weight_decay_1e3/metrics/corr_d/data/land/corr_d_annual_mean_period.nc
  CORR D mean=0.9151, min=0.6206, max=0.9599

--- Computing correlations for DJF ---
Saved: /srv/data/mohammad.elaabaribao/work/interns/y2026/temp/ds_temp_intern/temp/era5_mswt/postproc/results/unet_weight_decay_1e3/metrics/corr_d/data/land/corr_d_djf_mean_period.nc
  CORR D mean=0.8976, min=0.5911, max=0.9431

--- Computing correlations for MAM ---
Saved: /srv/data/mohammad.elaabaribao/work/interns/y2026/temp/ds_temp_intern/temp/era5_mswt/postproc/results/unet_weight_decay_1e3/metrics/corr_d/data/land/corr_d_mam_mean_period.nc
  CORR D mean=0.9435, min=0.6036, max=0.9753

--- Computing correlations for JJA ---
Saved: /srv/data/mohammad.elaabaribao/work/interns/y2026/temp/ds_temp_intern/temp/era5_mswt/postproc/results/unet_weight_decay_1e3/metrics/corr_d/data/land/corr_d_jja_mean_period.nc
  CORR D mean=0.8771, min=0.4856, max=0.9762

--- Computing correlations for SON ---
Saved: /srv/data/mohammad.elaabaribao/work/interns/y2026/temp/ds_temp_intern/temp/era5_mswt/postproc/results/unet_weight_decay_1e3/metrics/corr_d/data/land/corr_d_son_mean_period.nc
  CORR D mean=0.9065, min=0.6253, max=0.9525

Saved summary CSV: /srv/data/mohammad.elaabaribao/work/interns/y2026/temp/ds_temp_intern/temp/era5_mswt/postproc/results/unet_weight_decay_1e3/metrics/corr_d/data/land/corr_d_summary.csv

All correlation products saved successfully.
[CORRELATION] plot
Using device: cpu
=== Temperature correlation plotting ===
Spatial domain  : land
Display domain  : land
Metric config   : /srv/data/mohammad.elaabaribao/work/interns/y2026/temp/ds_temp_intern/temp/era5_mswt/postproc/mean/correlation/config.yaml
Main config     : /srv/data/mohammad.elaabaribao/work/interns/y2026/temp/ds_temp_intern/temp/era5_mswt/main/configs/unet/unet_weight_decay_1e3.yaml
Experiment root : /srv/data/mohammad.elaabaribao/work/interns/y2026/temp/ds_temp_intern/temp/era5_mswt/results/unet_weight_decay_1e3
Selected seasons: ['Annual', 'DJF', 'MAM', 'JJA', 'SON']

=== Plotting corr_d ===
Spatial domain  : land
Display domain  : land
Input data dir  : /srv/data/mohammad.elaabaribao/work/interns/y2026/temp/ds_temp_intern/temp/era5_mswt/postproc/results/unet_weight_decay_1e3/metrics/corr_d/data/land
Output plot dir : /srv/data/mohammad.elaabaribao/work/interns/y2026/temp/ds_temp_intern/temp/era5_mswt/postproc/results/unet_weight_decay_1e3/metrics/corr_d/plots/land
[STEP] Plotting annual corr_d map
[STEP] Plotting DJF corr_d map
[STEP] Plotting MAM corr_d map
[STEP] Plotting JJA corr_d map
[STEP] Plotting SON corr_d map
[STEP] Plotting seasonal corr_d panel
[STEP] Plotting seasonal corr_d boxplot
[STEP] Plotting annual corr_d boxplot
[SUCCESS] corr_d figures saved to: /srv/data/mohammad.elaabaribao/work/interns/y2026/temp/ds_temp_intern/temp/era5_mswt/postproc/results/unet_weight_decay_1e3/metrics/corr_d/plots/land

All correlation figures saved successfully.
[CORRELATION] done

========== EXTREME METRICS ==========

--------------------------------------
[B02]
Config: era5_mswt/postproc/extreme/b02/config.yaml
--------------------------------------
[B02] compute
Using device: cpu
=== Temperature B-02 postprocessing ===
Spatial domain   : land
Save mask        : True
Metric config   : /srv/data/mohammad.elaabaribao/work/interns/y2026/temp/ds_temp_intern/temp/era5_mswt/postproc/extreme/b02/config.yaml
Main config     : /srv/data/mohammad.elaabaribao/work/interns/y2026/temp/ds_temp_intern/temp/era5_mswt/main/configs/unet/unet_weight_decay_1e3.yaml
Experiment root : /srv/data/mohammad.elaabaribao/work/interns/y2026/temp/ds_temp_intern/temp/era5_mswt/results/unet_weight_decay_1e3
Prediction file : /srv/data/mohammad.elaabaribao/work/interns/y2026/temp/ds_temp_intern/temp/era5_mswt/results/unet_weight_decay_1e3/output_data/unet1_predictions_mswt.nc
Observation file: /home/mohammad.elaabaribao/lustre/climat-um6p-st-iwri-7ksifkvwkuy/users/mohammad.elaabaribao/data/obs/mswep/mswt_1979_2020.nc
Time window     : 2006-01-01 -> 2020-12-31
Quantile        : 0.02
Min valid       : 10
Seasons         : ['Annual', 'DJF', 'MAM', 'JJA', 'SON']
Data output dir : /srv/data/mohammad.elaabaribao/work/interns/y2026/temp/ds_temp_intern/temp/era5_mswt/postproc/results/unet_weight_decay_1e3/metrics/b02/data/land
Plot output dir : /srv/data/mohammad.elaabaribao/work/interns/y2026/temp/ds_temp_intern/temp/era5_mswt/postproc/results/unet_weight_decay_1e3/metrics/b02/plots/land
Prediction units : Unit unknown -> no automatic conversion applied.
Observation units: Already in Celsius.
Aligned shape    : pred=(5479, 160, 180), obs=(5479, 160, 180)
Spatial evaluation domain: land
Valid spatial pixels      : 17616
Computation pixels        : 17616

--- Computing B-02 for Annual ---
Saved: /srv/data/mohammad.elaabaribao/work/interns/y2026/temp/ds_temp_intern/temp/era5_mswt/postproc/results/unet_weight_decay_1e3/metrics/b02/data/land/b02_annual_mean_period.nc
  mean=0.0304, min=-3.8401, max=8.7640

--- Computing B-02 for DJF ---
Saved: /srv/data/mohammad.elaabaribao/work/interns/y2026/temp/ds_temp_intern/temp/era5_mswt/postproc/results/unet_weight_decay_1e3/metrics/b02/data/land/b02_djf_mean_period.nc
  mean=0.2668, min=-3.2353, max=10.9313

--- Computing B-02 for MAM ---
Saved: /srv/data/mohammad.elaabaribao/work/interns/y2026/temp/ds_temp_intern/temp/era5_mswt/postproc/results/unet_weight_decay_1e3/metrics/b02/data/land/b02_mam_mean_period.nc
  mean=-0.5938, min=-5.2711, max=5.3166

--- Computing B-02 for JJA ---
Saved: /srv/data/mohammad.elaabaribao/work/interns/y2026/temp/ds_temp_intern/temp/era5_mswt/postproc/results/unet_weight_decay_1e3/metrics/b02/data/land/b02_jja_mean_period.nc
  mean=-0.0915, min=-3.8168, max=4.3801

--- Computing B-02 for SON ---
Saved: /srv/data/mohammad.elaabaribao/work/interns/y2026/temp/ds_temp_intern/temp/era5_mswt/postproc/results/unet_weight_decay_1e3/metrics/b02/data/land/b02_son_mean_period.nc
  mean=-0.3884, min=-4.6872, max=6.6285

Saved summary CSV: /srv/data/mohammad.elaabaribao/work/interns/y2026/temp/ds_temp_intern/temp/era5_mswt/postproc/results/unet_weight_decay_1e3/metrics/b02/data/land/b02_summary.csv

All B-02 products saved successfully.
[B02] plot
Using device: cpu
=== Temperature B-02 plotting ===
Spatial domain  : land
Display domain  : land
Metric config   : /srv/data/mohammad.elaabaribao/work/interns/y2026/temp/ds_temp_intern/temp/era5_mswt/postproc/extreme/b02/config.yaml
Main config     : /srv/data/mohammad.elaabaribao/work/interns/y2026/temp/ds_temp_intern/temp/era5_mswt/main/configs/unet/unet_weight_decay_1e3.yaml
Input data dir  : /srv/data/mohammad.elaabaribao/work/interns/y2026/temp/ds_temp_intern/temp/era5_mswt/postproc/results/unet_weight_decay_1e3/metrics/b02/data/land
Output plot dir : /srv/data/mohammad.elaabaribao/work/interns/y2026/temp/ds_temp_intern/temp/era5_mswt/postproc/results/unet_weight_decay_1e3/metrics/b02/plots/land
[STEP] Plotting annual P02 comparison
[STEP] Plotting annual B-02 map
[STEP] Plotting DJF B-02 map
[STEP] Plotting MAM B-02 map
[STEP] Plotting JJA B-02 map
[STEP] Plotting SON B-02 map
[STEP] Plotting grouped seasonal B-02 panel
[STEP] Plotting seasonal B-02 boxplot
[STEP] Plotting annual B-02 boxplot
[SUCCESS] B-02 figures saved to: /srv/data/mohammad.elaabaribao/work/interns/y2026/temp/ds_temp_intern/temp/era5_mswt/postproc/results/unet_weight_decay_1e3/metrics/b02/plots/land
[B02] done

--------------------------------------
[B98]
Config: era5_mswt/postproc/extreme/b98/config.yaml
--------------------------------------
[B98] compute
Using device: cpu
=== Temperature B-98 postprocessing ===
Spatial domain   : land
Save mask        : True
Metric config   : /srv/data/mohammad.elaabaribao/work/interns/y2026/temp/ds_temp_intern/temp/era5_mswt/postproc/extreme/b98/config.yaml
Main config     : /srv/data/mohammad.elaabaribao/work/interns/y2026/temp/ds_temp_intern/temp/era5_mswt/main/configs/unet/unet_weight_decay_1e3.yaml
Experiment root : /srv/data/mohammad.elaabaribao/work/interns/y2026/temp/ds_temp_intern/temp/era5_mswt/results/unet_weight_decay_1e3
Prediction file : /srv/data/mohammad.elaabaribao/work/interns/y2026/temp/ds_temp_intern/temp/era5_mswt/results/unet_weight_decay_1e3/output_data/unet1_predictions_mswt.nc
Observation file: /home/mohammad.elaabaribao/lustre/climat-um6p-st-iwri-7ksifkvwkuy/users/mohammad.elaabaribao/data/obs/mswep/mswt_1979_2020.nc
Time window     : 2006-01-01 -> 2020-12-31
Quantile        : 0.98
Min valid       : 10
Seasons         : ['Annual', 'DJF', 'MAM', 'JJA', 'SON']
Data output dir : /srv/data/mohammad.elaabaribao/work/interns/y2026/temp/ds_temp_intern/temp/era5_mswt/postproc/results/unet_weight_decay_1e3/metrics/b98/data/land
Plot output dir : /srv/data/mohammad.elaabaribao/work/interns/y2026/temp/ds_temp_intern/temp/era5_mswt/postproc/results/unet_weight_decay_1e3/metrics/b98/plots/land
Prediction units : Unit unknown -> no automatic conversion applied.
Observation units: Already in Celsius.
Aligned shape    : pred=(5479, 160, 180), obs=(5479, 160, 180)
Spatial evaluation domain: land
Valid spatial pixels      : 17616
Computation pixels        : 17616

--- Computing B-98 for Annual ---
Saved: /srv/data/mohammad.elaabaribao/work/interns/y2026/temp/ds_temp_intern/temp/era5_mswt/postproc/results/unet_weight_decay_1e3/metrics/b98/data/land/b98_annual_mean_period.nc
  mean=-1.0742, min=-4.9623, max=4.4951

--- Computing B-98 for DJF ---
Saved: /srv/data/mohammad.elaabaribao/work/interns/y2026/temp/ds_temp_intern/temp/era5_mswt/postproc/results/unet_weight_decay_1e3/metrics/b98/data/land/b98_djf_mean_period.nc
  mean=-0.1514, min=-4.5787, max=5.8126

--- Computing B-98 for MAM ---
Saved: /srv/data/mohammad.elaabaribao/work/interns/y2026/temp/ds_temp_intern/temp/era5_mswt/postproc/results/unet_weight_decay_1e3/metrics/b98/data/land/b98_mam_mean_period.nc
  mean=-0.2782, min=-4.8131, max=5.4877

--- Computing B-98 for JJA ---
Saved: /srv/data/mohammad.elaabaribao/work/interns/y2026/temp/ds_temp_intern/temp/era5_mswt/postproc/results/unet_weight_decay_1e3/metrics/b98/data/land/b98_jja_mean_period.nc
  mean=-1.5184, min=-6.7306, max=4.2403

--- Computing B-98 for SON ---
Saved: /srv/data/mohammad.elaabaribao/work/interns/y2026/temp/ds_temp_intern/temp/era5_mswt/postproc/results/unet_weight_decay_1e3/metrics/b98/data/land/b98_son_mean_period.nc
  mean=-0.4820, min=-4.5396, max=5.2637

Saved summary CSV: /srv/data/mohammad.elaabaribao/work/interns/y2026/temp/ds_temp_intern/temp/era5_mswt/postproc/results/unet_weight_decay_1e3/metrics/b98/data/land/b98_summary.csv

All B-98 products saved successfully.
[B98] plot
Using device: cpu
=== Temperature B-98 plotting ===
Spatial domain  : land
Display domain  : land
Metric config   : /srv/data/mohammad.elaabaribao/work/interns/y2026/temp/ds_temp_intern/temp/era5_mswt/postproc/extreme/b98/config.yaml
Main config     : /srv/data/mohammad.elaabaribao/work/interns/y2026/temp/ds_temp_intern/temp/era5_mswt/main/configs/unet/unet_weight_decay_1e3.yaml
Input data dir  : /srv/data/mohammad.elaabaribao/work/interns/y2026/temp/ds_temp_intern/temp/era5_mswt/postproc/results/unet_weight_decay_1e3/metrics/b98/data/land
Output plot dir : /srv/data/mohammad.elaabaribao/work/interns/y2026/temp/ds_temp_intern/temp/era5_mswt/postproc/results/unet_weight_decay_1e3/metrics/b98/plots/land
[STEP] Plotting annual P98 comparison
[STEP] Plotting annual B-98 map
[STEP] Plotting DJF B-98 map
[STEP] Plotting MAM B-98 map
[STEP] Plotting JJA B-98 map
[STEP] Plotting SON B-98 map
[STEP] Plotting grouped seasonal B-98 panel
[STEP] Plotting seasonal B-98 boxplot
[STEP] Plotting annual B-98 boxplot
[SUCCESS] B-98 figures saved to: /srv/data/mohammad.elaabaribao/work/interns/y2026/temp/ds_temp_intern/temp/era5_mswt/postproc/results/unet_weight_decay_1e3/metrics/b98/plots/land
[B98] done

--------------------------------------
[CAMS]
Config: era5_mswt/postproc/extreme/cams/config.yaml
--------------------------------------
[CAMS] compute
Using device: cpu
=== Temperature CAMS postprocessing ===
Spatial domain   : land
Save mask        : True
Metric config     : /srv/data/mohammad.elaabaribao/work/interns/y2026/temp/ds_temp_intern/temp/era5_mswt/postproc/extreme/cams/config.yaml
Main config       : /srv/data/mohammad.elaabaribao/work/interns/y2026/temp/ds_temp_intern/temp/era5_mswt/main/configs/unet/unet_weight_decay_1e3.yaml
Experiment root   : /srv/data/mohammad.elaabaribao/work/interns/y2026/temp/ds_temp_intern/temp/era5_mswt/results/unet_weight_decay_1e3
Prediction file   : /srv/data/mohammad.elaabaribao/work/interns/y2026/temp/ds_temp_intern/temp/era5_mswt/results/unet_weight_decay_1e3/output_data/unet1_predictions_mswt.nc
Observation file  : /home/mohammad.elaabaribao/lustre/climat-um6p-st-iwri-7ksifkvwkuy/users/mohammad.elaabaribao/data/obs/mswep/mswt_1979_2020.nc
Time window       : 2006-01-01 -> 2020-12-31
Threshold quantile: 0.1
Min spell length  : 2
Min valid days    : 10
Min valid years   : 1
Data output dir   : /srv/data/mohammad.elaabaribao/work/interns/y2026/temp/ds_temp_intern/temp/era5_mswt/postproc/results/unet_weight_decay_1e3/metrics/cams/data/land
Plot output dir   : /srv/data/mohammad.elaabaribao/work/interns/y2026/temp/ds_temp_intern/temp/era5_mswt/postproc/results/unet_weight_decay_1e3/metrics/cams/plots/land
Prediction units : Unit unknown -> no automatic conversion applied.
Observation units: Already in Celsius.
Aligned shape    : pred=(5479, 160, 180), obs=(5479, 160, 180)
Spatial evaluation domain: land
Valid spatial pixels      : 17616
Computation pixels        : 17616
Saved summary CSV: /srv/data/mohammad.elaabaribao/work/interns/y2026/temp/ds_temp_intern/temp/era5_mswt/postproc/results/unet_weight_decay_1e3/metrics/cams/data/land/cams_summary.csv
Saved: /srv/data/mohammad.elaabaribao/work/interns/y2026/temp/ds_temp_intern/temp/era5_mswt/postproc/results/unet_weight_decay_1e3/metrics/cams/data/land/cams_annual_mean_period.nc
  bCAMS mean=-0.2434, min=-7.0000, max=6.0000

CAMS products saved successfully.
[CAMS] plot
Using device: cpu
=== Temperature CAMS plotting ===
Spatial domain  : land
Display domain  : land
Metric config   : /srv/data/mohammad.elaabaribao/work/interns/y2026/temp/ds_temp_intern/temp/era5_mswt/postproc/extreme/cams/config.yaml
Main config     : /srv/data/mohammad.elaabaribao/work/interns/y2026/temp/ds_temp_intern/temp/era5_mswt/main/configs/unet/unet_weight_decay_1e3.yaml
Input data dir  : /srv/data/mohammad.elaabaribao/work/interns/y2026/temp/ds_temp_intern/temp/era5_mswt/postproc/results/unet_weight_decay_1e3/metrics/cams/data/land
Output plot dir : /srv/data/mohammad.elaabaribao/work/interns/y2026/temp/ds_temp_intern/temp/era5_mswt/postproc/results/unet_weight_decay_1e3/metrics/cams/plots/land
[STEP] Loading CAMS fields
[STEP] Plotting annual CAMS comparison
[STEP] Plotting annual bCAMS map
[STEP] Plotting annual bCAMS boxplot
[SUCCESS] CAMS figures saved to: /srv/data/mohammad.elaabaribao/work/interns/y2026/temp/ds_temp_intern/temp/era5_mswt/postproc/results/unet_weight_decay_1e3/metrics/cams/plots/land
[CAMS] done

--------------------------------------
[WAMS]
Config: era5_mswt/postproc/extreme/wams/config.yaml
--------------------------------------
[WAMS] compute
Using device: cpu
=== Temperature WAMS postprocessing ===
Spatial domain   : land
Save mask        : True
Metric config     : /srv/data/mohammad.elaabaribao/work/interns/y2026/temp/ds_temp_intern/temp/era5_mswt/postproc/extreme/wams/config.yaml
Main config       : /srv/data/mohammad.elaabaribao/work/interns/y2026/temp/ds_temp_intern/temp/era5_mswt/main/configs/unet/unet_weight_decay_1e3.yaml
Experiment root   : /srv/data/mohammad.elaabaribao/work/interns/y2026/temp/ds_temp_intern/temp/era5_mswt/results/unet_weight_decay_1e3
Prediction file   : /srv/data/mohammad.elaabaribao/work/interns/y2026/temp/ds_temp_intern/temp/era5_mswt/results/unet_weight_decay_1e3/output_data/unet1_predictions_mswt.nc
Observation file  : /home/mohammad.elaabaribao/lustre/climat-um6p-st-iwri-7ksifkvwkuy/users/mohammad.elaabaribao/data/obs/mswep/mswt_1979_2020.nc
Time window       : 2006-01-01 -> 2020-12-31
Threshold quantile: 0.9
Min spell length  : 2
Min valid days    : 10
Min valid years   : 1
Data output dir   : /srv/data/mohammad.elaabaribao/work/interns/y2026/temp/ds_temp_intern/temp/era5_mswt/postproc/results/unet_weight_decay_1e3/metrics/wams/data/land
Plot output dir   : /srv/data/mohammad.elaabaribao/work/interns/y2026/temp/ds_temp_intern/temp/era5_mswt/postproc/results/unet_weight_decay_1e3/metrics/wams/plots/land
Prediction units : Unit unknown -> no automatic conversion applied.
Observation units: Already in Celsius.
Aligned shape    : pred=(5479, 160, 180), obs=(5479, 160, 180)
Spatial evaluation domain: land
Valid spatial pixels      : 17616
Computation pixels        : 17616
Saved summary CSV: /srv/data/mohammad.elaabaribao/work/interns/y2026/temp/ds_temp_intern/temp/era5_mswt/postproc/results/unet_weight_decay_1e3/metrics/wams/data/land/wams_summary.csv
Saved: /srv/data/mohammad.elaabaribao/work/interns/y2026/temp/ds_temp_intern/temp/era5_mswt/postproc/results/unet_weight_decay_1e3/metrics/wams/data/land/wams_annual_mean_period.nc
  bWAMS mean=0.0133, min=-8.0000, max=7.0000

WAMS products saved successfully.
[WAMS] plot
Using device: cpu
=== Temperature WAMS plotting ===
Spatial domain  : land
Display domain  : land
Metric config   : /srv/data/mohammad.elaabaribao/work/interns/y2026/temp/ds_temp_intern/temp/era5_mswt/postproc/extreme/wams/config.yaml
Main config     : /srv/data/mohammad.elaabaribao/work/interns/y2026/temp/ds_temp_intern/temp/era5_mswt/main/configs/unet/unet_weight_decay_1e3.yaml
Input data dir  : /srv/data/mohammad.elaabaribao/work/interns/y2026/temp/ds_temp_intern/temp/era5_mswt/postproc/results/unet_weight_decay_1e3/metrics/wams/data/land
Output plot dir : /srv/data/mohammad.elaabaribao/work/interns/y2026/temp/ds_temp_intern/temp/era5_mswt/postproc/results/unet_weight_decay_1e3/metrics/wams/plots/land
[STEP] Loading WAMS fields
[STEP] Plotting annual WAMS comparison
[STEP] Plotting annual bWAMS map
[STEP] Plotting annual bWAMS boxplot
[SUCCESS] WAMS figures saved to: /srv/data/mohammad.elaabaribao/work/interns/y2026/temp/ds_temp_intern/temp/era5_mswt/postproc/results/unet_weight_decay_1e3/metrics/wams/plots/land
[WAMS] done

========== TEMPORAL METRICS ==========

--------------------------------------
[AC1]
Config: era5_mswt/postproc/temporal/ac1/config.yaml
--------------------------------------
[AC1] compute
Using device: cpu
=== Temperature AC1 postprocessing ===
Spatial domain   : land
Save mask        : True
Metric config   : /srv/data/mohammad.elaabaribao/work/interns/y2026/temp/ds_temp_intern/temp/era5_mswt/postproc/temporal/ac1/config.yaml
Main config     : /srv/data/mohammad.elaabaribao/work/interns/y2026/temp/ds_temp_intern/temp/era5_mswt/main/configs/unet/unet_weight_decay_1e3.yaml
Experiment root : /srv/data/mohammad.elaabaribao/work/interns/y2026/temp/ds_temp_intern/temp/era5_mswt/results/unet_weight_decay_1e3
Prediction file : /srv/data/mohammad.elaabaribao/work/interns/y2026/temp/ds_temp_intern/temp/era5_mswt/results/unet_weight_decay_1e3/output_data/unet1_predictions_mswt.nc
Observation file: /home/mohammad.elaabaribao/lustre/climat-um6p-st-iwri-7ksifkvwkuy/users/mohammad.elaabaribao/data/obs/mswep/mswt_1979_2020.nc
Time window     : 2006-01-01 -> 2020-12-31
Min valid pairs : 10
Data output dir : /srv/data/mohammad.elaabaribao/work/interns/y2026/temp/ds_temp_intern/temp/era5_mswt/postproc/results/unet_weight_decay_1e3/metrics/ac1/data/land
Plot output dir : /srv/data/mohammad.elaabaribao/work/interns/y2026/temp/ds_temp_intern/temp/era5_mswt/postproc/results/unet_weight_decay_1e3/metrics/ac1/plots/land
Prediction units : Unit unknown -> no automatic conversion applied.
Observation units: Already in Celsius.
Aligned shape    : pred=(5479, 160, 180), obs=(5479, 160, 180)
Spatial evaluation domain: land
Valid spatial pixels      : 17616
Computation pixels        : 17616
Saved summary CSV: /srv/data/mohammad.elaabaribao/work/interns/y2026/temp/ds_temp_intern/temp/era5_mswt/postproc/results/unet_weight_decay_1e3/metrics/ac1/data/land/ac1_summary.csv
Saved: /srv/data/mohammad.elaabaribao/work/interns/y2026/temp/ds_temp_intern/temp/era5_mswt/postproc/results/unet_weight_decay_1e3/metrics/ac1/data/land/ac1_annual_mean_period.nc
  bAC1 mean=0.0006, min=-0.0485, max=0.0311

AC1 products saved successfully.
[AC1] plot
Using device: cpu
=== Temperature AC1 plotting ===
Spatial domain  : land
Display domain  : land
Metric config   : /srv/data/mohammad.elaabaribao/work/interns/y2026/temp/ds_temp_intern/temp/era5_mswt/postproc/temporal/ac1/config.yaml
Main config     : /srv/data/mohammad.elaabaribao/work/interns/y2026/temp/ds_temp_intern/temp/era5_mswt/main/configs/unet/unet_weight_decay_1e3.yaml
Input data dir  : /srv/data/mohammad.elaabaribao/work/interns/y2026/temp/ds_temp_intern/temp/era5_mswt/postproc/results/unet_weight_decay_1e3/metrics/ac1/data/land
Output plot dir : /srv/data/mohammad.elaabaribao/work/interns/y2026/temp/ds_temp_intern/temp/era5_mswt/postproc/results/unet_weight_decay_1e3/metrics/ac1/plots/land
[STEP] Loading AC1 fields
[STEP] Plotting annual AC1 comparison
[STEP] Plotting annual bAC1 map
[STEP] Plotting annual bAC1 boxplot
[SUCCESS] AC1 figures saved to: /srv/data/mohammad.elaabaribao/work/interns/y2026/temp/ds_temp_intern/temp/era5_mswt/postproc/results/unet_weight_decay_1e3/metrics/ac1/plots/land
[AC1] done

--------------------------------------
[RSTD]
Config: era5_mswt/postproc/temporal/rstd/config.yaml
--------------------------------------
[RSTD] compute
Using device: cpu
=== Temperature RSTD postprocessing ===
Spatial domain   : land
Save mask        : True
Metric config   : /srv/data/mohammad.elaabaribao/work/interns/y2026/temp/ds_temp_intern/temp/era5_mswt/postproc/temporal/rstd/config.yaml
Main config     : /srv/data/mohammad.elaabaribao/work/interns/y2026/temp/ds_temp_intern/temp/era5_mswt/main/configs/unet/unet_weight_decay_1e3.yaml
Experiment root : /srv/data/mohammad.elaabaribao/work/interns/y2026/temp/ds_temp_intern/temp/era5_mswt/results/unet_weight_decay_1e3
Prediction file : /srv/data/mohammad.elaabaribao/work/interns/y2026/temp/ds_temp_intern/temp/era5_mswt/results/unet_weight_decay_1e3/output_data/unet1_predictions_mswt.nc
Observation file: /home/mohammad.elaabaribao/lustre/climat-um6p-st-iwri-7ksifkvwkuy/users/mohammad.elaabaribao/data/obs/mswep/mswt_1979_2020.nc
Time window     : 2006-01-01 -> 2020-12-31
Window          : 31
Min valid       : 10
Data output dir : /srv/data/mohammad.elaabaribao/work/interns/y2026/temp/ds_temp_intern/temp/era5_mswt/postproc/results/unet_weight_decay_1e3/metrics/rstd/data/land
Plot output dir : /srv/data/mohammad.elaabaribao/work/interns/y2026/temp/ds_temp_intern/temp/era5_mswt/postproc/results/unet_weight_decay_1e3/metrics/rstd/plots/land
Prediction units : Unit unknown -> no automatic conversion applied.
Observation units: Already in Celsius.
Aligned shape    : pred=(5479, 160, 180), obs=(5479, 160, 180)
Spatial evaluation domain: land
Valid spatial pixels      : 17616
Computation pixels        : 17616
Saved summary CSV: /srv/data/mohammad.elaabaribao/work/interns/y2026/temp/ds_temp_intern/temp/era5_mswt/postproc/results/unet_weight_decay_1e3/metrics/rstd/data/land/rstd_summary.csv
Saved: /srv/data/mohammad.elaabaribao/work/interns/y2026/temp/ds_temp_intern/temp/era5_mswt/postproc/results/unet_weight_decay_1e3/metrics/rstd/data/land/rstd_annual_mean_period.nc
  RSTD mean=0.9749, min=0.4215, max=1.5312

RSTD products saved successfully.
[RSTD] plot
/srv/data/mohammad.elaabaribao/work/interns/y2026/temp/ds_temp_intern/temp/era5_mswt/postproc/temporal/rstd/plot.py:355: MatplotlibDeprecationWarning: The 'labels' parameter of boxplot() has been renamed 'tick_labels' since Matplotlib 3.9; support for the old name will be dropped in 3.11.
  ax.boxplot(
Using device: cpu
=== Temperature RSTD plotting ===
Spatial domain  : land
Display domain  : land
Metric config   : /srv/data/mohammad.elaabaribao/work/interns/y2026/temp/ds_temp_intern/temp/era5_mswt/postproc/temporal/rstd/config.yaml
Main config     : /srv/data/mohammad.elaabaribao/work/interns/y2026/temp/ds_temp_intern/temp/era5_mswt/main/configs/unet/unet_weight_decay_1e3.yaml
Input data dir  : /srv/data/mohammad.elaabaribao/work/interns/y2026/temp/ds_temp_intern/temp/era5_mswt/postproc/results/unet_weight_decay_1e3/metrics/rstd/data/land
Output plot dir : /srv/data/mohammad.elaabaribao/work/interns/y2026/temp/ds_temp_intern/temp/era5_mswt/postproc/results/unet_weight_decay_1e3/metrics/rstd/plots/land
[STEP] Loading RSTD fields
[STEP] Plotting annual standard deviation comparison
[STEP] Plotting annual RSTD map
[STEP] Plotting annual RSTD boxplot
[SUCCESS] RSTD figures saved to: /srv/data/mohammad.elaabaribao/work/interns/y2026/temp/ds_temp_intern/temp/era5_mswt/postproc/results/unet_weight_decay_1e3/metrics/rstd/plots/land
[RSTD] done

======================================
 Postprocessing finished successfully
======================================
======================================
 Running postprocessing metrics
======================================
[INFO] Current directory:
/srv/data/mohammad.elaabaribao/work/interns/y2026/temp/ds_temp_intern/temp

[INFO] Selected config : config.yaml
[INFO] Selected group  : all


========== MEAN METRICS ==========

--------------------------------------
[BIAS]
Config: era5_mswt/postproc/mean/bias/config.yaml
--------------------------------------
[BIAS] compute
Traceback (most recent call last):
  File "/home/mohammad.elaabaribao/.conda/envs/clean_env_Pytorch/lib/python3.9/runpy.py", line 197, in _run_module_as_main
    return _run_code(code, main_globals, None,
  File "/home/mohammad.elaabaribao/.conda/envs/clean_env_Pytorch/lib/python3.9/runpy.py", line 87, in _run_code
    exec(code, run_globals)
  File "/srv/data/mohammad.elaabaribao/work/interns/y2026/temp/ds_temp_intern/temp/era5_mswt/postproc/mean/bias/bias.py", line 509, in <module>
    main()
  File "/srv/data/mohammad.elaabaribao/work/interns/y2026/temp/ds_temp_intern/temp/era5_mswt/postproc/mean/bias/bias.py", line 319, in main
    cfg = load_config(train_mode=False, path=str(main_cfg_path))
  File "/srv/data/mohammad.elaabaribao/work/interns/y2026/temp/ds_temp_intern/temp/era5_mswt/main/src/core/config.py", line 344, in load_config
    return Config(cfg_dict, train_mode=train_mode)
  File "/srv/data/mohammad.elaabaribao/work/interns/y2026/temp/ds_temp_intern/temp/era5_mswt/main/src/core/config.py", line 98, in __init__
    raise ValueError(
ValueError: Unsupported model_type 'unet2'. Expected one of: ['cnn', 'glm', 'unet', 'unet1']
Using device: cpu
======================================
 Running postprocessing metrics
======================================
[INFO] Current directory:
/srv/data/mohammad.elaabaribao/work/interns/y2026/temp/ds_temp_intern/temp

[INFO] Selected config : config.yaml
[INFO] Selected group  : all


========== MEAN METRICS ==========

--------------------------------------
[BIAS]
Config: era5_mswt/postproc/mean/bias/config.yaml
--------------------------------------
[BIAS] compute
Using device: cpu
=== Temperature bias postprocessing ===
Spatial domain   : land
Save mask        : True
Metric config   : /srv/data/mohammad.elaabaribao/work/interns/y2026/temp/ds_temp_intern/temp/era5_mswt/postproc/mean/bias/config.yaml
Main config     : /srv/data/mohammad.elaabaribao/work/interns/y2026/temp/ds_temp_intern/temp/era5_mswt/main/configs/unet/unet_dropout_02.yaml
Experiment root : /srv/data/mohammad.elaabaribao/work/interns/y2026/temp/ds_temp_intern/temp/era5_mswt/results/unet_dropout_02
Prediction file : /srv/data/mohammad.elaabaribao/work/interns/y2026/temp/ds_temp_intern/temp/era5_mswt/results/unet_dropout_02/output_data/unet1_predictions_mswt.nc
Observation file: /home/mohammad.elaabaribao/lustre/climat-um6p-st-iwri-7ksifkvwkuy/users/mohammad.elaabaribao/data/obs/mswep/mswt_1979_2020.nc
Time window     : 2006-01-01 -> 2020-12-31
Strategy        : daily_first
Return by year  : False
Min valid       : 10
Seasons         : ['Annual', 'DJF', 'MAM', 'JJA', 'SON']
Data output dir : /srv/data/mohammad.elaabaribao/work/interns/y2026/temp/ds_temp_intern/temp/era5_mswt/postproc/results/unet_dropout_02/metrics/bias/data/land
Plot output dir : /srv/data/mohammad.elaabaribao/work/interns/y2026/temp/ds_temp_intern/temp/era5_mswt/postproc/results/unet_dropout_02/metrics/bias/plots/land
Prediction units : Unit unknown -> no automatic conversion applied.
Observation units: Already in Celsius.
Aligned shape: pred=(5479, 160, 180), obs=(5479, 160, 180)
Spatial evaluation domain: land
Valid spatial pixels      : 17616
Computation pixels        : 17616

--- Computing bias for Annual ---
Saved NetCDF: /srv/data/mohammad.elaabaribao/work/interns/y2026/temp/ds_temp_intern/temp/era5_mswt/postproc/results/unet_dropout_02/metrics/bias/data/land/bias_annual_daily_first_mean_period.nc
  mean=-0.2777, min=-5.7050, max=6.7088, std=0.7592

--- Computing bias for DJF ---
Saved NetCDF: /srv/data/mohammad.elaabaribao/work/interns/y2026/temp/ds_temp_intern/temp/era5_mswt/postproc/results/unet_dropout_02/metrics/bias/data/land/bias_djf_daily_first_mean_period.nc
  mean=-0.2056, min=-6.2935, max=6.8245, std=0.7956

--- Computing bias for MAM ---
Saved NetCDF: /srv/data/mohammad.elaabaribao/work/interns/y2026/temp/ds_temp_intern/temp/era5_mswt/postproc/results/unet_dropout_02/metrics/bias/data/land/bias_mam_daily_first_mean_period.nc
  mean=-0.3007, min=-5.8952, max=6.6822, std=0.7966

--- Computing bias for JJA ---
Saved NetCDF: /srv/data/mohammad.elaabaribao/work/interns/y2026/temp/ds_temp_intern/temp/era5_mswt/postproc/results/unet_dropout_02/metrics/bias/data/land/bias_jja_daily_first_mean_period.nc
  mean=-0.5072, min=-5.8329, max=6.1896, std=0.7840

--- Computing bias for SON ---
Saved NetCDF: /srv/data/mohammad.elaabaribao/work/interns/y2026/temp/ds_temp_intern/temp/era5_mswt/postproc/results/unet_dropout_02/metrics/bias/data/land/bias_son_daily_first_mean_period.nc
  mean=-0.1088, min=-5.7681, max=7.1701, std=0.8038

Saved summary CSV: /srv/data/mohammad.elaabaribao/work/interns/y2026/temp/ds_temp_intern/temp/era5_mswt/postproc/results/unet_dropout_02/metrics/bias/data/land/bias_summary_daily_first.csv

All bias products saved successfully.
[BIAS] plot
Using device: cpu
=== Temperature bias plotting ===
Spatial domain  : land
Display domain  : land
Metric config   : /srv/data/mohammad.elaabaribao/work/interns/y2026/temp/ds_temp_intern/temp/era5_mswt/postproc/mean/bias/config.yaml
Main config     : /srv/data/mohammad.elaabaribao/work/interns/y2026/temp/ds_temp_intern/temp/era5_mswt/main/configs/unet/unet_dropout_02.yaml
Input data dir  : /srv/data/mohammad.elaabaribao/work/interns/y2026/temp/ds_temp_intern/temp/era5_mswt/postproc/results/unet_dropout_02/metrics/bias/data/land
Output plot dir : /srv/data/mohammad.elaabaribao/work/interns/y2026/temp/ds_temp_intern/temp/era5_mswt/postproc/results/unet_dropout_02/metrics/bias/plots/land
Strategy        : daily_first
Return by year  : False
[STEP] Plotting annual bias map
[STEP] Plotting DJF bias map
[STEP] Plotting MAM bias map
[STEP] Plotting JJA bias map
[STEP] Plotting SON bias map
[STEP] Plotting grouped seasonal bias panel
[STEP] Plotting seasonal bias boxplot
[STEP] Plotting annual bias boxplot
[SUCCESS] Bias figures saved to: /srv/data/mohammad.elaabaribao/work/interns/y2026/temp/ds_temp_intern/temp/era5_mswt/postproc/results/unet_dropout_02/metrics/bias/plots/land
[BIAS] done

--------------------------------------
[RMSE]
Config: era5_mswt/postproc/mean/rmse/config.yaml
--------------------------------------
[RMSE] compute
Using device: cpu
=== Temperature RMSE postprocessing ===
Spatial domain   : land
Save mask        : True
Metric config   : /srv/data/mohammad.elaabaribao/work/interns/y2026/temp/ds_temp_intern/temp/era5_mswt/postproc/mean/rmse/config.yaml
Main config     : /srv/data/mohammad.elaabaribao/work/interns/y2026/temp/ds_temp_intern/temp/era5_mswt/main/configs/unet/unet_dropout_02.yaml
Experiment root : /srv/data/mohammad.elaabaribao/work/interns/y2026/temp/ds_temp_intern/temp/era5_mswt/results/unet_dropout_02
Prediction file : /srv/data/mohammad.elaabaribao/work/interns/y2026/temp/ds_temp_intern/temp/era5_mswt/results/unet_dropout_02/output_data/unet1_predictions_mswt.nc
Observation file: /home/mohammad.elaabaribao/lustre/climat-um6p-st-iwri-7ksifkvwkuy/users/mohammad.elaabaribao/data/obs/mswep/mswt_1979_2020.nc
Time window     : 2006-01-01 -> 2020-12-31
Strategy        : daily_first
Return by year  : False
Min valid       : 10
Seasons         : ['Annual', 'DJF', 'MAM', 'JJA', 'SON']
Data output dir : /srv/data/mohammad.elaabaribao/work/interns/y2026/temp/ds_temp_intern/temp/era5_mswt/postproc/results/unet_dropout_02/metrics/rmse/data/land
Plot output dir : /srv/data/mohammad.elaabaribao/work/interns/y2026/temp/ds_temp_intern/temp/era5_mswt/postproc/results/unet_dropout_02/metrics/rmse/plots/land
Prediction units : Unit unknown -> no automatic conversion applied.
Observation units: Already in Celsius.
Aligned shape: pred=(5479, 160, 180), obs=(5479, 160, 180)
Spatial evaluation domain: land
Valid spatial pixels      : 17616
Computation pixels        : 17616

--- Computing RMSE for Annual ---
Saved NetCDF: /srv/data/mohammad.elaabaribao/work/interns/y2026/temp/ds_temp_intern/temp/era5_mswt/postproc/results/unet_dropout_02/metrics/rmse/data/land/rmse_annual_daily_first_mean_period.nc
  mean=1.3439, min=0.6773, max=6.9388, std=0.5026

--- Computing RMSE for DJF ---
Saved NetCDF: /srv/data/mohammad.elaabaribao/work/interns/y2026/temp/ds_temp_intern/temp/era5_mswt/postproc/results/unet_dropout_02/metrics/rmse/data/land/rmse_djf_daily_first_mean_period.nc
  mean=1.3538, min=0.6379, max=7.1342, std=0.5284

--- Computing RMSE for MAM ---
Saved NetCDF: /srv/data/mohammad.elaabaribao/work/interns/y2026/temp/ds_temp_intern/temp/era5_mswt/postproc/results/unet_dropout_02/metrics/rmse/data/land/rmse_mam_daily_first_mean_period.nc
  mean=1.3147, min=0.6590, max=6.8585, std=0.5293

--- Computing RMSE for JJA ---
Saved NetCDF: /srv/data/mohammad.elaabaribao/work/interns/y2026/temp/ds_temp_intern/temp/era5_mswt/postproc/results/unet_dropout_02/metrics/rmse/data/land/rmse_jja_daily_first_mean_period.nc
  mean=1.3465, min=0.6428, max=6.3537, std=0.4971

--- Computing RMSE for SON ---
Saved NetCDF: /srv/data/mohammad.elaabaribao/work/interns/y2026/temp/ds_temp_intern/temp/era5_mswt/postproc/results/unet_dropout_02/metrics/rmse/data/land/rmse_son_daily_first_mean_period.nc
  mean=1.3036, min=0.6382, max=7.3252, std=0.5126

Saved summary CSV: /srv/data/mohammad.elaabaribao/work/interns/y2026/temp/ds_temp_intern/temp/era5_mswt/postproc/results/unet_dropout_02/metrics/rmse/data/land/rmse_summary_daily_first.csv

All RMSE products saved successfully.
[RMSE] plot
Using device: cpu
=== Temperature RMSE plotting ===
Spatial domain  : land
Display domain  : land
Metric config   : /srv/data/mohammad.elaabaribao/work/interns/y2026/temp/ds_temp_intern/temp/era5_mswt/postproc/mean/rmse/config.yaml
Main config     : /srv/data/mohammad.elaabaribao/work/interns/y2026/temp/ds_temp_intern/temp/era5_mswt/main/configs/unet/unet_dropout_02.yaml
Input data dir  : /srv/data/mohammad.elaabaribao/work/interns/y2026/temp/ds_temp_intern/temp/era5_mswt/postproc/results/unet_dropout_02/metrics/rmse/data/land
Output plot dir : /srv/data/mohammad.elaabaribao/work/interns/y2026/temp/ds_temp_intern/temp/era5_mswt/postproc/results/unet_dropout_02/metrics/rmse/plots/land
Strategy        : daily_first
Return by year  : False
[STEP] Plotting annual RMSE map
[STEP] Plotting DJF RMSE map
[STEP] Plotting MAM RMSE map
[STEP] Plotting JJA RMSE map
[STEP] Plotting SON RMSE map
[STEP] Plotting grouped seasonal RMSE panel
[STEP] Plotting seasonal RMSE boxplot
[STEP] Plotting annual RMSE boxplot
[SUCCESS] RMSE figures saved to: /srv/data/mohammad.elaabaribao/work/interns/y2026/temp/ds_temp_intern/temp/era5_mswt/postproc/results/unet_dropout_02/metrics/rmse/plots/land
[RMSE] done

--------------------------------------
[CORRELATION]
Config: era5_mswt/postproc/mean/correlation/config.yaml
--------------------------------------
[CORRELATION] compute
Using device: cpu
=== Temperature correlation postprocessing ===
Spatial domain   : land
Save mask        : True
Metric config   : /srv/data/mohammad.elaabaribao/work/interns/y2026/temp/ds_temp_intern/temp/era5_mswt/postproc/mean/correlation/config.yaml
Main config     : /srv/data/mohammad.elaabaribao/work/interns/y2026/temp/ds_temp_intern/temp/era5_mswt/main/configs/unet/unet_dropout_02.yaml
Experiment root : /srv/data/mohammad.elaabaribao/work/interns/y2026/temp/ds_temp_intern/temp/era5_mswt/results/unet_dropout_02
Prediction file : /srv/data/mohammad.elaabaribao/work/interns/y2026/temp/ds_temp_intern/temp/era5_mswt/results/unet_dropout_02/output_data/unet1_predictions_mswt.nc
Observation file: /home/mohammad.elaabaribao/lustre/climat-um6p-st-iwri-7ksifkvwkuy/users/mohammad.elaabaribao/data/obs/mswep/mswt_1979_2020.nc
Time window     : 2006-01-01 -> 2020-12-31
Window (CORR D) : 31
Min valid       : 10
Seasons         : ['Annual', 'DJF', 'MAM', 'JJA', 'SON']
corr_d data dir : /srv/data/mohammad.elaabaribao/work/interns/y2026/temp/ds_temp_intern/temp/era5_mswt/postproc/results/unet_dropout_02/metrics/corr_d/data/land
corr_d plot dir : /srv/data/mohammad.elaabaribao/work/interns/y2026/temp/ds_temp_intern/temp/era5_mswt/postproc/results/unet_dropout_02/metrics/corr_d/plots/land
Prediction units : Unit unknown -> no automatic conversion applied.
Observation units: Already in Celsius.
Aligned shape    : pred=(5479, 160, 180), obs=(5479, 160, 180)
Spatial evaluation domain: land
Valid spatial pixels      : 17616
Computation pixels        : 17616

--- Computing correlations for Annual ---
Saved: /srv/data/mohammad.elaabaribao/work/interns/y2026/temp/ds_temp_intern/temp/era5_mswt/postproc/results/unet_dropout_02/metrics/corr_d/data/land/corr_d_annual_mean_period.nc
  CORR D mean=0.9024, min=0.5715, max=0.9551

--- Computing correlations for DJF ---
Saved: /srv/data/mohammad.elaabaribao/work/interns/y2026/temp/ds_temp_intern/temp/era5_mswt/postproc/results/unet_dropout_02/metrics/corr_d/data/land/corr_d_djf_mean_period.nc
  CORR D mean=0.8840, min=0.6176, max=0.9396

--- Computing correlations for MAM ---
Saved: /srv/data/mohammad.elaabaribao/work/interns/y2026/temp/ds_temp_intern/temp/era5_mswt/postproc/results/unet_dropout_02/metrics/corr_d/data/land/corr_d_mam_mean_period.nc
  CORR D mean=0.9350, min=0.5668, max=0.9722

--- Computing correlations for JJA ---
Saved: /srv/data/mohammad.elaabaribao/work/interns/y2026/temp/ds_temp_intern/temp/era5_mswt/postproc/results/unet_dropout_02/metrics/corr_d/data/land/corr_d_jja_mean_period.nc
  CORR D mean=0.8565, min=0.4133, max=0.9718

--- Computing correlations for SON ---
Saved: /srv/data/mohammad.elaabaribao/work/interns/y2026/temp/ds_temp_intern/temp/era5_mswt/postproc/results/unet_dropout_02/metrics/corr_d/data/land/corr_d_son_mean_period.nc
  CORR D mean=0.8926, min=0.6280, max=0.9467

Saved summary CSV: /srv/data/mohammad.elaabaribao/work/interns/y2026/temp/ds_temp_intern/temp/era5_mswt/postproc/results/unet_dropout_02/metrics/corr_d/data/land/corr_d_summary.csv

All correlation products saved successfully.
[CORRELATION] plot
Using device: cpu
=== Temperature correlation plotting ===
Spatial domain  : land
Display domain  : land
Metric config   : /srv/data/mohammad.elaabaribao/work/interns/y2026/temp/ds_temp_intern/temp/era5_mswt/postproc/mean/correlation/config.yaml
Main config     : /srv/data/mohammad.elaabaribao/work/interns/y2026/temp/ds_temp_intern/temp/era5_mswt/main/configs/unet/unet_dropout_02.yaml
Experiment root : /srv/data/mohammad.elaabaribao/work/interns/y2026/temp/ds_temp_intern/temp/era5_mswt/results/unet_dropout_02
Selected seasons: ['Annual', 'DJF', 'MAM', 'JJA', 'SON']

=== Plotting corr_d ===
Spatial domain  : land
Display domain  : land
Input data dir  : /srv/data/mohammad.elaabaribao/work/interns/y2026/temp/ds_temp_intern/temp/era5_mswt/postproc/results/unet_dropout_02/metrics/corr_d/data/land
Output plot dir : /srv/data/mohammad.elaabaribao/work/interns/y2026/temp/ds_temp_intern/temp/era5_mswt/postproc/results/unet_dropout_02/metrics/corr_d/plots/land
[STEP] Plotting annual corr_d map
[STEP] Plotting DJF corr_d map
[STEP] Plotting MAM corr_d map
[STEP] Plotting JJA corr_d map
[STEP] Plotting SON corr_d map
[STEP] Plotting seasonal corr_d panel
[STEP] Plotting seasonal corr_d boxplot
[STEP] Plotting annual corr_d boxplot
[SUCCESS] corr_d figures saved to: /srv/data/mohammad.elaabaribao/work/interns/y2026/temp/ds_temp_intern/temp/era5_mswt/postproc/results/unet_dropout_02/metrics/corr_d/plots/land

All correlation figures saved successfully.
[CORRELATION] done

========== EXTREME METRICS ==========

--------------------------------------
[B02]
Config: era5_mswt/postproc/extreme/b02/config.yaml
--------------------------------------
[B02] compute
Using device: cpu
=== Temperature B-02 postprocessing ===
Spatial domain   : land
Save mask        : True
Metric config   : /srv/data/mohammad.elaabaribao/work/interns/y2026/temp/ds_temp_intern/temp/era5_mswt/postproc/extreme/b02/config.yaml
Main config     : /srv/data/mohammad.elaabaribao/work/interns/y2026/temp/ds_temp_intern/temp/era5_mswt/main/configs/unet/unet_dropout_02.yaml
Experiment root : /srv/data/mohammad.elaabaribao/work/interns/y2026/temp/ds_temp_intern/temp/era5_mswt/results/unet_dropout_02
Prediction file : /srv/data/mohammad.elaabaribao/work/interns/y2026/temp/ds_temp_intern/temp/era5_mswt/results/unet_dropout_02/output_data/unet1_predictions_mswt.nc
Observation file: /home/mohammad.elaabaribao/lustre/climat-um6p-st-iwri-7ksifkvwkuy/users/mohammad.elaabaribao/data/obs/mswep/mswt_1979_2020.nc
Time window     : 2006-01-01 -> 2020-12-31
Quantile        : 0.02
Min valid       : 10
Seasons         : ['Annual', 'DJF', 'MAM', 'JJA', 'SON']
Data output dir : /srv/data/mohammad.elaabaribao/work/interns/y2026/temp/ds_temp_intern/temp/era5_mswt/postproc/results/unet_dropout_02/metrics/b02/data/land
Plot output dir : /srv/data/mohammad.elaabaribao/work/interns/y2026/temp/ds_temp_intern/temp/era5_mswt/postproc/results/unet_dropout_02/metrics/b02/plots/land
Prediction units : Unit unknown -> no automatic conversion applied.
Observation units: Already in Celsius.
Aligned shape    : pred=(5479, 160, 180), obs=(5479, 160, 180)
Spatial evaluation domain: land
Valid spatial pixels      : 17616
Computation pixels        : 17616

--- Computing B-02 for Annual ---
Saved: /srv/data/mohammad.elaabaribao/work/interns/y2026/temp/ds_temp_intern/temp/era5_mswt/postproc/results/unet_dropout_02/metrics/b02/data/land/b02_annual_mean_period.nc
  mean=0.0374, min=-5.6544, max=10.0473

--- Computing B-02 for DJF ---
Saved: /srv/data/mohammad.elaabaribao/work/interns/y2026/temp/ds_temp_intern/temp/era5_mswt/postproc/results/unet_dropout_02/metrics/b02/data/land/b02_djf_mean_period.nc
  mean=0.5181, min=-4.8301, max=12.1476

--- Computing B-02 for MAM ---
Saved: /srv/data/mohammad.elaabaribao/work/interns/y2026/temp/ds_temp_intern/temp/era5_mswt/postproc/results/unet_dropout_02/metrics/b02/data/land/b02_mam_mean_period.nc
  mean=-0.6114, min=-6.6262, max=6.9746

--- Computing B-02 for JJA ---
Saved: /srv/data/mohammad.elaabaribao/work/interns/y2026/temp/ds_temp_intern/temp/era5_mswt/postproc/results/unet_dropout_02/metrics/b02/data/land/b02_jja_mean_period.nc
  mean=-0.0465, min=-6.2045, max=6.2093

--- Computing B-02 for SON ---
Saved: /srv/data/mohammad.elaabaribao/work/interns/y2026/temp/ds_temp_intern/temp/era5_mswt/postproc/results/unet_dropout_02/metrics/b02/data/land/b02_son_mean_period.nc
  mean=-0.5956, min=-6.5638, max=8.2383

Saved summary CSV: /srv/data/mohammad.elaabaribao/work/interns/y2026/temp/ds_temp_intern/temp/era5_mswt/postproc/results/unet_dropout_02/metrics/b02/data/land/b02_summary.csv

All B-02 products saved successfully.
[B02] plot
Using device: cpu
=== Temperature B-02 plotting ===
Spatial domain  : land
Display domain  : land
Metric config   : /srv/data/mohammad.elaabaribao/work/interns/y2026/temp/ds_temp_intern/temp/era5_mswt/postproc/extreme/b02/config.yaml
Main config     : /srv/data/mohammad.elaabaribao/work/interns/y2026/temp/ds_temp_intern/temp/era5_mswt/main/configs/unet/unet_dropout_02.yaml
Input data dir  : /srv/data/mohammad.elaabaribao/work/interns/y2026/temp/ds_temp_intern/temp/era5_mswt/postproc/results/unet_dropout_02/metrics/b02/data/land
Output plot dir : /srv/data/mohammad.elaabaribao/work/interns/y2026/temp/ds_temp_intern/temp/era5_mswt/postproc/results/unet_dropout_02/metrics/b02/plots/land
[STEP] Plotting annual P02 comparison
[STEP] Plotting annual B-02 map
[STEP] Plotting DJF B-02 map
[STEP] Plotting MAM B-02 map
[STEP] Plotting JJA B-02 map
[STEP] Plotting SON B-02 map
[STEP] Plotting grouped seasonal B-02 panel
[STEP] Plotting seasonal B-02 boxplot
[STEP] Plotting annual B-02 boxplot
[SUCCESS] B-02 figures saved to: /srv/data/mohammad.elaabaribao/work/interns/y2026/temp/ds_temp_intern/temp/era5_mswt/postproc/results/unet_dropout_02/metrics/b02/plots/land
[B02] done

--------------------------------------
[B98]
Config: era5_mswt/postproc/extreme/b98/config.yaml
--------------------------------------
[B98] compute
Using device: cpu
=== Temperature B-98 postprocessing ===
Spatial domain   : land
Save mask        : True
Metric config   : /srv/data/mohammad.elaabaribao/work/interns/y2026/temp/ds_temp_intern/temp/era5_mswt/postproc/extreme/b98/config.yaml
Main config     : /srv/data/mohammad.elaabaribao/work/interns/y2026/temp/ds_temp_intern/temp/era5_mswt/main/configs/unet/unet_dropout_02.yaml
Experiment root : /srv/data/mohammad.elaabaribao/work/interns/y2026/temp/ds_temp_intern/temp/era5_mswt/results/unet_dropout_02
Prediction file : /srv/data/mohammad.elaabaribao/work/interns/y2026/temp/ds_temp_intern/temp/era5_mswt/results/unet_dropout_02/output_data/unet1_predictions_mswt.nc
Observation file: /home/mohammad.elaabaribao/lustre/climat-um6p-st-iwri-7ksifkvwkuy/users/mohammad.elaabaribao/data/obs/mswep/mswt_1979_2020.nc
Time window     : 2006-01-01 -> 2020-12-31
Quantile        : 0.98
Min valid       : 10
Seasons         : ['Annual', 'DJF', 'MAM', 'JJA', 'SON']
Data output dir : /srv/data/mohammad.elaabaribao/work/interns/y2026/temp/ds_temp_intern/temp/era5_mswt/postproc/results/unet_dropout_02/metrics/b98/data/land
Plot output dir : /srv/data/mohammad.elaabaribao/work/interns/y2026/temp/ds_temp_intern/temp/era5_mswt/postproc/results/unet_dropout_02/metrics/b98/plots/land
Prediction units : Unit unknown -> no automatic conversion applied.
Observation units: Already in Celsius.
Aligned shape    : pred=(5479, 160, 180), obs=(5479, 160, 180)
Spatial evaluation domain: land
Valid spatial pixels      : 17616
Computation pixels        : 17616

--- Computing B-98 for Annual ---
Saved: /srv/data/mohammad.elaabaribao/work/interns/y2026/temp/ds_temp_intern/temp/era5_mswt/postproc/results/unet_dropout_02/metrics/b98/data/land/b98_annual_mean_period.nc
  mean=-1.1984, min=-7.1791, max=5.5595

--- Computing B-98 for DJF ---
Saved: /srv/data/mohammad.elaabaribao/work/interns/y2026/temp/ds_temp_intern/temp/era5_mswt/postproc/results/unet_dropout_02/metrics/b98/data/land/b98_djf_mean_period.nc
  mean=-0.3501, min=-6.1979, max=5.8314

--- Computing B-98 for MAM ---
Saved: /srv/data/mohammad.elaabaribao/work/interns/y2026/temp/ds_temp_intern/temp/era5_mswt/postproc/results/unet_dropout_02/metrics/b98/data/land/b98_mam_mean_period.nc
  mean=-0.3785, min=-5.8817, max=7.8017

--- Computing B-98 for JJA ---
Saved: /srv/data/mohammad.elaabaribao/work/interns/y2026/temp/ds_temp_intern/temp/era5_mswt/postproc/results/unet_dropout_02/metrics/b98/data/land/b98_jja_mean_period.nc
  mean=-1.6943, min=-8.5173, max=5.8970

--- Computing B-98 for SON ---
Saved: /srv/data/mohammad.elaabaribao/work/interns/y2026/temp/ds_temp_intern/temp/era5_mswt/postproc/results/unet_dropout_02/metrics/b98/data/land/b98_son_mean_period.nc
  mean=-0.2755, min=-5.7516, max=7.2421

Saved summary CSV: /srv/data/mohammad.elaabaribao/work/interns/y2026/temp/ds_temp_intern/temp/era5_mswt/postproc/results/unet_dropout_02/metrics/b98/data/land/b98_summary.csv

All B-98 products saved successfully.
[B98] plot
Using device: cpu
=== Temperature B-98 plotting ===
Spatial domain  : land
Display domain  : land
Metric config   : /srv/data/mohammad.elaabaribao/work/interns/y2026/temp/ds_temp_intern/temp/era5_mswt/postproc/extreme/b98/config.yaml
Main config     : /srv/data/mohammad.elaabaribao/work/interns/y2026/temp/ds_temp_intern/temp/era5_mswt/main/configs/unet/unet_dropout_02.yaml
Input data dir  : /srv/data/mohammad.elaabaribao/work/interns/y2026/temp/ds_temp_intern/temp/era5_mswt/postproc/results/unet_dropout_02/metrics/b98/data/land
Output plot dir : /srv/data/mohammad.elaabaribao/work/interns/y2026/temp/ds_temp_intern/temp/era5_mswt/postproc/results/unet_dropout_02/metrics/b98/plots/land
[STEP] Plotting annual P98 comparison
[STEP] Plotting annual B-98 map
[STEP] Plotting DJF B-98 map
[STEP] Plotting MAM B-98 map
[STEP] Plotting JJA B-98 map
[STEP] Plotting SON B-98 map
[STEP] Plotting grouped seasonal B-98 panel
[STEP] Plotting seasonal B-98 boxplot
[STEP] Plotting annual B-98 boxplot
[SUCCESS] B-98 figures saved to: /srv/data/mohammad.elaabaribao/work/interns/y2026/temp/ds_temp_intern/temp/era5_mswt/postproc/results/unet_dropout_02/metrics/b98/plots/land
[B98] done

--------------------------------------
[CAMS]
Config: era5_mswt/postproc/extreme/cams/config.yaml
--------------------------------------
[CAMS] compute
Using device: cpu
=== Temperature CAMS postprocessing ===
Spatial domain   : land
Save mask        : True
Metric config     : /srv/data/mohammad.elaabaribao/work/interns/y2026/temp/ds_temp_intern/temp/era5_mswt/postproc/extreme/cams/config.yaml
Main config       : /srv/data/mohammad.elaabaribao/work/interns/y2026/temp/ds_temp_intern/temp/era5_mswt/main/configs/unet/unet_dropout_02.yaml
Experiment root   : /srv/data/mohammad.elaabaribao/work/interns/y2026/temp/ds_temp_intern/temp/era5_mswt/results/unet_dropout_02
Prediction file   : /srv/data/mohammad.elaabaribao/work/interns/y2026/temp/ds_temp_intern/temp/era5_mswt/results/unet_dropout_02/output_data/unet1_predictions_mswt.nc
Observation file  : /home/mohammad.elaabaribao/lustre/climat-um6p-st-iwri-7ksifkvwkuy/users/mohammad.elaabaribao/data/obs/mswep/mswt_1979_2020.nc
Time window       : 2006-01-01 -> 2020-12-31
Threshold quantile: 0.1
Min spell length  : 2
Min valid days    : 10
Min valid years   : 1
Data output dir   : /srv/data/mohammad.elaabaribao/work/interns/y2026/temp/ds_temp_intern/temp/era5_mswt/postproc/results/unet_dropout_02/metrics/cams/data/land
Plot output dir   : /srv/data/mohammad.elaabaribao/work/interns/y2026/temp/ds_temp_intern/temp/era5_mswt/postproc/results/unet_dropout_02/metrics/cams/plots/land
Prediction units : Unit unknown -> no automatic conversion applied.
Observation units: Already in Celsius.
Aligned shape    : pred=(5479, 160, 180), obs=(5479, 160, 180)
Spatial evaluation domain: land
Valid spatial pixels      : 17616
Computation pixels        : 17616
Saved summary CSV: /srv/data/mohammad.elaabaribao/work/interns/y2026/temp/ds_temp_intern/temp/era5_mswt/postproc/results/unet_dropout_02/metrics/cams/data/land/cams_summary.csv
Saved: /srv/data/mohammad.elaabaribao/work/interns/y2026/temp/ds_temp_intern/temp/era5_mswt/postproc/results/unet_dropout_02/metrics/cams/data/land/cams_annual_mean_period.nc
  bCAMS mean=-0.2150, min=-9.0000, max=6.0000

CAMS products saved successfully.
[CAMS] plot
Using device: cpu
=== Temperature CAMS plotting ===
Spatial domain  : land
Display domain  : land
Metric config   : /srv/data/mohammad.elaabaribao/work/interns/y2026/temp/ds_temp_intern/temp/era5_mswt/postproc/extreme/cams/config.yaml
Main config     : /srv/data/mohammad.elaabaribao/work/interns/y2026/temp/ds_temp_intern/temp/era5_mswt/main/configs/unet/unet_dropout_02.yaml
Input data dir  : /srv/data/mohammad.elaabaribao/work/interns/y2026/temp/ds_temp_intern/temp/era5_mswt/postproc/results/unet_dropout_02/metrics/cams/data/land
Output plot dir : /srv/data/mohammad.elaabaribao/work/interns/y2026/temp/ds_temp_intern/temp/era5_mswt/postproc/results/unet_dropout_02/metrics/cams/plots/land
[STEP] Loading CAMS fields
[STEP] Plotting annual CAMS comparison
[STEP] Plotting annual bCAMS map
[STEP] Plotting annual bCAMS boxplot
[SUCCESS] CAMS figures saved to: /srv/data/mohammad.elaabaribao/work/interns/y2026/temp/ds_temp_intern/temp/era5_mswt/postproc/results/unet_dropout_02/metrics/cams/plots/land
[CAMS] done

--------------------------------------
[WAMS]
Config: era5_mswt/postproc/extreme/wams/config.yaml
--------------------------------------
[WAMS] compute
Using device: cpu
=== Temperature WAMS postprocessing ===
Spatial domain   : land
Save mask        : True
Metric config     : /srv/data/mohammad.elaabaribao/work/interns/y2026/temp/ds_temp_intern/temp/era5_mswt/postproc/extreme/wams/config.yaml
Main config       : /srv/data/mohammad.elaabaribao/work/interns/y2026/temp/ds_temp_intern/temp/era5_mswt/main/configs/unet/unet_dropout_02.yaml
Experiment root   : /srv/data/mohammad.elaabaribao/work/interns/y2026/temp/ds_temp_intern/temp/era5_mswt/results/unet_dropout_02
Prediction file   : /srv/data/mohammad.elaabaribao/work/interns/y2026/temp/ds_temp_intern/temp/era5_mswt/results/unet_dropout_02/output_data/unet1_predictions_mswt.nc
Observation file  : /home/mohammad.elaabaribao/lustre/climat-um6p-st-iwri-7ksifkvwkuy/users/mohammad.elaabaribao/data/obs/mswep/mswt_1979_2020.nc
Time window       : 2006-01-01 -> 2020-12-31
Threshold quantile: 0.9
Min spell length  : 2
Min valid days    : 10
Min valid years   : 1
Data output dir   : /srv/data/mohammad.elaabaribao/work/interns/y2026/temp/ds_temp_intern/temp/era5_mswt/postproc/results/unet_dropout_02/metrics/wams/data/land
Plot output dir   : /srv/data/mohammad.elaabaribao/work/interns/y2026/temp/ds_temp_intern/temp/era5_mswt/postproc/results/unet_dropout_02/metrics/wams/plots/land
Prediction units : Unit unknown -> no automatic conversion applied.
Observation units: Already in Celsius.
Aligned shape    : pred=(5479, 160, 180), obs=(5479, 160, 180)
Spatial evaluation domain: land
Valid spatial pixels      : 17616
Computation pixels        : 17616
Saved summary CSV: /srv/data/mohammad.elaabaribao/work/interns/y2026/temp/ds_temp_intern/temp/era5_mswt/postproc/results/unet_dropout_02/metrics/wams/data/land/wams_summary.csv
Saved: /srv/data/mohammad.elaabaribao/work/interns/y2026/temp/ds_temp_intern/temp/era5_mswt/postproc/results/unet_dropout_02/metrics/wams/data/land/wams_annual_mean_period.nc
  bWAMS mean=0.3286, min=-9.0000, max=7.0000

WAMS products saved successfully.
[WAMS] plot
Using device: cpu
=== Temperature WAMS plotting ===
Spatial domain  : land
Display domain  : land
Metric config   : /srv/data/mohammad.elaabaribao/work/interns/y2026/temp/ds_temp_intern/temp/era5_mswt/postproc/extreme/wams/config.yaml
Main config     : /srv/data/mohammad.elaabaribao/work/interns/y2026/temp/ds_temp_intern/temp/era5_mswt/main/configs/unet/unet_dropout_02.yaml
Input data dir  : /srv/data/mohammad.elaabaribao/work/interns/y2026/temp/ds_temp_intern/temp/era5_mswt/postproc/results/unet_dropout_02/metrics/wams/data/land
Output plot dir : /srv/data/mohammad.elaabaribao/work/interns/y2026/temp/ds_temp_intern/temp/era5_mswt/postproc/results/unet_dropout_02/metrics/wams/plots/land
[STEP] Loading WAMS fields
[STEP] Plotting annual WAMS comparison
[STEP] Plotting annual bWAMS map
[STEP] Plotting annual bWAMS boxplot
[SUCCESS] WAMS figures saved to: /srv/data/mohammad.elaabaribao/work/interns/y2026/temp/ds_temp_intern/temp/era5_mswt/postproc/results/unet_dropout_02/metrics/wams/plots/land
[WAMS] done

========== TEMPORAL METRICS ==========

--------------------------------------
[AC1]
Config: era5_mswt/postproc/temporal/ac1/config.yaml
--------------------------------------
[AC1] compute
Using device: cpu
=== Temperature AC1 postprocessing ===
Spatial domain   : land
Save mask        : True
Metric config   : /srv/data/mohammad.elaabaribao/work/interns/y2026/temp/ds_temp_intern/temp/era5_mswt/postproc/temporal/ac1/config.yaml
Main config     : /srv/data/mohammad.elaabaribao/work/interns/y2026/temp/ds_temp_intern/temp/era5_mswt/main/configs/unet/unet_dropout_02.yaml
Experiment root : /srv/data/mohammad.elaabaribao/work/interns/y2026/temp/ds_temp_intern/temp/era5_mswt/results/unet_dropout_02
Prediction file : /srv/data/mohammad.elaabaribao/work/interns/y2026/temp/ds_temp_intern/temp/era5_mswt/results/unet_dropout_02/output_data/unet1_predictions_mswt.nc
Observation file: /home/mohammad.elaabaribao/lustre/climat-um6p-st-iwri-7ksifkvwkuy/users/mohammad.elaabaribao/data/obs/mswep/mswt_1979_2020.nc
Time window     : 2006-01-01 -> 2020-12-31
Min valid pairs : 10
Data output dir : /srv/data/mohammad.elaabaribao/work/interns/y2026/temp/ds_temp_intern/temp/era5_mswt/postproc/results/unet_dropout_02/metrics/ac1/data/land
Plot output dir : /srv/data/mohammad.elaabaribao/work/interns/y2026/temp/ds_temp_intern/temp/era5_mswt/postproc/results/unet_dropout_02/metrics/ac1/plots/land
Prediction units : Unit unknown -> no automatic conversion applied.
Observation units: Already in Celsius.
Aligned shape    : pred=(5479, 160, 180), obs=(5479, 160, 180)
Spatial evaluation domain: land
Valid spatial pixels      : 17616
Computation pixels        : 17616
Saved summary CSV: /srv/data/mohammad.elaabaribao/work/interns/y2026/temp/ds_temp_intern/temp/era5_mswt/postproc/results/unet_dropout_02/metrics/ac1/data/land/ac1_summary.csv
Saved: /srv/data/mohammad.elaabaribao/work/interns/y2026/temp/ds_temp_intern/temp/era5_mswt/postproc/results/unet_dropout_02/metrics/ac1/data/land/ac1_annual_mean_period.nc
  bAC1 mean=0.0025, min=-0.0410, max=0.0523

AC1 products saved successfully.
[AC1] plot
Using device: cpu
=== Temperature AC1 plotting ===
Spatial domain  : land
Display domain  : land
Metric config   : /srv/data/mohammad.elaabaribao/work/interns/y2026/temp/ds_temp_intern/temp/era5_mswt/postproc/temporal/ac1/config.yaml
Main config     : /srv/data/mohammad.elaabaribao/work/interns/y2026/temp/ds_temp_intern/temp/era5_mswt/main/configs/unet/unet_dropout_02.yaml
Input data dir  : /srv/data/mohammad.elaabaribao/work/interns/y2026/temp/ds_temp_intern/temp/era5_mswt/postproc/results/unet_dropout_02/metrics/ac1/data/land
Output plot dir : /srv/data/mohammad.elaabaribao/work/interns/y2026/temp/ds_temp_intern/temp/era5_mswt/postproc/results/unet_dropout_02/metrics/ac1/plots/land
[STEP] Loading AC1 fields
[STEP] Plotting annual AC1 comparison
[STEP] Plotting annual bAC1 map
[STEP] Plotting annual bAC1 boxplot
[SUCCESS] AC1 figures saved to: /srv/data/mohammad.elaabaribao/work/interns/y2026/temp/ds_temp_intern/temp/era5_mswt/postproc/results/unet_dropout_02/metrics/ac1/plots/land
[AC1] done

--------------------------------------
[RSTD]
Config: era5_mswt/postproc/temporal/rstd/config.yaml
--------------------------------------
[RSTD] compute
Using device: cpu
=== Temperature RSTD postprocessing ===
Spatial domain   : land
Save mask        : True
Metric config   : /srv/data/mohammad.elaabaribao/work/interns/y2026/temp/ds_temp_intern/temp/era5_mswt/postproc/temporal/rstd/config.yaml
Main config     : /srv/data/mohammad.elaabaribao/work/interns/y2026/temp/ds_temp_intern/temp/era5_mswt/main/configs/unet/unet_dropout_02.yaml
Experiment root : /srv/data/mohammad.elaabaribao/work/interns/y2026/temp/ds_temp_intern/temp/era5_mswt/results/unet_dropout_02
Prediction file : /srv/data/mohammad.elaabaribao/work/interns/y2026/temp/ds_temp_intern/temp/era5_mswt/results/unet_dropout_02/output_data/unet1_predictions_mswt.nc
Observation file: /home/mohammad.elaabaribao/lustre/climat-um6p-st-iwri-7ksifkvwkuy/users/mohammad.elaabaribao/data/obs/mswep/mswt_1979_2020.nc
Time window     : 2006-01-01 -> 2020-12-31
Window          : 31
Min valid       : 10
Data output dir : /srv/data/mohammad.elaabaribao/work/interns/y2026/temp/ds_temp_intern/temp/era5_mswt/postproc/results/unet_dropout_02/metrics/rstd/data/land
Plot output dir : /srv/data/mohammad.elaabaribao/work/interns/y2026/temp/ds_temp_intern/temp/era5_mswt/postproc/results/unet_dropout_02/metrics/rstd/plots/land
Prediction units : Unit unknown -> no automatic conversion applied.
Observation units: Already in Celsius.
Aligned shape    : pred=(5479, 160, 180), obs=(5479, 160, 180)
Spatial evaluation domain: land
Valid spatial pixels      : 17616
Computation pixels        : 17616
Saved summary CSV: /srv/data/mohammad.elaabaribao/work/interns/y2026/temp/ds_temp_intern/temp/era5_mswt/postproc/results/unet_dropout_02/metrics/rstd/data/land/rstd_summary.csv
Saved: /srv/data/mohammad.elaabaribao/work/interns/y2026/temp/ds_temp_intern/temp/era5_mswt/postproc/results/unet_dropout_02/metrics/rstd/data/land/rstd_annual_mean_period.nc
  RSTD mean=0.9624, min=0.4094, max=1.5220

RSTD products saved successfully.
[RSTD] plot
/srv/data/mohammad.elaabaribao/work/interns/y2026/temp/ds_temp_intern/temp/era5_mswt/postproc/temporal/rstd/plot.py:355: MatplotlibDeprecationWarning: The 'labels' parameter of boxplot() has been renamed 'tick_labels' since Matplotlib 3.9; support for the old name will be dropped in 3.11.
  ax.boxplot(
Using device: cpu
=== Temperature RSTD plotting ===
Spatial domain  : land
Display domain  : land
Metric config   : /srv/data/mohammad.elaabaribao/work/interns/y2026/temp/ds_temp_intern/temp/era5_mswt/postproc/temporal/rstd/config.yaml
Main config     : /srv/data/mohammad.elaabaribao/work/interns/y2026/temp/ds_temp_intern/temp/era5_mswt/main/configs/unet/unet_dropout_02.yaml
Input data dir  : /srv/data/mohammad.elaabaribao/work/interns/y2026/temp/ds_temp_intern/temp/era5_mswt/postproc/results/unet_dropout_02/metrics/rstd/data/land
Output plot dir : /srv/data/mohammad.elaabaribao/work/interns/y2026/temp/ds_temp_intern/temp/era5_mswt/postproc/results/unet_dropout_02/metrics/rstd/plots/land
[STEP] Loading RSTD fields
[STEP] Plotting annual standard deviation comparison
[STEP] Plotting annual RSTD map
[STEP] Plotting annual RSTD boxplot
[SUCCESS] RSTD figures saved to: /srv/data/mohammad.elaabaribao/work/interns/y2026/temp/ds_temp_intern/temp/era5_mswt/postproc/results/unet_dropout_02/metrics/rstd/plots/land
[RSTD] done

======================================
 Postprocessing finished successfully
======================================
Found 10 metric configurations.
Found 24 model configurations to process.

==================================================
Processing model: config.yaml
==================================================

==================================================
Processing model: test.yaml
==================================================

==================================================
Processing model: config_cnn1.yaml
==================================================

==================================================
Processing model: config_bs32.yaml
==================================================

==================================================
Processing model: config_mse.yaml
==================================================

==================================================
Processing model: config_unet1_bs32.yaml
==================================================

==================================================
Processing model: unet_lr_5e4.yaml
==================================================

==================================================
Processing model: config_arch1.yaml
==================================================

==================================================
Processing model: unet_no_scheduler.yaml
==================================================

==================================================
Processing model: unet1_loss_mse.yaml
==================================================

==================================================
Processing model: unet_lr_1e4.yaml
==================================================

==================================================
Processing model: unet_bs_64.yaml
==================================================

==================================================
Processing model: unet2.yaml
==================================================

==================================================
Processing model: test_arch1.yaml
==================================================

==================================================
Processing model: unet1.yaml
==================================================

==================================================
Processing model: config_unet1_mse.yaml
==================================================

==================================================
Processing model: unet2_loss_mse.yaml
==================================================

==================================================
Processing model: config_arch.yaml
==================================================

==================================================
Processing model: unet1_loss_gaussian.yaml
==================================================

==================================================
Processing model: config_unet1_reg.yaml
==================================================

==================================================
Processing model: test_arch.yaml
==================================================

==================================================
Processing model: unet_weight_decay_1e3.yaml
==================================================

==================================================
Processing model: unet2_loss_gaussian.yaml
==================================================

==================================================
Processing model: unet_dropout_02.yaml
==================================================

Finished processing all models.
